lemma,pos,sentiment,markedness,n_synsets
100-procentowy,ADV,positive,+ s,4
abderyta,VERB,negative,- m,2
aberracyjny,ADV,negative,- s,1
abnegat,VERB,negative,- m,2
abnegatka,VERB,negative,- s,2
abominacja,VERB,negative,- m,2
aborcja,VERB,negative,- s,3
aborcjonista,VERB,negative,- s,2
aborcjonistka,VERB,negative,- s,1
aborterka,VERB,negative,- s,1
abs,VERB,negative,- s,2
absmak,VERB,negative,- s,4
absolutnie,ADJ,negative,- s,1
absolutystyczny,ADV,negative,- s,2
absolutyzować się,NOUN,negative,- s,2
absorbować się,NOUN,positive,+ s,1
abstrakcja,VERB,negative,- s,2
abstrakcyjnie,ADJ,positive,+ s,1
abstrakcyjność,VERB,negative,- s,2
abstrakcyjny,ADV,negative,- s,2
absurd,VERB,negative,- m,2
absurdalnie,ADJ,negative,- m,2
absurdalność,VERB,negative,- m,2
absurdalny,ADV,negative,- m,2
aby,ADJ,negative,- s,2
aby aby,ADJ,negative,- s,4
aby-aby,ADJ,negative,- s,4
adaptacja,VERB,positive,+ s,1
adaptatywny,ADV,positive,+ s,2
adekwatnie,ADJ,positive,+ s,2
adekwatność,VERB,positive,+ s,2
adekwatny,ADV,positive,+ s,2
adhd,VERB,negative,- s,2
adidas,VERB,negative,- s,4
admiracja,VERB,positive,+ s,2
adoptować,NOUN,positive,+ s,1
adoracja,VERB,positive,+ m,2
adoracyjny,ADV,negative,- s,2
adrenalina,VERB,positive,+ s,3
adrenalinka,VERB,positive,+ s,2
adrenalinowy,ADV,negative,- s,1
adwokacina,VERB,negative,- m,2
aerofobia,VERB,negative,- s,1
afekcja,VERB,negative,- s,4
afekt,VERB,positive,+ m,4
afektacja,VERB,negative,- m,2
afektowany,ADV,negative,- s,4
afera,VERB,negative,- m,4
afera koperkowa,VERB,negative,- s,2
afera rozporkowa,VERB,negative,- m,2
aferalnie,ADJ,negative,- s,2
aferalność,VERB,negative,- s,2
aferalny,ADV,negative,- s,4
aferka,VERB,negative,- s,4
aferogennie,ADJ,negative,- s,2
aferowy,ADV,negative,- s,4
aferzysta,VERB,negative,- s,6
aferzystka,VERB,negative,- s,6
afirmacyjnie,ADJ,positive,+ s,3
afirmacyjny,ADV,positive,+ s,2
afirmatywnie,ADJ,positive,+ s,1
afiszowanie,VERB,negative,- m,2
afiszowanie się,VERB,negative,- m,2
afiszowy,ADV,negative,- s,1
aforystycznie,ADJ,positive,+ s,1
aforystyczny,ADV,positive,+ s,2
afront,VERB,negative,- m,2
agapa,VERB,positive,+ s,2
agape,VERB,positive,+ m,1
agentura,VERB,negative,- s,2
agenturalnie,ADJ,negative,- s,3
agenturalny,ADV,negative,- m,2
agitacja,VERB,negative,- s,1
agitator,VERB,negative,- s,2
agonalny,ADV,negative,- m,2
agonia,VERB,negative,- s,2
agorafobia,VERB,negative,- m,2
agresja,VERB,negative,- m,4
agresja instrumentalna,VERB,negative,- s,1
agresor,VERB,negative,- m,4
agresywnie,ADJ,negative,- m,4
agresywność,VERB,negative,- m,2
agresywny,ADV,negative,- m,8
ahimsa,VERB,positive,+ s,1
ahinsa,VERB,positive,+ s,1
ahistorycznie,ADJ,negative,- s,1
akademicki,ADV,negative,- s,7
akademicko,ADJ,negative,- s,6
akademickość,VERB,negative,- s,3
akceptowalność,VERB,positive,+ s,2
akcyjnie,ADJ,negative,- s,2
akrofobia,VERB,negative,- m,2
aksamitnie,ADJ,positive,+ s,7
aksamitny,ADV,positive,+ s,6
aktor,VERB,negative,- m,2
aktorka,VERB,negative,- s,2
aktorzyna,VERB,negative,- m,2
aktualizacja,VERB,positive,+ s,3
aktualizować,NOUN,positive,+ s,2
aktualność,VERB,positive,+ s,2
aktualny,ADV,positive,+ s,1
aktyw,VERB,positive,+ s,1
aktywizm,VERB,positive,+ s,2
aktywizować,NOUN,positive,+ s,2
aktywizować się,NOUN,positive,+ s,2
aktywnie,ADJ,positive,+ s,5
aktywność,VERB,positive,+ s,2
aktywny,ADV,positive,+ s,7
aktywować się,NOUN,positive,+ s,2
akurat,ADV,positive,+ s,2
akuratnie,ADJ,positive,+ s,2
akuratny,ADV,positive,+ s,4
akwizytorski,ADV,negative,- s,2
akwizytorsko,ADJ,negative,- s,2
alarm,VERB,negative,- s,6
alarm ozonowy,VERB,negative,- s,2
alarm powodziowy,VERB,negative,- s,3
alarmista,VERB,negative,- s,2
alarmistycznie,ADJ,negative,- s,2
alarmistyczny,ADV,negative,- s,2
alarmować,NOUN,positive,+ s,2
alarmująco,ADJ,negative,- s,3
alarmujący,ADV,negative,- s,3
aleja sztywnych,VERB,negative,- m,1
alergennie,ADJ,negative,- s,2
alergenny,ADV,negative,- s,1
alergia,VERB,negative,- s,4
alergicznie,ADJ,negative,- s,4
alergiczny,ADV,negative,- m,2
alert,VERB,negative,- m,2
alfa i omega,VERB,positive,+ s,2
alfons,VERB,negative,- s,2
alfonsiak,VERB,negative,- m,2
alibi,VERB,positive,+ s,1
alienacja,VERB,negative,- s,2
alienować,NOUN,negative,- s,2
alienować się,NOUN,negative,- s,2
alimenciarz,VERB,negative,- s,2
alkoholizm,VERB,negative,- s,4
alkoholizować,NOUN,negative,- s,2
alkoholizować się,NOUN,negative,- s,3
alkoholowo,ADJ,negative,- s,1
alma mater,VERB,positive,+ s,1
alogicznie,ADJ,negative,- s,3
alogiczny,ADV,negative,- m,2
alternatywa,VERB,positive,+ s,2
alternatywność,VERB,positive,+ s,2
altruista,VERB,positive,+ s,3
altruistycznie,ADJ,positive,+ s,3
altruistyczny,ADV,positive,+ m,4
aluzyjny,ADV,negative,- s,1
amator kwaśnych jabłek,VERB,negative,- s,2
amatorka,VERB,negative,- s,2
amatorski,ADV,negative,- s,5
amatorsko,ADJ,negative,- s,2
amatorskość,VERB,negative,- s,4
amatorstwo,VERB,negative,- s,4
amatorszczyzna,VERB,negative,- m,2
ambarasować,NOUN,negative,- s,4
ambarasować się,NOUN,negative,- s,4
ambasador,VERB,positive,+ s,1
ambicjoner,VERB,negative,- m,2
ambicyjka,VERB,negative,- s,4
ambitnie,ADJ,positive,+ s,3
ambitność,VERB,positive,+ m,2
ambitny,ADV,positive,+ s,7
ambiwalencja,VERB,negative,- s,2
ambiwalentność,VERB,negative,- s,2
ambiwalentny,ADV,negative,- s,1
ambrozja,VERB,positive,+ m,2
ambrozyjski,ADV,positive,+ m,2
ambrozyjsko,ADJ,positive,+ s,3
amerykański,ADV,positive,+ s,1
amnezjogennie,ADJ,negative,- s,2
amnezjogenny,ADV,negative,- s,1
amnezyjnie,ADJ,negative,- s,2
amnezyjny,ADV,negative,- s,1
amok,VERB,negative,- s,3
amoniakowy,ADV,negative,- s,1
amoralnie,ADJ,negative,- m,2
amoralny,ADV,negative,- s,5
amorficznie,ADJ,negative,- s,1
amorficzny,ADV,negative,- s,1
amortyzować,NOUN,positive,+ s,1
amputacja,VERB,negative,- s,2
anachronicznie,ADJ,negative,- s,3
anachroniczność,VERB,negative,- s,3
anachroniczny,ADV,negative,- s,3
analfabeta,VERB,negative,- m,2
analfabetka,VERB,negative,- s,2
analfabetycznie,ADJ,negative,- s,2
analfabetyczny,ADV,negative,- s,2
analfabetyzm,VERB,negative,- m,2
analitycznie,ADJ,positive,+ s,1
analityczność,VERB,positive,+ s,2
analityczny,ADV,positive,+ s,2
analiza,VERB,positive,+ s,1
analny,ADV,negative,- m,2
ananas,VERB,positive,+ s,2
anarchicznie,ADJ,negative,- s,2
anarchiczny,ADV,negative,- s,2
anarchista,VERB,negative,- m,2
anarchistka,VERB,negative,- s,2
anarchizm,VERB,negative,- s,2
anarchizowanie,VERB,negative,- s,2
anarchizować,NOUN,negative,- s,2
anatomicznie,ADJ,positive,+ s,3
anatomiczny,ADV,positive,+ s,1
ancymon,VERB,positive,+ s,2
ancymonek,VERB,negative,- s,1
androny,VERB,negative,- s,2
andrus,VERB,positive,+ s,2
anegdota,VERB,positive,+ s,2
anegdotyczność,VERB,positive,+ s,2
anemicznie,ADJ,negative,- s,4
anemiczność,VERB,negative,- s,2
anemiczny,ADV,negative,- s,4
anemik,VERB,negative,- s,3
angażować,NOUN,positive,+ s,1
angielska flegma,VERB,negative,- s,1
anglofob,VERB,negative,- s,3
anglofobia,VERB,negative,- m,1
angolski,ADV,negative,- s,1
ani w ząb,ADJ,negative,- s,2
anielica,VERB,positive,+ m,2
anielski,ADV,positive,+ s,6
anielsko,ADJ,positive,+ s,8
anielskość,VERB,positive,+ m,2
anielstwo,VERB,positive,+ m,2
animalistyczny,ADV,negative,- s,1
animozja,VERB,negative,- m,2
anioł,VERB,positive,+ m,4
anioł stróż,VERB,negative,- s,3
aniołeczek,VERB,positive,+ s,1
aniołek,VERB,positive,+ s,3
aniołek charliego,VERB,positive,+ s,2
aniołkowato,ADJ,positive,+ s,2
aniołkowaty,ADV,positive,+ s,5
anonimowy,ADV,negative,- m,1
anoreksja gospodarcza,VERB,negative,- s,1
anorektyk,VERB,negative,- m,2
anormalnie,ADJ,negative,- s,4
anormalny,ADV,negative,- s,4
ansa,VERB,negative,- m,2
antagonistycznie,ADJ,negative,- s,1
antagonizm,VERB,negative,- m,2
antagonizować,NOUN,negative,- s,3
antagonizować się,NOUN,negative,- s,2
antifa,VERB,negative,- s,3
antyafrykański,ADV,negative,- s,1
antyalkoholowy,ADV,positive,+ s,1
antyarabski,ADV,negative,- s,1
antybakteryjnie,ADJ,positive,+ s,2
antybiałoruski,ADV,negative,- s,1
antybiurokratyczny,ADV,positive,+ s,2
antybodziec,VERB,negative,- s,2
antychryst,VERB,negative,- m,2
antychrześcijański,ADV,negative,- s,2
antychłopski,ADV,negative,- s,2
antycudzoziemski,ADV,negative,- s,1
antycukrzycowo,ADJ,positive,+ s,2
antycywilizacyjny,ADV,negative,- s,2
antyczeczeński,ADV,negative,- s,1
antycznie,ADJ,negative,- s,2
antyczny,ADV,negative,- s,2
antydemokratyczny,ADV,negative,- s,2
antydepresyjnie,ADJ,positive,+ s,4
antydepresyjny,ADV,positive,+ s,2
antyfan,VERB,negative,- s,1
antyfeminista,VERB,negative,- s,2
antyfeminizm,VERB,negative,- m,2
antyfutbol,VERB,negative,- s,1
antygejowski,ADV,negative,- s,2
antygrypowo,ADJ,positive,+ s,2
antygrzybicznie,ADJ,positive,+ s,3
antygrzybiczo,ADJ,positive,+ s,2
antyhigienicznie,ADJ,negative,- s,2
antyhigieniczny,ADV,negative,- m,1
antyhumanistyczny,ADV,negative,- s,3
antyhumanitarnie,ADJ,negative,- m,2
antyhumanitarny,ADV,negative,- s,6
antyimigrancki,ADV,negative,- s,1
antyintelektualista,VERB,negative,- s,2
antyintelektualistyczny,ADV,negative,- s,1
antyintelektualnie,ADJ,negative,- s,4
antyintelektualny,ADV,negative,- s,4
antyislamski,ADV,negative,- s,1
antyjudaizm,VERB,negative,- m,2
antykatolicki,ADV,negative,- s,2
antykatolicko,ADJ,negative,- s,2
antykatolik,VERB,negative,- s,1
antyklerykalnie,ADJ,positive,+ s,1
antykobiecy,ADV,negative,- m,4
antykonkurencyjny,ADV,negative,- s,1
antykonstytucyjnie,ADJ,negative,- s,1
antykonstytucyjny,ADV,negative,- s,1
antykonsumencki,ADV,negative,- s,2
antykorozyjnie,ADJ,positive,+ s,1
antykorupcyjny,ADV,positive,+ s,1
antykościelny,ADV,negative,- s,1
antykryzysowy,ADV,positive,+ s,4
antyludowy,ADV,negative,- s,2
antyludzki,ADV,negative,- m,4
antyluterański,ADV,negative,- s,1
antylękowo,ADJ,positive,+ s,2
antymichnikowski,ADV,negative,- s,1
antymillerowski,ADV,negative,- s,1
antymiłoszowski,ADV,negative,- s,1
antymormoński,ADV,negative,- s,1
antymugolski,ADV,negative,- s,1
antymurzyński,ADV,negative,- s,2
antymuzułmański,ADV,negative,- s,1
antymęski,ADV,negative,- s,2
antynarodowo,ADJ,negative,- s,2
antynarodowy,ADV,negative,- s,2
antynauczycielski,ADV,negative,- s,2
antynaukowy,ADV,negative,- s,2
antyobywatelski,ADV,negative,- s,4
antyodżywczy,ADV,negative,- s,2
antyojcowski,ADV,negative,- s,2
antypatia,VERB,negative,- m,2
antypatriotycznie,ADJ,negative,- s,2
antypatriotyzm,VERB,negative,- m,2
antypatycznie,ADJ,negative,- m,2
antypatyczność,VERB,negative,- m,2
antypatyczny,ADV,negative,- m,4
antypody,VERB,negative,- s,2
antypokojowo,ADJ,negative,- s,2
antypolski,ADV,negative,- s,3
antypolsko,ADJ,negative,- s,2
antyreligia,VERB,negative,- m,1
antyreligijny,ADV,negative,- s,1
antyrobotniczy,ADV,negative,- s,1
antyrodzinny,ADV,negative,- s,2
antysanitarny,ADV,negative,- m,1
antysemicki,ADV,negative,- s,2
antysemicko,ADJ,negative,- s,2
antysemita,VERB,negative,- m,2
antysemityzm,VERB,negative,- m,2
antyseptycznie,ADJ,positive,+ s,2
antyseptyczny,ADV,negative,- s,1
antyslawizm,VERB,negative,- m,2
antysolidarnościowy,ADV,negative,- s,1
antyspekulacyjny,ADV,positive,+ s,1
antyspołecznie,ADJ,negative,- s,3
antyspołeczny,ADV,negative,- s,2
antystarzeniowo,ADJ,positive,+ s,1
antyszambrować,NOUN,negative,- s,1
antysztuka,VERB,negative,- m,2
antytalent,VERB,negative,- s,4
antytotalitarnie,ADJ,positive,+ s,1
antywibracyjny,ADV,positive,+ s,1
antywirus,VERB,positive,+ s,1
antywychowawczy,ADV,negative,- m,2
antywymiotnie,ADJ,positive,+ s,1
antywłamaniowy,ADV,positive,+ s,1
antyzapalnie,ADJ,positive,+ s,2
antyzwiązkowy,ADV,negative,- s,2
antyświadectwo,VERB,negative,- s,2
antyżydowski,ADV,negative,- s,3
antyżydowsko,ADJ,negative,- s,3
antyżydowskość,VERB,negative,- m,2
antyżylakowo,ADJ,positive,+ s,2
antyżywieniowy,ADV,negative,- s,2
apanaże,VERB,negative,- s,1
aparatczyk,VERB,negative,- m,2
apasz,VERB,negative,- s,2
apatia,VERB,negative,- m,2
apatycznie,ADJ,negative,- s,4
apatyczny,ADV,negative,- s,6
apetycznie,ADJ,positive,+ s,7
apetyczny,ADV,positive,+ s,6
apodyktycznie,ADJ,negative,- s,3
apodyktyczność,VERB,negative,- m,2
apodyktyczny,ADV,negative,- s,4
apokalipsa,VERB,negative,- m,5
apokaliptycznie,ADJ,negative,- m,6
apokaliptyczny,ADV,negative,- s,5
apokryficzność,VERB,negative,- s,2
apokryficzny,ADV,negative,- s,2
apolitycznie,ADJ,positive,+ s,1
apostata,VERB,negative,- s,1
apostołować,NOUN,positive,+ s,2
apotropaicznie,ADJ,positive,+ s,1
apotropeicznie,ADJ,positive,+ s,1
aprobatywny,ADV,positive,+ s,2
aprobująco,ADJ,positive,+ s,2
aprobujący,ADV,positive,+ s,1
apteczka,VERB,positive,+ m,1
arabus,VERB,negative,- s,3
arbiter,VERB,positive,+ s,2
arbiter elegantiarum,VERB,positive,+ m,2
arbitralnie,ADJ,negative,- s,4
arbitralność,VERB,negative,- s,3
arbitralny,ADV,negative,- s,4
archaicznie,ADJ,negative,- s,2
archaiczność,VERB,negative,- s,3
archaiczny,ADV,negative,- s,2
archaika,VERB,negative,- s,1
archaizować się,NOUN,negative,- s,2
arcybogaty,ADV,positive,+ m,2
arcybrzydki,ADV,negative,- s,12
arcyciekaw,ADV,positive,+ s,1
arcyciekawie,ADJ,positive,+ m,2
arcyciekawy,ADV,positive,+ s,6
arcydelikatny,ADV,positive,+ s,9
arcydowcipny,ADV,positive,+ m,4
arcydzielny,ADV,positive,+ s,13
arcydzieło,VERB,positive,+ s,5
arcykatolicki,ADV,negative,- s,3
arcykatolicko,ADJ,negative,- s,2
arcylojalny,ADV,positive,+ m,2
arcymistrz,VERB,positive,+ m,2
arcymiły,ADV,positive,+ m,6
arcyniemiły,ADV,negative,- m,6
arcynudny,ADV,negative,- m,2
arcypięknie,ADJ,positive,+ m,2
arcypiękny,ADV,positive,+ m,2
arcypoważny,ADV,negative,- m,4
arcypożyteczny,ADV,positive,+ m,2
arcysmaczny,ADV,positive,+ s,5
arcytrudny,ADV,negative,- m,2
arcyważny,ADV,positive,+ m,2
arcywróg,VERB,negative,- s,2
arcywspaniały,ADV,positive,+ m,8
arcyłgarz,VERB,negative,- m,2
arcyśmiesznie,ADJ,positive,+ m,2
arealny,ADV,negative,- s,2
argumentacja,VERB,positive,+ s,1
arka noego,VERB,positive,+ s,2
arka przymierza,VERB,positive,+ s,1
arkadia,VERB,positive,+ s,3
arkadyjski,ADV,positive,+ m,2
arkadyjsko,ADJ,positive,+ s,3
arkadyjskość,VERB,positive,+ m,2
armijka,VERB,negative,- s,1
arogancki,ADV,negative,- m,4
arogancko,ADJ,negative,- m,2
aroganckość,VERB,negative,- m,2
arogant,VERB,negative,- m,2
aromatycznie,ADJ,positive,+ s,2
aromatyczny,ADV,positive,+ s,3
artretycznie,ADJ,negative,- s,2
artretyczny,ADV,negative,- s,4
artysta,VERB,positive,+ m,2
artystycznie,ADJ,positive,+ s,3
artystyczność,VERB,positive,+ s,2
artystyczny,ADV,positive,+ m,2
artystyczny nieład,VERB,negative,- s,2
artyzm,VERB,positive,+ m,2
arystokratycznie,ADJ,positive,+ s,2
arystokratyczny,ADV,positive,+ s,2
arywista,VERB,negative,- m,2
as,VERB,positive,+ m,2
as atutowy,VERB,positive,+ s,2
as przestworzy,VERB,positive,+ s,3
as serwisowy,VERB,positive,+ s,1
as wywiadu,VERB,positive,+ s,1
ascetyczność,VERB,negative,- s,2
aseksualny,ADV,negative,- s,2
asekuracyjnie,ADJ,positive,+ s,2
asekuracyjny,ADV,positive,+ s,1
asekurancki,ADV,negative,- s,2
asekurancko,ADJ,negative,- s,2
asekuranctwo,VERB,negative,- m,2
asekurantyzm,VERB,negative,- m,2
aseptycznie,ADJ,negative,- s,4
aseptyczny,ADV,negative,- s,1
asertywnie,ADJ,positive,+ s,4
asertywny,ADV,positive,+ s,2
asocjalnie,ADJ,negative,- s,2
asocjalny,ADV,negative,- s,4
aspiracyjny,ADV,positive,+ s,2
aspołecznie,ADJ,negative,- s,4
aspołeczność,VERB,negative,- s,4
aspołeczny,ADV,negative,- s,9
astmatycznie,ADJ,negative,- s,2
astmatyczny,ADV,negative,- s,2
astralnie,ADJ,positive,+ m,2
astralny,ADV,negative,- s,2
astronomiczny,ADV,negative,- m,4
asymetrycznie,ADJ,negative,- s,2
asymetryczny,ADV,negative,- s,1
asysta,VERB,positive,+ s,1
atak,VERB,negative,- m,2
atak frontalny,VERB,negative,- s,3
atakować,NOUN,negative,- s,13
atencja,VERB,positive,+ s,2
atest,VERB,positive,+ s,1
atleta,VERB,positive,+ m,2
atletycznie,ADJ,positive,+ s,2
atletyczny,ADV,positive,+ s,4
atrakcja,VERB,positive,+ s,2
atrakcyjnie,ADJ,positive,+ s,4
atrakcyjność,VERB,positive,+ s,4
atrakcyjny,ADV,positive,+ s,6
atrapa,VERB,negative,- s,3
atrofia,VERB,negative,- m,2
atut,VERB,positive,+ s,2
atutowy,ADV,positive,+ s,2
atłasowy,ADV,positive,+ s,2
augur,VERB,positive,+ s,2
aureola,VERB,positive,+ m,1
austrofob,VERB,negative,- s,2
autentycznie,ADJ,positive,+ s,8
autentyczność,VERB,positive,+ s,4
autentyczny,ADV,positive,+ s,11
autentyka,VERB,positive,+ s,4
autentyzm,VERB,positive,+ s,2
autko,VERB,positive,+ s,1
autoagresja,VERB,negative,- m,2
autodestrukcja,VERB,negative,- m,2
autodestrukcyjnie,ADJ,negative,- s,3
autodestrukcyjny,ADV,negative,- s,3
autofilia,VERB,negative,- s,2
autoironicznie,ADJ,positive,+ s,2
autoironiczny,ADV,positive,+ s,4
autokrata,VERB,negative,- m,2
autokratycznie,ADJ,negative,- m,2
autokratyczny,ADV,negative,- m,2
autokrytyczny,ADV,negative,- s,1
automatyczny,ADV,positive,+ s,2
autonomia,VERB,positive,+ s,2
autonomicznie,ADJ,positive,+ s,4
autonomiczność,VERB,positive,+ s,2
autonomiczny,ADV,positive,+ s,5
autonomizm,VERB,positive,+ s,2
autorefleksyjny,ADV,positive,+ s,2
autorytarnie,ADJ,negative,- m,2
autorytarny,ADV,negative,- m,2
autorytatywnie,ADJ,positive,+ s,5
autorytatywność,VERB,negative,- s,2
autorytatywny,ADV,negative,- s,4
autorytet,VERB,positive,+ m,2
awangarda,VERB,positive,+ s,2
awans,VERB,positive,+ s,6
awansować,NOUN,positive,+ s,2
awantura,VERB,positive,+ s,5
awantura arabska,VERB,negative,- m,2
awanturnica,VERB,negative,- s,2
awanturnictwo,VERB,negative,- m,2
awanturniczo,ADJ,negative,- s,4
awanturniczy,ADV,negative,- s,9
awanturnik,VERB,negative,- s,4
awanturny,ADV,negative,- s,8
awaria,VERB,negative,- s,2
awaryjnie,ADJ,positive,+ s,3
awaryjność,VERB,negative,- s,1
awaryjny,ADV,negative,- s,2
awersja,VERB,negative,- m,2
awersyjny,ADV,negative,- s,2
awykonalny,ADV,negative,- s,1
azjatycki tygrys,VERB,positive,+ s,1
azyl,VERB,positive,+ s,6
baba,VERB,negative,- s,4
baba jaga,VERB,negative,- m,2
baba-chłop,VERB,negative,- m,2
baba-jaga,VERB,negative,- m,2
babi,ADV,negative,- s,2
babiarz,VERB,negative,- m,2
babie lato,VERB,positive,+ s,1
babka,VERB,negative,- s,2
babkowaty,ADV,negative,- s,2
babochłop,VERB,negative,- m,2
babon,VERB,negative,- m,2
babrać,NOUN,negative,- s,17
babrać się,NOUN,negative,- s,13
babrała,VERB,negative,- s,2
babski,ADV,negative,- s,2
babsko,ADJ,negative,- s,2
babsko,VERB,negative,- m,2
babsztyl,VERB,negative,- m,2
babula,VERB,positive,+ s,2
babunia,VERB,positive,+ m,2
babus,VERB,negative,- m,2
babusia,VERB,positive,+ s,2
babuśka,VERB,positive,+ s,2
bachanalia,VERB,negative,- s,1
bachanalie,VERB,negative,- s,1
bachantka,VERB,negative,- s,2
bachnąć,NOUN,negative,- s,5
bachnąć się,NOUN,negative,- s,6
bachor,VERB,negative,- m,2
bacować,NOUN,positive,+ s,1
bacznie,ADJ,positive,+ s,2
baczny,ADV,positive,+ s,2
baczyć,NOUN,positive,+ s,2
badaczka,VERB,positive,+ s,1
badawczo,ADJ,positive,+ s,4
badawczość,VERB,positive,+ s,2
badać,NOUN,positive,+ s,5
badyl,VERB,negative,- s,2
badylarz,VERB,negative,- s,2
badylasty,ADV,negative,- s,1
badziewiarski,ADV,negative,- m,4
badziewie,VERB,negative,- s,2
badziewnie,ADJ,negative,- s,3
badziewny,ADV,negative,- m,4
bagatelny,ADV,negative,- s,3
bagienko,VERB,negative,- s,3
bagno,VERB,negative,- m,2
bajać,NOUN,negative,- s,7
bajdurzyć,NOUN,negative,- s,5
bajdurzyć się,NOUN,negative,- s,2
bajecznie,ADJ,positive,+ s,5
bajeczność,VERB,positive,+ m,2
bajeczny,ADV,positive,+ m,4
bajerancki,ADV,positive,+ m,2
bajerancko,ADJ,positive,+ s,3
bajerant,VERB,negative,- m,2
bajerować,NOUN,negative,- s,3
bajkowo,ADJ,positive,+ s,2
bajkowość,VERB,positive,+ m,2
bajkowy,ADV,positive,+ m,2
bajtel,VERB,positive,+ s,1
bajzel,VERB,negative,- s,5
bakteriobójczo,ADJ,positive,+ s,1
bakteriostatycznie,ADJ,positive,+ s,1
bakteryjnie,ADJ,negative,- s,1
balansować,NOUN,positive,+ s,3
balas,VERB,negative,- s,1
balast,VERB,negative,- m,2
balastować,NOUN,negative,- s,3
balecik,VERB,negative,- s,2
baletować,NOUN,positive,+ s,3
balety,VERB,positive,+ s,2
balon,VERB,negative,- s,2
balować,NOUN,positive,+ s,10
balsamicznie,ADJ,positive,+ s,6
balsamiczny,ADV,positive,+ s,6
bamber,VERB,negative,- s,2
bambetle,VERB,negative,- s,1
banalnie,ADJ,negative,- s,5
banalność,VERB,negative,- s,2
banalny,ADV,negative,- m,4
banan,VERB,negative,- s,6
bananowa młodzież,VERB,negative,- s,2
bananowiec,VERB,negative,- m,2
bananowy,ADV,negative,- s,2
banda,VERB,positive,+ s,6
banderowiec,VERB,negative,- s,2
banderowski,ADV,negative,- s,1
bandycki,ADV,negative,- m,6
bandycko,ADJ,negative,- m,4
bandyckość,VERB,negative,- m,2
bandyta,VERB,negative,- m,2
bandytyzm,VERB,negative,- m,2
bandzior,VERB,negative,- s,3
banglać,NOUN,positive,+ s,2
bania,VERB,negative,- s,4
banita,VERB,negative,- s,3
bankowo,ADJ,positive,+ m,1
bankructwo,VERB,negative,- m,2
bankrut,VERB,negative,- s,4
bankrutka,VERB,negative,- s,1
baran,VERB,negative,- m,2
baranek,VERB,positive,+ s,2
barani łeb,VERB,negative,- m,2
barania głowa,VERB,negative,- m,2
baraszki,VERB,positive,+ s,2
barbaria,VERB,negative,- m,1
barbarzyńca,VERB,negative,- m,2
barbarzyński,ADV,negative,- m,6
barbarzyńsko,ADJ,negative,- s,10
barbarzyńskość,VERB,negative,- s,4
barbie,VERB,negative,- s,2
barczysty,ADV,positive,+ s,1
bariera,VERB,negative,- s,2
bariera architektoniczna,VERB,negative,- s,1
bariera językowa,VERB,negative,- s,2
bariera techniczna,VERB,negative,- s,1
barokowo,ADJ,negative,- s,2
barowa aura,VERB,negative,- s,2
barowa pogoda,VERB,negative,- s,2
barowo,ADJ,negative,- s,2
barowy,ADV,negative,- s,2
barwić,NOUN,positive,+ s,2
barwić się,NOUN,positive,+ s,4
barwnie,ADJ,positive,+ s,3
barwny,ADV,positive,+ m,2
baryłkowaty,ADV,negative,- s,2
barłóg,VERB,negative,- s,1
basałyk,VERB,positive,+ s,2
bastard,VERB,negative,- s,2
bastardowy,ADV,negative,- s,2
bastion,VERB,positive,+ s,1
bat,VERB,negative,- s,1
batalia,VERB,negative,- m,2
batożnik,VERB,negative,- m,2
baty,VERB,negative,- m,2
bawiać się,NOUN,positive,+ s,4
bawidamek,VERB,negative,- s,2
bawić,NOUN,positive,+ s,6
bawić się,NOUN,negative,- s,13
bawół,VERB,negative,- s,2
bazgracz,VERB,negative,- m,2
bazgrać,NOUN,negative,- s,6
bazgrała,VERB,negative,- m,2
bazgrolić,NOUN,negative,- s,5
bazgrot,VERB,negative,- s,2
bazyliszek,VERB,negative,- m,2
bazyliszkowaty,ADV,negative,- m,2
bałagan,VERB,negative,- s,2
bałaganiarski,ADV,negative,- s,4
bałaganiarsko,ADJ,negative,- s,2
bałaganiarstwo,VERB,negative,- m,2
bałaganiarz,VERB,negative,- s,2
bałaganić,NOUN,negative,- s,5
bałaganić się,NOUN,negative,- s,4
bałaguła,VERB,negative,- s,4
bałamut,VERB,negative,- s,3
bałamutnie,ADJ,negative,- s,4
bałamutnik,VERB,negative,- s,2
bałamutność,VERB,negative,- m,2
bałamutny,ADV,negative,- s,8
bałwan,VERB,negative,- m,2
bałwaniasty,ADV,negative,- m,2
bałwaństwo,VERB,negative,- m,2
bałwochwalca,VERB,negative,- m,4
bałwochwalczo,ADJ,negative,- s,3
bałwochwalczy,ADV,negative,- m,2
bałwochwalski,ADV,negative,- m,2
bałwochwalsko,ADJ,negative,- s,3
bałwochwalstwo,VERB,negative,- m,2
bańka,VERB,negative,- s,2
bańka kredytowa,VERB,negative,- m,2
bańka mydlana,VERB,negative,- s,2
baśniowo,ADJ,positive,+ s,6
baśniowość,VERB,positive,+ m,2
baśniowy,ADV,positive,+ s,4
bean,VERB,negative,- m,2
beania,VERB,negative,- s,1
bebechowaty,ADV,negative,- s,2
bebechowy,ADV,negative,- s,2
bebeszyć,NOUN,negative,- s,2
bech,VERB,negative,- s,2
beczeć,NOUN,negative,- s,4
beczka bez dna,VERB,negative,- s,6
beczkowaty,ADV,negative,- s,2
beczkowo,ADJ,positive,+ s,2
beczułkowaty,ADV,negative,- s,2
bek,VERB,negative,- s,2
beka,VERB,positive,+ s,2
beksa,VERB,negative,- s,2
beksa-lala,VERB,negative,- s,2
belferski,ADV,negative,- s,2
belzebub,VERB,negative,- m,2
benedyktyńska cierpliwość,VERB,positive,+ m,2
benedyktyński,ADV,positive,+ s,4
benedyktyńsko,ADJ,positive,+ s,5
beneficjent,VERB,positive,+ s,2
beneficjum,VERB,positive,+ s,2
beniaminek,VERB,positive,+ s,3
berbeć,VERB,positive,+ s,1
bessa,VERB,negative,- s,1
besserwisser,VERB,negative,- m,2
besserwisserstwo,VERB,negative,- m,2
bestia,VERB,negative,- s,7
bestialski,ADV,negative,- m,4
bestialsko,ADJ,negative,- m,2
bestialstwo,VERB,negative,- m,2
bestseler,VERB,positive,+ s,1
bestselerowy,ADV,positive,+ m,1
bestseller,VERB,positive,+ s,3
bestsellerowy,ADV,positive,+ m,1
beton,VERB,negative,- s,2
betonowa pustynia,VERB,negative,- s,1
betonowe buty,VERB,negative,- s,3
betonowy,ADV,negative,- m,2
bez dwóch zdań,ADJ,positive,+ s,1
bez kozery,ADJ,negative,- s,3
bez pardonu,ADJ,negative,- m,2
bez porównania,ADJ,positive,+ s,1
bez porównania,ADV,positive,+ s,1
bez przesady,ADJ,positive,+ s,2
bez przesadyzmu,ADJ,positive,+ s,2
bez spiny,ADJ,positive,+ s,2
bez szaleństw,ADJ,positive,+ s,3
bez wazeliny,ADJ,negative,- s,4
bez zaproszenia,ADJ,negative,- s,2
bez zarzutu,ADJ,positive,+ m,2
bezapelacyjność,VERB,positive,+ s,2
bezapelacyjny,ADV,positive,+ s,1
bezawaryjnie,ADJ,positive,+ s,2
bezawaryjność,VERB,positive,+ m,2
bezawaryjny,ADV,positive,+ s,3
bezbarwnie,ADJ,negative,- s,3
bezbarwność,VERB,negative,- m,2
bezbarwny,ADV,negative,- s,4
bezbiletowy,ADV,positive,+ s,1
bezbolesność,VERB,positive,+ s,2
bezbolesny,ADV,positive,+ s,6
bezboleśnie,ADJ,positive,+ s,6
bezbożnie,ADJ,negative,- s,6
bezbożnik,VERB,negative,- m,2
bezbożny,ADV,negative,- s,9
bezbronnie,ADJ,negative,- s,5
bezbronność,VERB,negative,- s,4
bezbronny,ADV,negative,- s,6
bezbłędnie,ADJ,positive,+ m,2
bezbłędność,VERB,positive,+ m,2
bezbłędny,ADV,positive,+ m,4
bezcelowo,ADJ,negative,- s,3
bezcelowość,VERB,negative,- s,4
bezcelowy,ADV,negative,- s,2
bezcennie,ADJ,positive,+ s,5
bezcenny,ADV,positive,+ m,4
bezceremonialnie,ADJ,negative,- s,3
bezceremonialność,VERB,negative,- s,2
bezceremonialny,ADV,negative,- s,4
bezchmurnie,ADJ,positive,+ s,1
bezchmurny,ADV,positive,+ s,4
bezciśnieniowy,ADV,positive,+ s,2
bezczasowo,ADJ,positive,+ s,2
bezczasowość,VERB,positive,+ m,2
bezczasowy,ADV,positive,+ s,2
bezczel,VERB,negative,- s,2
bezczelnie,ADJ,negative,- s,3
bezczelnik,VERB,negative,- s,2
bezczelność,VERB,negative,- m,4
bezczelny,ADV,negative,- m,4
bezczucie,VERB,negative,- m,2
bezczuciowy,ADV,negative,- s,6
bezczyn,VERB,negative,- s,2
bezczynnie,ADJ,negative,- s,4
bezczynność,VERB,negative,- s,3
bezczynny,ADV,negative,- s,6
bezdennie,ADJ,negative,- s,4
bezdenny,ADV,negative,- s,4
bezdomnie,ADJ,negative,- s,2
bezdomność,VERB,negative,- s,5
bezdomny,ADV,negative,- s,3
bezdomny,VERB,negative,- s,2
bezdrożny,ADV,negative,- s,2
bezdusznie,ADJ,negative,- s,6
bezdusznik,VERB,negative,- m,2
bezduszność,VERB,negative,- m,2
bezduszny,ADV,negative,- s,12
bezeceństwo,VERB,negative,- m,2
bezecnie,ADJ,negative,- m,2
bezecnik,VERB,negative,- m,2
bezecność,VERB,negative,- s,4
bezecny,ADV,negative,- m,4
bezforemny,ADV,negative,- s,1
bezgrzesznie,ADJ,positive,+ s,3
bezgrzeszność,VERB,positive,+ s,2
bezgrzeszny,ADV,positive,+ m,2
bezguście,VERB,negative,- s,6
bezhołowie,VERB,negative,- s,2
bezideowiec,VERB,negative,- s,2
bezideowość,VERB,negative,- s,4
bezimiennie,ADJ,negative,- s,1
bezimienny,ADV,negative,- m,1
bezinteresownie,ADJ,positive,+ s,3
bezinteresowność,VERB,positive,+ s,4
bezinteresowny,ADV,positive,+ m,4
bezinwazyjnie,ADJ,positive,+ s,1
bezinwazyjność,VERB,positive,+ s,2
bezkarnie,ADJ,negative,- s,4
bezkarny,ADV,negative,- s,3
bezkierunkowo,ADJ,negative,- s,2
bezkierunkowość,VERB,negative,- s,2
bezkierunkowy,ADV,negative,- s,4
bezkolizyjnie,ADJ,positive,+ s,4
bezkolizyjny,ADV,positive,+ s,2
bezkonfliktowo,ADJ,positive,+ s,2
bezkonfliktowość,VERB,positive,+ s,2
bezkonfliktowy,ADV,positive,+ s,4
bezkonkurencyjnie,ADJ,positive,+ m,2
bezkonkurencyjny,ADV,positive,+ m,4
bezkostny,ADV,negative,- s,2
bezkrwawie,ADJ,positive,+ s,4
bezkrwawo,ADJ,positive,+ s,4
bezkrwawy,ADV,positive,+ s,2
bezkrwistość,VERB,negative,- s,2
bezkrwisty,ADV,negative,- s,4
bezkrytycyzm,VERB,negative,- s,1
bezkrytycznie,ADJ,negative,- s,1
bezkrytyczność,VERB,negative,- s,1
bezkrytyczny,ADV,negative,- s,4
bezkształtnie,ADJ,negative,- s,4
bezkształtny,ADV,negative,- s,4
bezlicy,ADV,negative,- s,1
bezlitosny,ADV,negative,- m,10
bezlitośnie,ADJ,negative,- m,3
bezludzie,VERB,negative,- s,1
bezmyślnie,ADJ,negative,- s,4
bezmyślność,VERB,negative,- m,2
bezmyślny,ADV,negative,- s,7
bezmózg,VERB,negative,- m,2
bezmózgi,ADV,negative,- m,6
bezmózgowiec,VERB,negative,- m,2
beznadzieja,VERB,negative,- s,3
beznadziejnie,ADJ,negative,- m,6
beznadziejność,VERB,negative,- s,3
beznadziejny,ADV,negative,- m,4
beznamiętnie,ADJ,negative,- s,2
beznamiętność,VERB,negative,- m,2
beznogi,ADV,negative,- s,2
bezobjawowo,ADJ,negative,- s,1
bezobjawowy,ADV,negative,- s,1
bezobrazowy,ADV,negative,- s,2
bezobsługowość,VERB,positive,+ s,1
bezobłoczny,ADV,positive,+ s,2
bezosobowo,ADJ,negative,- s,6
bezosobowość,VERB,negative,- s,2
bezosobowy,ADV,negative,- s,2
bezowocnie,ADJ,negative,- s,3
bezowocność,VERB,negative,- s,2
bezowocny,ADV,negative,- m,2
bezpamiętny,ADV,negative,- s,2
bezpardonowo,ADJ,negative,- s,3
bezpardonowy,ADV,negative,- s,5
bezpański,ADV,negative,- m,2
bezpańsko,ADJ,negative,- s,5
bezpańskość,VERB,negative,- s,2
bezpieczeństwo,VERB,positive,+ s,5
bezpiecznie,ADJ,positive,+ s,6
bezpieczny,ADV,positive,+ s,7
bezpieka,VERB,negative,- m,2
bezplanowo,ADJ,negative,- s,2
bezplanowość,VERB,negative,- s,2
bezplanowy,ADV,negative,- s,2
bezpodstawnie,ADJ,negative,- s,3
bezpodstawność,VERB,negative,- m,2
bezpodstawny,ADV,negative,- m,2
bezpostaciowo,ADJ,negative,- s,2
bezpostaciowy,ADV,negative,- s,3
bezpotrzebny,ADV,negative,- s,2
bezpowrotnie,ADJ,negative,- m,1
bezpowrotność,VERB,negative,- s,3
bezpowrotny,ADV,negative,- s,5
bezpożytecznie,ADJ,negative,- s,2
bezprawnie,ADJ,negative,- m,2
bezprawność,VERB,negative,- s,2
bezprawny,ADV,negative,- m,2
bezpretensjonalnie,ADJ,positive,+ s,6
bezpretensjonalność,VERB,positive,+ s,2
bezpretensjonalny,ADV,positive,+ s,8
bezproblemowo,ADJ,positive,+ s,4
bezproblemowość,VERB,positive,+ s,6
bezproblemowy,ADV,positive,+ s,6
bezproduktywnie,ADJ,negative,- s,4
bezproduktywność,VERB,negative,- s,6
bezproduktywny,ADV,negative,- m,6
bezprogramowy,ADV,negative,- s,1
bezprzedmiotowo,ADJ,negative,- s,2
bezprzedmiotowość,VERB,negative,- m,2
bezprzedmiotowy,ADV,negative,- s,2
bezprzykładnie,ADJ,positive,+ m,1
bezprzykładny,ADV,positive,+ m,2
bezprzytomnie,ADJ,negative,- s,2
bezprzytomny,ADV,negative,- m,2
bezpłatność,VERB,positive,+ s,2
bezpłatny,ADV,positive,+ s,1
bezpłciowiec,VERB,negative,- s,2
bezpłciowo,ADJ,negative,- s,3
bezpłciowość,VERB,negative,- m,2
bezpłciowy,ADV,negative,- m,2
bezpłodnie,ADJ,negative,- s,6
bezpłodność,VERB,negative,- s,3
bezpłodny,ADV,negative,- s,8
bezradnie,ADJ,negative,- s,6
bezradność,VERB,negative,- s,4
bezradny,ADV,negative,- s,6
bezradosny,ADV,negative,- s,6
bezrefleksyjnie,ADJ,negative,- s,2
bezrefleksyjność,VERB,negative,- s,2
bezrefleksyjny,ADV,negative,- s,4
bezrozumnie,ADJ,negative,- s,3
bezrozumność,VERB,negative,- s,2
bezrozumny,ADV,negative,- m,4
bezruchowy,ADV,negative,- s,2
bezrybie,VERB,negative,- s,2
bezsennie,ADJ,negative,- s,3
bezsenność,VERB,negative,- s,1
bezsenny,ADV,negative,- s,8
bezsens,VERB,negative,- m,2
bezsensownie,ADJ,negative,- s,6
bezsensowność,VERB,negative,- m,4
bezsensowny,ADV,negative,- m,3
bezsensowy,ADV,negative,- m,2
bezsilnie,ADJ,negative,- s,3
bezsilność,VERB,negative,- m,2
bezsilny,ADV,negative,- s,6
bezsiła,VERB,negative,- s,3
bezskutecznie,ADJ,negative,- s,3
bezskuteczność,VERB,negative,- s,2
bezskuteczny,ADV,negative,- m,2
bezsmakowo,ADJ,negative,- s,2
bezsmakowy,ADV,negative,- s,4
bezspornie,ADJ,positive,+ s,2
bezsporność,VERB,positive,+ s,2
bezsporny,ADV,positive,+ s,2
bezstratny,ADV,positive,+ s,2
bezstresowo,ADJ,positive,+ s,3
bezstresowy,ADV,positive,+ s,2
bezstronnie,ADJ,positive,+ s,2
bezstronność,VERB,positive,+ s,2
bezstronny,ADV,positive,+ s,4
bezstylowość,VERB,negative,- s,2
bezstylowy,ADV,negative,- s,2
bezszelestny,ADV,positive,+ s,1
bezszkodowość,VERB,positive,+ s,1
bezszmerowo,ADJ,positive,+ s,2
bezszmerowy,ADV,positive,+ s,2
bezsłoneczny,ADV,negative,- s,4
beztalencie,VERB,negative,- s,4
beztreściowość,VERB,negative,- s,2
beztreściowy,ADV,negative,- s,2
beztreściwie,ADJ,negative,- s,2
beztreściwy,ADV,negative,- s,2
beztroska,VERB,positive,+ s,3
beztroski,ADV,positive,+ s,10
beztrosko,ADJ,positive,+ s,6
bezuczuciowy,ADV,negative,- s,8
bezusterkowo,ADJ,positive,+ s,2
bezusterkowy,ADV,positive,+ s,3
bezużytecznie,ADJ,negative,- s,4
bezużyteczny,ADV,negative,- s,4
bezwartościowość,VERB,negative,- m,8
bezwartościowy,ADV,negative,- m,10
bezwarunkowość,VERB,negative,- s,1
bezwinny,ADV,positive,+ s,2
bezwolnie,ADJ,negative,- s,1
bezwolność,VERB,negative,- m,2
bezwolny,ADV,negative,- m,4
bezwstyd,VERB,negative,- m,2
bezwstydnica,VERB,negative,- m,2
bezwstydnie,ADJ,negative,- m,2
bezwstydnik,VERB,negative,- s,2
bezwstydność,VERB,negative,- m,4
bezwstydny,ADV,negative,- m,4
bezwyjściowość,VERB,negative,- m,2
bezwyjściowy,ADV,negative,- m,2
bezwypadkowo,ADJ,positive,+ s,2
bezwypadkowy,ADV,positive,+ s,2
bezwysiłkowo,ADJ,positive,+ s,1
bezwysiłkowy,ADV,positive,+ s,1
bezwzględnie,ADJ,negative,- s,2
bezwzględność,VERB,negative,- s,6
bezwzględny,ADV,negative,- s,4
bezwład,VERB,negative,- m,2
bezwładnie,ADJ,negative,- s,8
bezwładność,VERB,negative,- m,2
bezwładny,ADV,negative,- s,8
bezzasadnie,ADJ,negative,- s,2
bezzasadność,VERB,negative,- m,2
bezzasadny,ADV,negative,- m,2
bezzwiązkowy,ADV,negative,- s,2
bezzwrotnie,ADJ,negative,- s,2
bezzwrotny,ADV,positive,+ s,1
bezzwłocznie,ADJ,positive,+ s,2
bezzwłoczność,VERB,positive,+ s,1
bezzwłoczny,ADV,positive,+ s,2
bezzębność,VERB,negative,- s,2
bezład,VERB,negative,- s,2
bezładnie,ADJ,negative,- s,2
bezładny,ADV,negative,- s,2
bezśladowy,ADV,negative,- s,2
bezświadomie,ADJ,negative,- s,2
bezświadomy,ADV,negative,- s,2
bełkot,VERB,negative,- s,3
bełkotliwie,ADJ,negative,- s,4
bełkotliwość,VERB,negative,- s,3
bełkotliwy,ADV,negative,- s,4
bełtać,NOUN,negative,- s,3
bełtać się,NOUN,negative,- s,5
biadanie,VERB,negative,- m,2
biadolenie,VERB,negative,- s,4
bialuchny,ADV,positive,+ s,2
bialusieńki,ADV,positive,+ s,1
bialuteńki,ADV,positive,+ s,1
bialutki,ADV,positive,+ s,3
bialuśki,ADV,positive,+ s,2
biała gorączka,VERB,negative,- m,2
biała niedziela,VERB,positive,+ s,1
biała noc,VERB,negative,- s,4
biała strefa,VERB,positive,+ s,1
białas,VERB,negative,- s,2
białe plamy,VERB,negative,- s,2
biało,ADJ,negative,- s,2
biały jak duch,ADV,negative,- s,3
bibliofilia,VERB,positive,+ m,1
bibliofilski,ADV,positive,+ s,2
bibliofilsko,ADJ,positive,+ s,1
bicie piany,VERB,negative,- s,2
bicz boży,VERB,negative,- m,2
bidak,VERB,negative,- s,2
bidaka,VERB,negative,- s,2
bidnie,ADJ,negative,- s,6
bidny,ADV,negative,- s,8
bidul,VERB,negative,- s,2
biec,NOUN,negative,- s,4
bieda,VERB,negative,- s,4
biedaczek,VERB,negative,- s,4
biedaczka,VERB,negative,- s,4
biedaczysko,VERB,negative,- s,2
biedak,VERB,negative,- m,4
biedaszyb,VERB,negative,- s,1
biedniak,VERB,negative,- s,2
biednie,ADJ,negative,- s,8
biednieńki,ADV,negative,- s,2
biedniutki,ADV,negative,- s,6
biedniutko,ADJ,negative,- s,7
biedny,ADV,negative,- s,10
biedny,VERB,negative,- m,2
biedota,VERB,negative,- s,5
bieganina,VERB,negative,- s,2
biegać,NOUN,negative,- s,8
biegle,ADJ,positive,+ s,3
biegnąć,NOUN,negative,- s,2
biegunowo,ADJ,negative,- s,2
biegunowy,ADV,negative,- s,3
biegły,ADV,positive,+ s,5
bieluchny,ADV,positive,+ s,2
bielusieńki,ADV,positive,+ s,1
bieluteńki,ADV,positive,+ s,2
bielutki,ADV,positive,+ s,3
bieluśki,ADV,positive,+ s,3
biernie,ADJ,negative,- s,2
bierność,VERB,negative,- s,2
bierny,ADV,negative,- s,4
bies,VERB,negative,- m,2
biesiadnie,ADJ,positive,+ s,1
biesiadny,ADV,positive,+ s,3
biesiadować,NOUN,positive,+ s,3
biesiadowisko,VERB,positive,+ s,1
bieżąco,ADJ,positive,+ s,1
bigos,VERB,negative,- s,3
bigot,VERB,negative,- m,2
bigoteryjny,ADV,negative,- s,6
bijatyka,VERB,negative,- m,2
bijać,NOUN,negative,- s,4
bijać się,NOUN,negative,- s,4
bilans bierny,VERB,negative,- s,1
bilans czynny,VERB,positive,+ s,1
bimbać,NOUN,negative,- s,2
bimbrownik,VERB,negative,- m,2
bioekologicznie,ADJ,positive,+ s,2
bioetycznie,ADJ,positive,+ s,1
bioterrorysta,VERB,negative,- m,2
bipolarnie,ADJ,negative,- s,1
birbancki,ADV,negative,- s,2
birbancko,ADJ,negative,- s,2
birbant,VERB,negative,- m,2
bisurman,VERB,positive,+ s,1
bitka,VERB,negative,- s,2
bitles,VERB,negative,- s,2
bitny,ADV,positive,+ s,2
bitwa,VERB,negative,- s,2
bity,ADV,negative,- s,1
biurokracja,VERB,negative,- s,5
biurokrata,VERB,negative,- s,2
biurokratka,VERB,negative,- s,2
biurokratycznie,ADJ,negative,- s,4
biurokratyczność,VERB,negative,- m,2
biurokratyczny,ADV,negative,- s,3
biurokratyzacja,VERB,negative,- s,2
biurokratyzm,VERB,negative,- m,2
biurwa,VERB,negative,- m,2
biznes,VERB,positive,+ s,1
bić,NOUN,negative,- s,14
bić brawo,NOUN,positive,+ s,4
bić czołem,NOUN,negative,- s,4
bić głową w mur,NOUN,negative,- s,2
bić na alarm,NOUN,negative,- s,2
bić pianę,NOUN,negative,- s,4
bić po oczach,NOUN,negative,- s,2
bić po oku,NOUN,negative,- s,2
bić pokłony,NOUN,positive,+ s,2
bić się,NOUN,negative,- s,8
bić się w piersi,NOUN,negative,- s,1
bić w tarabany,NOUN,negative,- s,1
biżuteryjny,ADV,positive,+ s,1
blachara,VERB,negative,- m,2
bladawo,ADJ,negative,- s,9
bladawy,ADV,negative,- s,5
bladnąć,NOUN,negative,- s,6
blado,ADJ,positive,+ s,11
blady,ADV,negative,- s,8
blady jak duch,ADV,negative,- s,3
bladziuch,VERB,negative,- s,2
bladziutki,ADV,negative,- s,4
bladziutko,ADJ,negative,- s,4
bladź,VERB,negative,- m,4
blagier,VERB,negative,- m,2
blamaż,VERB,negative,- m,2
blask,VERB,positive,+ m,2
blednieć,NOUN,negative,- s,5
blednąć,NOUN,negative,- s,4
bledziuch,VERB,negative,- s,1
bledziutki,ADV,negative,- s,4
bledziutko,ADJ,negative,- s,4
blef,VERB,negative,- s,3
blefiarz,VERB,negative,- m,2
bliscy,VERB,positive,+ s,3
bliski,ADV,positive,+ s,6
bliski,VERB,positive,+ s,3
blisko,ADJ,positive,+ s,6
bliskość,VERB,positive,+ s,2
bliziutki,ADV,positive,+ s,2
bliziutko,ADJ,positive,+ s,3
bliźni,VERB,positive,+ s,2
bliższy,ADV,positive,+ s,2
blockers,VERB,negative,- s,2
blok,VERB,negative,- m,1
blok śmierci,VERB,negative,- m,2
blokada,VERB,negative,- s,4
blokers,VERB,negative,- s,2
blokować,NOUN,negative,- s,1
blokowisko,VERB,negative,- s,1
blondas,VERB,negative,- s,2
blondi,VERB,negative,- s,2
blondyna,VERB,positive,+ s,1
blondzia,VERB,negative,- s,2
bluesowy,ADV,negative,- s,2
bluffiarz,VERB,negative,- m,2
bluszczowy,ADV,negative,- s,4
bluzeczka,VERB,positive,+ s,2
bluzgać,NOUN,negative,- s,5
bluzgać się,NOUN,negative,- s,1
bluzgnąć,NOUN,negative,- s,5
bluznąć,NOUN,negative,- s,6
bluźnierca,VERB,negative,- m,2
bluźnierczo,ADJ,negative,- m,2
bluźnierczość,VERB,negative,- m,2
bluźnierczy,ADV,negative,- s,4
bluźnierstwo,VERB,negative,- s,5
bobas,VERB,positive,+ s,2
bobasek,VERB,positive,+ s,2
bobo,VERB,positive,+ s,2
boczny tor,VERB,negative,- s,2
bodźcowo,ADJ,positive,+ s,2
bogactwo,VERB,positive,+ m,4
bogato,ADJ,positive,+ s,10
bogatszy,ADV,positive,+ s,12
bogaty,ADV,positive,+ s,10
bogini,VERB,positive,+ s,3
bogobojnie,ADJ,positive,+ s,2
bogobojny,ADV,positive,+ s,4
bogoburczy,ADV,negative,- s,1
bogoojczyźniany,ADV,negative,- s,2
bohater,VERB,negative,- s,3
bohaterka,VERB,positive,+ s,3
bohaterski,ADV,positive,+ m,4
bohatersko,ADJ,positive,+ m,2
bohatyrski,ADV,positive,+ s,4
boj,VERB,negative,- s,2
bojaźliwie,ADJ,negative,- s,2
bojaźliwość,VERB,negative,- s,3
bojaźliwy,ADV,negative,- s,6
bojaźń,VERB,negative,- m,2
boje homeryckie,VERB,negative,- s,2
bojowiec,VERB,negative,- s,2
bojownik,VERB,positive,+ s,2
bojowo,ADJ,negative,- s,4
bojowość,VERB,positive,+ s,2
bojowy,ADV,positive,+ s,4
bojówka,VERB,negative,- s,2
bojówkarz,VERB,negative,- s,2
bolejąco,ADJ,negative,- s,2
bolejący,ADV,negative,- s,2
bolesno,ADJ,negative,- s,2
bolesny,ADV,negative,- s,9
boleściwie,ADJ,negative,- s,2
boleściwy,ADV,negative,- s,4
boleśnie,ADJ,negative,- s,8
boleść,VERB,negative,- m,2
bolszewia,VERB,negative,- m,2
bolszewicki,ADV,negative,- s,4
bolszewik,VERB,negative,- m,2
bolszewizacja,VERB,negative,- m,2
bolączka,VERB,negative,- s,2
bomba,VERB,negative,- s,4
bomba ekologiczna,VERB,negative,- s,2
bombardowanie,VERB,negative,- s,4
bombast,VERB,negative,- s,2
bombastycznie,ADJ,negative,- s,5
bombastyczność,VERB,negative,- s,2
bombastyczny,ADV,negative,- s,4
bombiarz,VERB,negative,- m,2
bombiasto,ADJ,positive,+ s,3
bombiasty,ADV,positive,+ m,2
bombowo,ADJ,positive,+ m,2
bombowy,ADV,positive,+ m,2
bon viveur,VERB,negative,- m,2
bonanza,VERB,negative,- s,5
bonifikata,VERB,positive,+ s,1
bonza,VERB,negative,- m,2
bonzo,VERB,negative,- m,2
boom,VERB,positive,+ s,2
borsuk,VERB,negative,- s,4
boruta,VERB,negative,- s,2
boski,ADV,positive,+ m,6
bosko,ADJ,positive,+ m,4
boskość,VERB,positive,+ m,2
bosy antek,VERB,negative,- s,2
botnet,VERB,negative,- m,1
boża ręka,VERB,positive,+ m,1
brach,VERB,positive,+ s,2
braciak,VERB,positive,+ s,1
brak,NOUN,negative,- s,4
brakorób,VERB,negative,- m,2
brakoróbca,VERB,negative,- m,2
brakować,NOUN,negative,- s,6
bramka samobójcza,VERB,negative,- s,2
bramkostrzelny,ADV,positive,+ s,2
branka,VERB,negative,- m,2
brat,VERB,positive,+ s,4
brat syjamski,VERB,positive,+ m,2
braterski,ADV,positive,+ s,2
bratersko,ADJ,positive,+ s,2
braterstwo,VERB,positive,+ m,3
bratni,ADV,positive,+ s,4
bratnia dusza,VERB,positive,+ m,2
bratnio,ADJ,positive,+ s,4
bratobójca,VERB,negative,- m,2
bratobójczo,ADJ,negative,- m,2
bratobójczy,ADV,negative,- m,4
bratobójstwo,VERB,negative,- m,2
brawurowo,ADJ,positive,+ s,3
brawurowy,ADV,positive,+ m,2
brać,VERB,positive,+ s,1
brecht,VERB,negative,- s,2
brejowaty,ADV,negative,- s,3
brewerie,VERB,negative,- m,2
bronić,NOUN,positive,+ s,14
browarek,VERB,positive,+ s,2
broń masowego rażenia,VERB,negative,- s,1
broń masowej zagłady,VERB,negative,- s,1
brud,VERB,negative,- s,2
brudas,VERB,negative,- s,5
brudnawo,ADJ,negative,- s,4
brudnawy,ADV,negative,- s,11
brudno,ADJ,negative,- s,8
brudny,ADV,negative,- s,19
brudy,VERB,negative,- s,2
brunatne koszule,VERB,negative,- m,2
brunatni,VERB,negative,- m,2
brunatny,ADV,negative,- m,1
brutalizm,VERB,negative,- m,2
brutalnie,ADJ,positive,+ s,6
brutalność,VERB,negative,- s,6
brutalny,ADV,negative,- s,11
bryjowaty,ADV,negative,- s,3
brykać,NOUN,positive,+ s,11
brylant,VERB,positive,+ m,2
brylantowo,ADJ,positive,+ m,2
brylantowy,ADV,positive,+ m,2
brylasto,ADJ,negative,- s,2
brylowanie,VERB,positive,+ m,1
brylować,NOUN,positive,+ s,2
bryndza,VERB,negative,- s,2
brytofobia,VERB,negative,- m,2
bryzgnąć,NOUN,negative,- s,1
bryła lodu,VERB,negative,- m,2
bryłowato,ADJ,negative,- s,2
brzdąc,VERB,positive,+ s,1
brzemiennie,ADJ,negative,- s,2
brzemienny,ADV,negative,- m,1
brzemię,VERB,negative,- s,4
brzoskwiniowy,ADV,positive,+ s,2
brzoskwinka,VERB,positive,+ s,2
brzuch,VERB,negative,- s,2
brzuchacz,VERB,negative,- m,2
brzuchal,VERB,negative,- m,2
brzuchaty,ADV,negative,- s,2
brzucho,VERB,negative,- s,2
brzuszek,VERB,positive,+ s,1
brzydal,VERB,negative,- m,2
brzydki,ADV,negative,- s,11
brzydki jak noc,ADV,negative,- m,2
brzydki jak noc listopadowa,ADV,negative,- m,2
brzydkie kaczątko,VERB,negative,- s,2
brzydko,ADJ,negative,- s,8
brzydota,VERB,negative,- s,4
brzydula,VERB,negative,- s,2
brzydzić,NOUN,negative,- s,7
brzydzić się,NOUN,negative,- m,4
brzytwa,VERB,negative,- s,4
brązowiutki,ADV,positive,+ s,4
brązowiutko,ADJ,positive,+ s,3
brązowniczy,ADV,negative,- s,2
brązowy,ADV,positive,+ s,2
bubek,VERB,negative,- s,2
bubel,VERB,negative,- s,2
bublowaty,ADV,negative,- s,3
buc,VERB,negative,- m,2
buchnięcie,VERB,negative,- s,1
bucowaty,ADV,negative,- m,2
buczenie,VERB,negative,- s,2
buczeć,NOUN,negative,- s,1
buda,VERB,negative,- s,4
buddyjsko,ADJ,positive,+ s,1
budować,NOUN,positive,+ s,7
budować się,NOUN,positive,+ s,2
budująco,ADJ,positive,+ s,3
budujący,ADV,positive,+ m,2
budziciel,VERB,positive,+ s,1
budżetowo,ADJ,positive,+ s,1
bufon,VERB,negative,- m,2
bufonada,VERB,negative,- m,2
bufonowaty,ADV,negative,- m,2
bufor,VERB,positive,+ s,2
bujacz,VERB,negative,- s,2
bujać,NOUN,negative,- s,12
bujać się,NOUN,positive,+ s,9
bujnie,ADJ,positive,+ s,1
bujny,ADV,positive,+ s,6
bukiet,VERB,positive,+ s,2
bukolicznie,ADJ,positive,+ s,2
bukoliczny,ADV,positive,+ m,2
bulimiczny,ADV,negative,- s,2
bulioner,VERB,negative,- s,2
bulić,NOUN,negative,- s,2
bullterier,VERB,negative,- m,2
bulterier,VERB,negative,- m,2
bulwa,VERB,negative,- m,1
bulwarowo,ADJ,negative,- s,2
bumelanctwo,VERB,negative,- m,2
bumelant,VERB,negative,- m,2
bumelka,VERB,negative,- m,2
bumerangowy,ADV,negative,- s,2
buntować,NOUN,negative,- s,2
buntować się,NOUN,negative,- s,2
buntowniczo,ADJ,negative,- s,1
buntowniczość,VERB,negative,- s,2
buntowniczy,ADV,negative,- s,2
buntownik,VERB,negative,- s,1
buntowny,ADV,negative,- s,3
buracki,ADV,negative,- m,2
buracko,ADJ,negative,- m,2
buractwo,VERB,negative,- m,2
buraczany,ADV,negative,- m,2
burak,VERB,negative,- s,2
burak cukrowy,VERB,negative,- s,2
burak pospolity,VERB,negative,- s,2
burawo,ADJ,negative,- s,2
burczenie,VERB,negative,- s,2
burczymucha,VERB,negative,- s,2
burda,VERB,negative,- m,2
burdel,VERB,negative,- m,4
burdelowy,ADV,negative,- s,3
burdelówka,VERB,negative,- m,2
burek,VERB,negative,- s,2
burkliwie,ADJ,negative,- s,2
burkliwy,ADV,negative,- s,4
buro,ADJ,negative,- s,2
bury,ADV,negative,- s,2
burza,VERB,positive,+ s,5
burza w szklance wody,VERB,negative,- m,2
burza śnieżna,VERB,negative,- s,2
burzliwie,ADJ,positive,+ s,6
burzliwość,VERB,negative,- m,2
burzliwy,ADV,negative,- s,6
burzyciel,VERB,negative,- m,1
burzycielski,ADV,negative,- s,1
burzycielsko,ADJ,negative,- s,1
burżuj,VERB,negative,- s,4
burżujski,ADV,negative,- s,2
burżujstwo,VERB,negative,- s,4
butelkowa aura,VERB,negative,- s,2
butelkowa pogoda,VERB,negative,- s,2
butikowy,ADV,positive,+ s,4
butnie,ADJ,negative,- s,2
butność,VERB,negative,- s,2
butny,ADV,negative,- s,2
buzia,VERB,positive,+ s,2
buziak,VERB,positive,+ m,1
buzować,NOUN,negative,- s,6
buzować się,NOUN,negative,- s,4
bułgaryzacja,VERB,negative,- s,3
bułowaty,ADV,negative,- s,4
buńczucznie,ADJ,negative,- s,2
buńczuczno,ADJ,negative,- s,2
buńczuczny,ADV,negative,- s,4
byczek,VERB,negative,- s,2
byczo,ADJ,positive,+ s,3
bydlacki,ADV,negative,- s,5
bydlak,VERB,negative,- m,2
bydlę,VERB,negative,- m,2
bydlęcieć,NOUN,negative,- m,2
bydlęcić się,NOUN,negative,- m,2
bydlęctwo,VERB,negative,- m,2
bydlęcy,ADV,negative,- m,4
bydło,VERB,negative,- m,2
byk,VERB,positive,+ s,7
bykowiec,VERB,negative,- m,2
bykowy,ADV,positive,+ s,2
byle jak,ADJ,negative,- s,5
byle jaki,ADV,negative,- s,4
bylejakość,VERB,negative,- s,2
bystro,ADJ,positive,+ s,9
bystrość,VERB,positive,+ s,8
bystry,ADV,positive,+ s,12
bystrzak,VERB,positive,+ m,1
bystrze,ADJ,positive,+ s,7
bywać,NOUN,negative,- s,3
bywały,ADV,positive,+ m,2
być w czarnej dupie,NOUN,negative,- m,4
być w dupie,NOUN,negative,- m,4
być w lesie,NOUN,negative,- s,2
być w mocy,NOUN,positive,+ s,3
być w stanie,NOUN,positive,+ s,1
być za pan brat,NOUN,positive,+ s,2
była żona,VERB,negative,- s,1
były mąż,VERB,negative,- s,1
bzdura,VERB,negative,- s,3
bzdurnie,ADJ,negative,- s,4
bzdurność,VERB,negative,- m,2
bzdurny,ADV,negative,- s,4
bzik,VERB,positive,+ s,3
bzikowaty,ADV,positive,+ s,2
bóg,VERB,negative,- m,2
bógwico,VERB,negative,- m,2
bój,VERB,negative,- s,2
bójka,VERB,negative,- s,2
ból,VERB,negative,- s,4
ból głowy,VERB,negative,- s,3
ból świata,VERB,negative,- m,2
bóstewko,VERB,positive,+ s,2
bóstwo,VERB,positive,+ m,4
bąbel,VERB,positive,+ s,2
bąk,VERB,positive,+ s,2
bęcki,VERB,negative,- m,2
bęcwał,VERB,negative,- m,2
bękarci,ADV,negative,- m,2
bękarctwo,VERB,negative,- m,2
bękart,VERB,negative,- m,2
błagalnie,ADJ,negative,- s,2
błagalny,ADV,negative,- s,2
błaho,ADJ,negative,- s,2
błahy,ADV,negative,- s,2
błazen,VERB,negative,- m,2
błazeński,ADV,negative,- s,2
błazeńsko,ADJ,negative,- s,1
błaznowanie,VERB,negative,- s,2
błaznowaty,ADV,negative,- s,2
błocko,VERB,negative,- s,1
błogi,ADV,positive,+ m,4
błogo,ADJ,positive,+ s,6
błogostan,VERB,positive,+ m,2
błogosławieństwo,VERB,positive,+ s,4
błogosławiony,ADV,positive,+ s,2
błogosławić,NOUN,positive,+ s,2
błogość,VERB,positive,+ m,2
błotnisty,ADV,negative,- s,3
błotniście,ADJ,negative,- s,1
błotno,ADJ,negative,- s,1
błotny,ADV,negative,- s,2
błoto,VERB,negative,- s,2
błysk,VERB,positive,+ s,4
błyskawiczność,VERB,positive,+ s,1
błyskawiczny,ADV,positive,+ s,2
błyskać,NOUN,positive,+ s,2
błyskotliwie,ADJ,positive,+ s,6
błyskotliwość,VERB,positive,+ m,2
błyskotliwy,ADV,positive,+ m,6
błyskotny,ADV,positive,+ s,2
błyszczeć,NOUN,positive,+ s,6
błyszczeć się,NOUN,positive,+ s,4
błyszczący,ADV,positive,+ m,2
błąd,VERB,negative,- m,2
błądzenie,VERB,negative,- s,2
błędnie,ADJ,negative,- s,4
błędność,VERB,negative,- s,4
błędny,ADV,negative,- s,8
bździak,VERB,negative,- m,2
cacko,VERB,positive,+ m,2
cacuszko,VERB,positive,+ s,3
cacy,ADV,positive,+ s,2
call girl,VERB,negative,- s,2
call-girl,VERB,negative,- s,2
calusieńki,ADV,positive,+ s,4
caluteńki,ADV,positive,+ s,4
caluteńko,ADJ,positive,+ s,4
calutki,ADV,positive,+ s,4
caluśki,ADV,positive,+ s,4
caluśko,ADJ,positive,+ s,4
campowo,ADJ,negative,- s,1
cap,VERB,negative,- m,4
capić,NOUN,negative,- s,2
caput mundi,VERB,positive,+ s,1
carobójca,VERB,negative,- m,2
carobójstwo,VERB,negative,- m,1
casanova,VERB,negative,- s,2
casus,VERB,negative,- s,2
cało,ADJ,positive,+ s,4
całować klamkę,NOUN,negative,- s,3
całościowo,ADJ,positive,+ s,1
całuśny,ADV,positive,+ s,5
cały,ADV,positive,+ s,4
cały i zdrowy,ADV,positive,+ m,2
cebulak,VERB,negative,- s,2
cegła,VERB,negative,- s,2
cel,VERB,positive,+ s,1
cela śmierci,VERB,negative,- s,3
celebra,VERB,positive,+ s,2
celebracja,VERB,positive,+ s,2
celebrować,NOUN,positive,+ s,1
celnie,ADJ,positive,+ s,4
celność,VERB,positive,+ m,2
celny,ADV,positive,+ s,8
celowo,ADJ,positive,+ s,2
celowy,ADV,positive,+ s,2
celująco,ADJ,positive,+ m,4
cementować,NOUN,positive,+ s,5
cementować się,NOUN,positive,+ s,6
cementowe buty,VERB,negative,- s,3
cena dumpingowa,VERB,negative,- s,3
cena nadmiernie wygórowana,VERB,negative,- s,1
cenienie,VERB,positive,+ s,2
ceniony,ADV,positive,+ m,2
cenić,NOUN,positive,+ s,3
cennie,ADJ,positive,+ m,4
cenność,VERB,positive,+ s,6
cenny,ADV,positive,+ m,4
centra,VERB,negative,- s,2
centralnie,ADJ,positive,+ s,1
centuś,VERB,negative,- s,2
cenzor,VERB,negative,- s,2
cenzorski,ADV,negative,- s,2
cenzorsko,ADJ,negative,- s,4
cenzuralnie,ADJ,positive,+ s,2
cenzuralny,ADV,positive,+ s,2
cenzurowany,ADV,negative,- m,2
cenzus majątkowy,VERB,negative,- s,1
cep,VERB,negative,- m,2
cepeliowski,ADV,negative,- s,2
cepeliowsko,ADJ,negative,- s,2
ceper,VERB,negative,- m,2
ceperski,ADV,negative,- s,3
cepersko,ADJ,negative,- s,1
ceremonialny,ADV,negative,- s,5
certyfikacja,VERB,positive,+ s,1
cesarski,ADV,positive,+ s,2
cham,VERB,negative,- m,4
chamowato,ADJ,negative,- m,2
chamowaty,ADV,negative,- m,4
champion,VERB,positive,+ s,4
chamski,ADV,negative,- m,6
chamski cyc,VERB,negative,- m,2
chamsko,ADJ,negative,- m,4
chamstwo,VERB,negative,- m,4
chamówa,VERB,negative,- s,7
chandra,VERB,negative,- m,2
chaos,VERB,negative,- s,2
chaos gospodarczy,VERB,negative,- m,2
chaotycznie,ADJ,negative,- s,2
chaotyczny,ADV,negative,- s,4
chapać,NOUN,negative,- s,8
chapnąć,NOUN,negative,- s,9
charakterek,VERB,positive,+ s,1
charakternik,VERB,negative,- s,1
charakterny,ADV,positive,+ s,2
charakterowy,ADV,positive,+ s,2
charakterystycznie,ADJ,positive,+ s,1
charkotliwie,ADJ,negative,- s,1
charytatywnie,ADJ,positive,+ s,3
charytatywny,ADV,positive,+ s,2
charyzma,VERB,positive,+ m,2
charyzmat,VERB,positive,+ m,3
charyzmatycznie,ADJ,positive,+ s,3
charyzmatyczny,ADV,positive,+ m,4
charłactwo,VERB,negative,- m,2
chateńka,VERB,positive,+ s,1
chatka,VERB,positive,+ s,1
chawira,VERB,positive,+ s,1
chała,VERB,negative,- s,2
chałtura,VERB,negative,- s,5
chałturnictwo,VERB,negative,- s,2
chałturnik,VERB,negative,- m,2
chałturowiec,VERB,negative,- m,2
chałturszczyk,VERB,negative,- m,2
chałturzysta,VERB,negative,- m,2
chałupka,VERB,positive,+ s,1
chałupniczo,ADJ,negative,- s,1
chałupniczy,ADV,negative,- s,1
chcica,VERB,positive,+ m,4
chciwie,ADJ,negative,- s,6
chciwiec,VERB,negative,- m,2
chciwość,VERB,negative,- m,2
chciwy,ADV,negative,- s,6
chemicznie,ADJ,negative,- s,3
chemiczny,ADV,negative,- s,2
cherlactwo,VERB,negative,- m,2
cherlak,VERB,negative,- s,2
cherlawiec,VERB,negative,- s,2
cherlawy,ADV,negative,- s,4
cherubin,VERB,positive,+ m,2
cherubinkowaty,ADV,positive,+ s,5
cherubinowy,ADV,positive,+ s,2
chewra,VERB,negative,- s,3
chełpliwie,ADJ,negative,- s,2
chełpliwość,VERB,negative,- m,2
chełpliwy,ADV,negative,- s,4
chichot,VERB,negative,- s,2
chichotek,VERB,positive,+ s,4
chichotliwie,ADJ,positive,+ s,7
chichotliwy,ADV,positive,+ s,2
chimera,VERB,negative,- s,3
chimerycznie,ADJ,negative,- s,4
chimeryczność,VERB,negative,- m,2
chimeryczny,ADV,negative,- s,5
chimeryk,VERB,negative,- m,2
chirurgicznie,ADJ,positive,+ s,3
chiński,ADV,negative,- s,2
chińskie ceremonie,VERB,negative,- s,2
chińsko,ADJ,negative,- s,2
chińszczyzna,VERB,negative,- s,4
chlebny,ADV,positive,+ s,2
chlebodajny,ADV,positive,+ s,2
chlipanie,VERB,negative,- s,2
chlipnąć,NOUN,negative,- s,2
chluba,VERB,positive,+ m,3
chlubnie,ADJ,positive,+ s,3
chlubność,VERB,positive,+ s,6
chlubny,ADV,positive,+ m,2
chmara,VERB,negative,- s,2
chmielić,NOUN,positive,+ s,1
chmielić się,NOUN,negative,- s,2
chmurka,VERB,negative,- s,2
chmurnie,ADJ,negative,- s,8
chmurno,ADJ,negative,- s,6
chmurny,ADV,negative,- s,11
chmyz,VERB,negative,- s,2
chochlik,VERB,positive,+ s,2
chochlikowaty,ADV,negative,- s,2
chodliwy,ADV,positive,+ s,4
chodzić,NOUN,positive,+ s,4
chodząca encyklopedia,VERB,positive,+ m,2
chodząca reguła,VERB,positive,+ s,2
chodzący kościotrup,VERB,negative,- m,2
chodzący szkielet,VERB,negative,- m,2
choinkowo,ADJ,negative,- s,2
chojracki,ADV,negative,- s,2
chojrak,VERB,negative,- s,2
cholera,VERB,negative,- s,6
cholera jasna,VERB,negative,- s,2
cholernik,VERB,negative,- s,1
cholerny,ADV,positive,+ s,6
cholerstwo,VERB,negative,- m,2
cholerycznie,ADJ,negative,- s,5
choleryczny,ADV,negative,- m,6
choleryk,VERB,negative,- s,2
cholewa,VERB,negative,- s,1
chomik,VERB,negative,- s,2
chomikowaty,ADV,negative,- s,2
chomąto,VERB,negative,- s,3
choro,ADJ,negative,- s,9
choroba,VERB,negative,- s,5
choroba ducha,VERB,negative,- s,3
chorobliwie,ADJ,negative,- s,5
chorobliwość,VERB,negative,- s,3
chorobliwy,ADV,negative,- s,6
chorobotwórczo,ADJ,negative,- s,5
chorobotwórczy,ADV,negative,- s,5
chorobowo,ADJ,negative,- s,3
chorobowy,ADV,negative,- s,3
chorować na głowę,NOUN,negative,- s,3
chorowicie,ADJ,negative,- s,2
chorowity,ADV,negative,- s,4
chorusi,ADV,negative,- s,2
chorutki,ADV,negative,- s,2
chory,ADV,negative,- s,10
chory piersiowo,ADV,negative,- s,1
chorągiewka na wietrze,VERB,negative,- m,2
chować,NOUN,positive,+ s,2
chrapać,NOUN,negative,- s,3
chrapka,VERB,positive,+ s,2
chrobotliwy,ADV,negative,- s,2
chromy,ADV,negative,- s,4
chronicznie,ADJ,negative,- s,3
chroniczny,ADV,negative,- s,2
chronić,NOUN,positive,+ s,9
chropawo,ADJ,negative,- s,4
chropawość,VERB,negative,- s,1
chropawy,ADV,negative,- s,4
chropowato,ADJ,negative,- s,2
chropowatość,VERB,negative,- s,1
chropowaty,ADV,negative,- s,2
chrupki,ADV,positive,+ s,1
chryja,VERB,negative,- m,2
chrzcić,NOUN,positive,+ s,7
chrzest bojowy,VERB,positive,+ m,2
chrzest żeglarski,VERB,positive,+ s,1
chrześcijański,ADV,positive,+ s,2
chuchrak,VERB,negative,- s,2
chuchro,VERB,negative,- s,2
chuchrowato,ADJ,negative,- s,4
chuchrowaty,ADV,negative,- s,4
chucpa,VERB,negative,- s,3
chudawy,ADV,negative,- s,14
chuderlak,VERB,negative,- m,2
chuderlawy,ADV,negative,- s,2
chudeusz,VERB,negative,- s,2
chudo,ADJ,negative,- s,7
chudoba,VERB,negative,- s,2
chudogęby,ADV,negative,- s,2
chudopacholski,ADV,negative,- s,2
chudopachołek,VERB,negative,- s,2
chudy,ADV,negative,- s,15
chudy,VERB,negative,- s,2
chudziak,VERB,negative,- s,4
chudzielec,VERB,negative,- s,2
chudzieńki,ADV,negative,- s,15
chudzina,VERB,negative,- s,4
chudziuchny,ADV,negative,- s,12
chudziusi,ADV,negative,- s,16
chudziusieńki,ADV,negative,- s,13
chudziuteńki,ADV,negative,- s,11
chudziutki,ADV,positive,+ s,13
chudziutko,ADJ,negative,- s,8
chuj,VERB,negative,- m,4
chujowo,ADJ,negative,- m,2
chujowy,ADV,negative,- m,6
chuligan,VERB,negative,- m,2
chuliganeria,VERB,negative,- s,5
chuligański,ADV,negative,- s,2
chuligańsko,ADJ,negative,- s,3
chuligaństwo,VERB,negative,- m,2
chutliwość,VERB,negative,- s,2
chutliwy,ADV,negative,- s,3
chutny,ADV,negative,- s,1
chuć,VERB,negative,- m,2
chwacki,ADV,positive,+ s,4
chwacko,ADJ,positive,+ s,2
chwalebnie,ADJ,positive,+ s,5
chwalebny,ADV,positive,+ s,5
chwalipięta,VERB,negative,- s,2
chwalić,NOUN,positive,+ s,2
chwastobójczo,ADJ,positive,+ s,1
chwastowy,ADV,negative,- s,1
chwat,VERB,positive,+ s,2
chwała,VERB,positive,+ m,6
chwiejnie,ADJ,negative,- s,4
chwiejno,ADJ,negative,- s,1
chwiejność,VERB,negative,- s,4
chwiejny,ADV,negative,- s,4
chwierutać,NOUN,negative,- s,4
chwierutać się,NOUN,negative,- s,4
chwilowy,ADV,negative,- s,2
chwyt,VERB,negative,- s,2
chwyt poniżej pasa,VERB,negative,- s,3
chwytać,NOUN,positive,+ s,2
chwytać się,NOUN,positive,+ s,1
chwytliwie,ADJ,positive,+ s,4
chwytliwy,ADV,positive,+ s,8
chwytność,VERB,positive,+ s,1
chwytny,ADV,positive,+ s,6
chybać się,NOUN,negative,- s,1
chybcikiem,ADJ,positive,+ s,2
chybki,ADV,positive,+ s,4
chybko,ADJ,positive,+ s,2
chybkość,VERB,positive,+ s,4
chybotliwie,ADJ,negative,- s,2
chybotliwość,VERB,negative,- s,2
chytreńki,ADV,negative,- s,13
chytro,ADJ,negative,- s,2
chytrość,VERB,negative,- m,2
chytrus,VERB,negative,- s,3
chytruska,VERB,negative,- s,2
chytry,ADV,negative,- s,10
chytrze,ADJ,negative,- s,2
chyłkiem,ADJ,negative,- s,1
chyżo,ADJ,positive,+ s,2
chyżonogi,ADV,positive,+ s,2
chyżość,VERB,positive,+ m,2
chyży,ADV,positive,+ s,4
chędogi,ADV,positive,+ s,1
chętka,VERB,positive,+ s,2
chętliwy,ADV,positive,+ s,4
chętnie,ADJ,positive,+ s,1
chętny,ADV,positive,+ s,8
chęć posiadania,VERB,positive,+ m,1
chłam,VERB,negative,- s,2
chłodnawo,ADJ,negative,- s,3
chłodnawy,ADV,negative,- s,2
chłodno,ADJ,positive,+ s,4
chłodno i głodno,ADJ,negative,- s,2
chłodny,ADV,negative,- s,4
chłonnie,ADJ,positive,+ s,2
chłonność,VERB,positive,+ m,2
chłonny,ADV,positive,+ s,4
chłop,VERB,negative,- s,1
chłop jak dąb,VERB,positive,+ m,2
chłopacki,ADV,negative,- s,2
chłopak do bicia,VERB,negative,- s,3
chłopczyca,VERB,negative,- s,2
chłopczyk,VERB,positive,+ s,1
chłopek-roztropek,VERB,negative,- s,2
chłopiec,VERB,negative,- s,1
chłopiec do bicia,VERB,negative,- m,2
chłopiec na posyłki,VERB,negative,- s,2
chłopoman,VERB,negative,- s,1
chłopomania,VERB,negative,- s,2
chłopomaństwo,VERB,negative,- s,1
chłopski filozof,VERB,negative,- s,2
chłosta,VERB,negative,- s,3
chłystek,VERB,negative,- s,2
chłód,VERB,negative,- s,6
ciacho,VERB,positive,+ m,2
ciamajda,VERB,negative,- m,2
ciamajdowato,ADJ,negative,- s,2
ciamajdowatość,VERB,negative,- m,2
ciamajdowaty,ADV,negative,- s,4
ciamcia,VERB,negative,- s,2
ciamciaramcia,VERB,negative,- s,2
ciapa,VERB,negative,- s,2
ciapaciątko,VERB,negative,- s,2
ciapat,VERB,negative,- m,2
ciapaty,VERB,negative,- s,3
ciapciak,VERB,negative,- s,2
ciapowato,ADJ,negative,- s,2
ciapowatość,VERB,negative,- m,2
ciapowaty,ADV,negative,- s,4
ciasnawo,ADJ,negative,- s,4
ciasnawy,ADV,negative,- s,6
ciasno,ADJ,negative,- s,14
ciasnota,VERB,negative,- s,4
ciasność,VERB,negative,- m,2
ciasny,ADV,negative,- s,12
ciało,VERB,negative,- s,2
ciaśniutki,ADV,negative,- s,6
cicha woda,VERB,negative,- s,1
cichaczem,ADJ,negative,- s,1
cichawy,ADV,negative,- s,4
cichcem,ADJ,negative,- s,1
ciche dni,VERB,negative,- s,2
cicho,ADJ,negative,- s,13
cichodajka,VERB,negative,- s,2
cichusieńki,ADV,positive,+ s,4
cichusieńko,ADJ,positive,+ s,9
cichuteńki,ADV,positive,+ s,6
cichuteńko,ADJ,positive,+ s,9
cichutki,ADV,positive,+ s,13
cichutko,ADJ,positive,+ s,11
cichuśki,ADV,positive,+ s,5
cichy,ADV,positive,+ s,10
ciec,NOUN,negative,- s,2
ciekaw,ADV,positive,+ s,2
ciekawie,ADJ,positive,+ s,6
ciekawić się,NOUN,positive,+ s,1
ciekawo,ADJ,positive,+ s,4
ciekawostka,VERB,positive,+ s,3
ciekawski,ADV,negative,- s,4
ciekawskość,VERB,negative,- s,2
ciekawy,ADV,positive,+ s,8
cielę,VERB,negative,- m,2
cielęce uwielbienie,VERB,negative,- m,2
cielęcina,VERB,negative,- m,2
cielęco,ADJ,negative,- s,3
cielęcy,ADV,negative,- m,2
cielęcy zachwyt,VERB,negative,- m,2
ciemięga,VERB,negative,- m,2
ciemięstwo,VERB,negative,- m,2
ciemięzca,VERB,negative,- m,2
ciemiężca,VERB,negative,- m,2
ciemiężyciel,VERB,negative,- m,2
ciemna masa,VERB,negative,- m,2
ciemnawy,ADV,negative,- s,4
ciemne chmury,VERB,negative,- m,2
ciemniactwo,VERB,negative,- m,4
ciemniak,VERB,negative,- m,2
ciemnica,VERB,negative,- s,3
ciemniuteńki,ADV,negative,- s,2
ciemniutki,ADV,negative,- s,4
ciemniutko,ADJ,positive,+ s,2
ciemno,ADJ,negative,- s,3
ciemnogrodzki,ADV,negative,- s,3
ciemnogród,VERB,negative,- m,4
ciemnogłowy,ADV,negative,- s,4
ciemnota,VERB,negative,- m,4
ciemność,VERB,negative,- s,5
ciemny,ADV,negative,- m,8
cienias,VERB,negative,- m,2
cienie pod oczami,VERB,negative,- s,2
cieniuchno,ADJ,negative,- s,9
cieniuchny,ADV,negative,- s,10
cieniusieńki,ADV,negative,- s,7
cieniusieńko,ADJ,negative,- s,6
cieniuteńki,ADV,negative,- s,7
cieniuteńko,ADJ,negative,- s,6
cieniutki,ADV,negative,- s,9
cieniutko,ADJ,negative,- s,8
cieniuśki,ADV,negative,- s,9
cienki,ADV,negative,- s,9
cienki bolek,VERB,negative,- m,2
cienko,ADJ,negative,- s,8
cienkoskórny,ADV,negative,- m,1
ciepełko,VERB,positive,+ s,3
ciepluchno,ADJ,positive,+ s,8
ciepluchny,ADV,positive,+ s,9
cieplusi,ADV,positive,+ s,6
cieplusieńki,ADV,positive,+ s,3
cieplusieńko,ADJ,positive,+ s,8
ciepluteńki,ADV,positive,+ s,5
ciepluteńko,ADJ,positive,+ s,8
cieplutki,ADV,positive,+ s,17
cieplutko,ADJ,positive,+ s,10
ciepluśki,ADV,positive,+ s,9
ciepluśko,ADJ,positive,+ s,8
ciepła wdowa,VERB,positive,+ s,2
ciepła wdówka,VERB,positive,+ s,2
ciepławo,ADJ,negative,- s,4
ciepłe gniazdko,VERB,positive,+ s,1
ciepłe kluchy,VERB,negative,- s,2
ciepłe kluski,VERB,negative,- s,2
ciepłe kraje,VERB,positive,+ s,1
ciepło,ADJ,positive,+ s,12
ciepło,VERB,positive,+ s,6
ciepły,ADV,positive,+ s,9
cierniowy,ADV,negative,- m,2
ciernistość,VERB,negative,- m,2
ciernisty,ADV,negative,- m,2
cierniście,ADJ,negative,- s,3
cierpienie,VERB,negative,- m,2
cierpieć,NOUN,negative,- s,15
cierpiąco,ADJ,negative,- s,2
cierpiący,ADV,negative,- s,5
cierpiętniczo,ADJ,negative,- s,3
cierpiętniczy,ADV,negative,- s,3
cierpiętnik,VERB,negative,- m,2
cierpkawy,ADV,negative,- s,2
cierpki,ADV,negative,- s,2
cierpko,ADJ,negative,- s,6
cierpliwie,ADJ,positive,+ s,4
cierpliwość,VERB,positive,+ m,2
cierpliwy,ADV,positive,+ s,10
cierń,VERB,negative,- m,2
cierń w oku,VERB,negative,- m,2
cieszyć,NOUN,positive,+ s,9
cieszyć oczy,NOUN,positive,+ s,3
cieszyć oko,NOUN,positive,+ s,3
cieszyć się,NOUN,positive,+ s,10
cieszyć wzrok,NOUN,positive,+ s,3
cień,VERB,negative,- s,2
ciocia,VERB,positive,+ s,1
ciorać,NOUN,negative,- s,13
ciorać się,NOUN,negative,- s,14
cios,VERB,negative,- s,5
cios poniżej pasa,VERB,negative,- s,3
cios w plecy,VERB,negative,- m,2
ciota,VERB,negative,- s,4
ciotowato,ADJ,negative,- s,3
ciotowaty,ADV,negative,- m,4
ciotula,VERB,negative,- s,2
cipa,VERB,negative,- m,2
cipcia drypcia,VERB,negative,- s,2
cisza,VERB,negative,- s,7
cisza i spokój,VERB,positive,+ s,2
cisza w eterze,VERB,negative,- s,1
ciul,VERB,negative,- m,4
ciupa,VERB,negative,- s,2
ciupasem,ADJ,positive,+ s,2
ciupać,NOUN,negative,- s,6
ciupnąć,NOUN,negative,- s,6
ciura,VERB,negative,- s,1
ciutka,VERB,positive,+ s,1
ciućma,VERB,negative,- s,3
ciućmok,VERB,negative,- s,2
ciułacz,VERB,negative,- s,2
ciągle,ADJ,negative,- s,1
ciągoty,VERB,positive,+ s,3
ciąć,NOUN,negative,- s,5
ciąć się,NOUN,negative,- s,2
ciąć w chuja,NOUN,negative,- m,2
cięcie,VERB,negative,- s,3
cięgi,VERB,negative,- m,2
cięty,ADV,negative,- s,4
ciężar,VERB,negative,- s,4
ciężka głowa,VERB,negative,- s,2
ciężka ręka,VERB,negative,- s,2
ciężkawo,ADJ,negative,- s,19
ciężkawy,ADV,negative,- s,16
ciężki,ADV,negative,- s,27
ciężki grosz,VERB,negative,- m,1
ciężki kawałek chleba,VERB,negative,- s,3
ciężki sen,VERB,negative,- s,3
ciężki tyłek,VERB,negative,- m,2
ciężkie czasy,VERB,negative,- m,2
ciężko,ADJ,negative,- s,28
ciężkostrawnie,ADJ,negative,- s,4
ciężkostrawność,VERB,negative,- m,2
ciężkostrawny,ADV,negative,- s,4
ciężkość,VERB,negative,- s,2
ciżba,VERB,negative,- s,3
ckliwie,ADJ,positive,+ s,4
ckliwo,ADJ,negative,- s,4
ckliwość,VERB,negative,- s,3
ckliwy,ADV,negative,- s,6
clown,VERB,negative,- m,2
cmentarnie,ADJ,negative,- s,2
cmentarny,ADV,negative,- s,2
cmokier,VERB,negative,- m,2
cmokierstwo,VERB,negative,- m,2
cnić,NOUN,negative,- s,2
cnić się,NOUN,negative,- s,8
cnota,VERB,positive,+ s,4
cnotka,VERB,negative,- s,2
cnotliwa zuzanna,VERB,negative,- s,2
cnotliwie,ADJ,positive,+ s,3
cnotliwiec,VERB,negative,- s,2
cnotliwy,ADV,positive,+ m,4
co nieco,VERB,positive,+ s,1
co u czorta,VERB,negative,- s,2
co u diaska,VERB,negative,- s,2
cofać,NOUN,negative,- s,2
cofnąć,NOUN,negative,- s,4
cokolwiek,VERB,negative,- s,1
cool,ADV,positive,+ m,2
coś niecoś,VERB,positive,+ s,1
cośkolwiek,VERB,negative,- s,1
cracking,VERB,negative,- s,1
cud,VERB,positive,+ m,2
cuda na kiju,VERB,negative,- m,1
cuda niewidy,VERB,positive,+ m,1
cuda wianki,VERB,negative,- s,2
cudacki,ADV,negative,- s,1
cudaczny,ADV,negative,- s,1
cudak,VERB,negative,- s,2
cudem,ADJ,positive,+ s,2
cudeńko,VERB,positive,+ s,2
cudnie,ADJ,positive,+ s,11
cudność,VERB,positive,+ m,2
cudny,ADV,positive,+ m,8
cudo,VERB,positive,+ m,2
cudotwórca,VERB,positive,+ m,2
cudotwórczo,ADJ,positive,+ s,3
cudotwórczy,ADV,positive,+ s,2
cudować,NOUN,negative,- s,4
cudować się,NOUN,negative,- s,2
cudowne dziecko,VERB,positive,+ m,2
cudownie,ADJ,positive,+ s,12
cudowność,VERB,positive,+ m,2
cudowny,ADV,positive,+ m,14
cudzo,ADJ,negative,- s,2
cudzołożnie,ADJ,negative,- s,3
cudzołożnik,VERB,negative,- s,2
cudzołożność,VERB,negative,- s,4
cudzołożny,ADV,negative,- m,4
cudzołóstwo,VERB,negative,- s,2
cudzy,ADV,negative,- s,2
cukierkowato,ADJ,negative,- s,2
cukierkowaty,ADV,negative,- m,2
cukierkowo,ADJ,negative,- s,4
cukierkowy,ADV,positive,+ s,3
cukrzany,ADV,negative,- s,1
cwajnos,VERB,negative,- s,2
cwaniacki,ADV,negative,- m,2
cwaniacko,ADJ,negative,- s,3
cwaniakować,NOUN,negative,- s,4
cwanie,ADJ,negative,- s,1
cwaność,VERB,negative,- s,2
cwany,ADV,positive,+ s,2
cwel,VERB,negative,- m,4
cyberatak,VERB,negative,- s,1
cyberprzestępca,VERB,negative,- m,2
cyberterrorysta,VERB,negative,- m,2
cycatka,VERB,positive,+ s,2
cycaty,ADV,negative,- s,2
cyceroński,ADV,positive,+ s,2
cyckać,NOUN,negative,- m,2
cyckać się,NOUN,negative,- s,2
cygan,VERB,negative,- s,6
cyganiątko,VERB,positive,+ s,3
cygarko,VERB,positive,+ s,2
cygański,ADV,negative,- m,2
cygańskie dziecko,VERB,positive,+ s,2
cygańsko,ADJ,negative,- s,1
cykor,VERB,negative,- s,4
cymbał,VERB,negative,- m,2
cymes,VERB,positive,+ s,3
cyngiel,VERB,negative,- s,4
cynicznie,ADJ,negative,- m,2
cyniczny,ADV,negative,- m,4
cynik,VERB,negative,- m,2
cynizm,VERB,negative,- s,2
cyrk,VERB,negative,- s,2
cyrkowiec,VERB,positive,+ s,2
cyrkówka,VERB,negative,- s,2
czaderski,ADV,positive,+ s,4
czadersko,ADJ,positive,+ s,4
czadowo,ADJ,positive,+ s,4
czadowy,ADV,positive,+ s,4
czaić,NOUN,positive,+ s,2
czapeczka,VERB,positive,+ s,1
czarci,ADV,negative,- s,5
czarci pomiot,VERB,negative,- m,2
czarcie nasienie,VERB,negative,- m,2
czarna dziura,VERB,negative,- s,3
czarna godzina,VERB,negative,- s,3
czarna niewdzięczność,VERB,negative,- m,2
czarna owca,VERB,negative,- m,2
czarna reakcja,VERB,negative,- s,2
czarna robota,VERB,negative,- s,3
czarna rozpacz,VERB,negative,- m,2
czarna sotnia,VERB,negative,- s,1
czarna strefa,VERB,negative,- m,2
czarnawy,ADV,negative,- s,5
czarne myśli,VERB,negative,- m,2
czarne podniebienie,VERB,negative,- m,2
czarniusieńki,ADV,positive,+ s,9
czarniusieńko,ADJ,negative,- s,5
czarniuteńki,ADV,negative,- s,7
czarniuteńko,ADJ,negative,- s,5
czarniutki,ADV,positive,+ s,9
czarniutko,ADJ,negative,- s,6
czarniuśki,ADV,negative,- s,7
czarniuśko,ADJ,negative,- s,6
czarno,ADJ,negative,- s,6
czarnogiełdziarz,VERB,negative,- m,2
czarnorynkowo,ADJ,negative,- s,2
czarnorynkowy,ADV,negative,- s,3
czarnoseciniec,VERB,negative,- s,1
czarnowidz,VERB,negative,- m,2
czarnuch,VERB,negative,- s,2
czarny,ADV,negative,- s,16
czarny koń,VERB,positive,+ s,2
czarny lud,VERB,negative,- m,2
czarny piotruś,VERB,negative,- s,1
czarny punkt,VERB,negative,- s,2
czarny rynek,VERB,negative,- m,2
czarodziejka,VERB,positive,+ m,2
czarodziejski,ADV,positive,+ m,2
czarodziejsko,ADJ,positive,+ s,2
czarować,NOUN,positive,+ s,2
czarownica,VERB,negative,- s,4
czarownie,ADJ,positive,+ m,2
czarownik,VERB,negative,- s,2
czarowny,ADV,positive,+ m,2
czart,VERB,negative,- m,4
czartowski,ADV,negative,- m,1
czarująco,ADJ,positive,+ s,3
czarujący,ADV,positive,+ m,4
czaruś,VERB,negative,- s,1
czas wolny,VERB,positive,+ s,2
czasochłonnie,ADJ,negative,- s,2
czasochłonność,VERB,negative,- s,2
czasochłonny,ADV,negative,- s,2
czasoumilacz,VERB,positive,+ s,2
czciciel,VERB,negative,- s,1
czcigodnie,ADJ,positive,+ s,2
czcigodność,VERB,positive,+ s,2
czcigodny,ADV,positive,+ s,2
czcić,NOUN,positive,+ s,11
czczo,ADJ,negative,- s,4
czczość,VERB,negative,- m,2
czczy,ADV,negative,- s,11
czekać jak na godota,NOUN,negative,- s,2
czekać na godota,NOUN,negative,- s,2
czekać tatka latka,NOUN,negative,- s,2
czekoladka,VERB,positive,+ s,2
czekoladowo,ADJ,positive,+ s,2
czekoladowy,ADV,positive,+ s,1
czelnie,ADJ,negative,- s,2
czelność,VERB,negative,- m,3
czelny,ADV,negative,- s,4
czeluść,VERB,negative,- s,5
czempion,VERB,positive,+ s,4
czempion wszechwag,VERB,positive,+ s,2
czepialski,ADV,negative,- m,2
czepialsko,ADJ,negative,- s,2
czepiać się,NOUN,negative,- s,4
czepić się,NOUN,negative,- s,2
czepliwie,ADJ,negative,- s,2
czepliwość,VERB,negative,- s,2
czepliwy,ADV,negative,- s,6
czereda,VERB,negative,- s,1
czerep,VERB,negative,- s,1
czerepa,VERB,negative,- m,2
czerpać,NOUN,positive,+ s,2
czerska,VERB,negative,- s,2
czerstwo,ADJ,negative,- s,4
czerstwość,VERB,positive,+ m,2
czerstwy,ADV,positive,+ s,4
czerwona burżuazja,VERB,negative,- m,2
czerwona fala,VERB,negative,- s,2
czerwona noc,VERB,positive,+ s,2
czerwona strefa,VERB,negative,- m,2
czerwoniutki,ADV,positive,+ s,2
czerwoniutko,ADJ,positive,+ s,2
czerwonkowy,ADV,negative,- s,2
czerwony,ADV,negative,- s,4
czerwony,VERB,negative,- s,4
czerń,VERB,negative,- s,2
czetnik,VERB,negative,- m,1
czort,VERB,positive,+ s,6
czortowski,ADV,negative,- m,2
czołobitny,ADV,negative,- s,2
czołowy,ADV,positive,+ m,2
czołówka,VERB,negative,- s,3
cztery deski,VERB,negative,- s,1
czujnie,ADJ,positive,+ s,1
czujny,ADV,positive,+ s,3
czule,ADJ,positive,+ s,5
czulenie się,VERB,positive,+ m,2
czupiradło,VERB,negative,- s,2
czupurność,VERB,negative,- s,2
czupurny,ADV,negative,- s,1
czuwać,NOUN,positive,+ s,6
czuło,ADJ,positive,+ s,4
czułostkowo,ADJ,negative,- s,2
czułostkowość,VERB,negative,- s,2
czułostkowy,ADV,negative,- s,4
czułość,VERB,positive,+ m,4
czuły,ADV,positive,+ s,7
czwartoligowy,ADV,negative,- s,2
czwartorzędny,ADV,negative,- s,4
czyn nierządny,VERB,negative,- s,3
czynić,NOUN,negative,- s,2
czynna zniewaga,VERB,negative,- m,2
czynnie,ADJ,positive,+ s,4
czynny,ADV,positive,+ s,5
czynownictwo,VERB,negative,- s,1
czysta gra,VERB,positive,+ s,2
czyste ręce,VERB,positive,+ s,2
czystka,VERB,negative,- m,4
czystka etniczna,VERB,negative,- m,2
czysto,ADJ,positive,+ s,33
czystość,VERB,positive,+ s,2
czysty,ADV,positive,+ s,31
czysty jak diament,ADV,positive,+ s,3
czysty jak kryształ,ADV,positive,+ s,6
czyszczenie,VERB,positive,+ s,1
czytankowy,ADV,negative,- s,2
czytać,NOUN,positive,+ s,2
czytelnie,ADJ,positive,+ s,4
czytelność,VERB,positive,+ s,1
czytelny,ADV,positive,+ s,3
czyściuchny,ADV,positive,+ s,26
czyściusieńki,ADV,positive,+ s,9
czyściuteńki,ADV,positive,+ s,17
czyściuteńko,ADJ,positive,+ s,18
czyściutki,ADV,positive,+ s,33
czyściutko,ADJ,positive,+ s,20
czyścić,NOUN,negative,- s,14
czyścić się,NOUN,positive,+ s,1
czyśćcowy,ADV,negative,- s,2
człapak,VERB,negative,- m,2
człeczyna,VERB,negative,- s,2
człowieczek,VERB,negative,- s,4
człowieczeństwo,VERB,positive,+ m,2
człowieczy,ADV,positive,+ s,2
człowiek,VERB,positive,+ s,3
człowiek czynu,VERB,positive,+ s,2
człowiek honoru,VERB,positive,+ s,2
człowiek instytucja,VERB,positive,+ m,2
człowiek interesu,VERB,positive,+ s,2
człowiek o wielkim sercu,VERB,positive,+ m,2
człowiek renesansu,VERB,positive,+ s,2
człowiek starej daty,VERB,negative,- s,1
człowiek wielkiego ducha,VERB,positive,+ s,2
człowiek wielkiego serca,VERB,positive,+ m,2
córcia,VERB,positive,+ m,2
córeczka,VERB,negative,- s,3
córeńka,VERB,positive,+ m,2
córka,VERB,negative,- s,2
córuchna,VERB,positive,+ m,2
córula,VERB,positive,+ m,2
córunia,VERB,positive,+ m,2
córusia,VERB,positive,+ m,2
córuś,VERB,positive,+ m,2
cło ochronne,VERB,positive,+ s,1
dach nad głową,VERB,positive,+ s,2
dach świata,VERB,positive,+ s,1
daleki,ADV,negative,- s,8
daleko,ADJ,negative,- s,4
dalekosiężnie,ADJ,positive,+ s,1
dalekosiężność,VERB,positive,+ s,1
dalekosiężny,ADV,positive,+ s,1
dalekowidzący,ADV,positive,+ s,2
dalekowzrocznie,ADJ,positive,+ s,3
dalekowzroczność,VERB,positive,+ s,2
dalekowzroczny,ADV,positive,+ s,4
dama,VERB,positive,+ s,4
dama do towarzystwa,VERB,negative,- s,2
dama kameliowa,VERB,negative,- s,1
damesa,VERB,negative,- s,2
damski,ADV,positive,+ s,2
damski bokser,VERB,negative,- m,2
damski krawiec,VERB,negative,- s,2
damula,VERB,negative,- s,4
damulka,VERB,negative,- s,4
dandys,VERB,negative,- m,2
dandysowaty,ADV,negative,- s,1
dantejska scena,VERB,negative,- m,2
dar,VERB,positive,+ m,2
dar ziemi,VERB,positive,+ s,2
darczyńca,VERB,positive,+ s,1
daremnie,ADJ,negative,- s,3
daremno,ADJ,negative,- s,2
daremność,VERB,negative,- s,2
daremny,ADV,negative,- s,2
darmo,ADJ,negative,- s,3
darmocha,VERB,negative,- s,2
darmowy,ADV,positive,+ s,1
darmozjad,VERB,negative,- m,2
darowizna,VERB,positive,+ s,2
darzyć,NOUN,positive,+ s,3
datek,VERB,positive,+ s,4
daun,VERB,negative,- m,2
dawca narządów,VERB,negative,- m,2
dawca obrączki,VERB,negative,- s,3
dawca organów,VERB,negative,- m,2
dawca spermy,VERB,negative,- m,2
dawka śmiertelna,VERB,negative,- s,3
dać czarną polewkę,NOUN,negative,- s,2
dałn,VERB,negative,- m,2
dbale,ADJ,positive,+ s,2
dbać,NOUN,positive,+ s,2
dbałość,VERB,positive,+ s,2
dbały,ADV,positive,+ s,5
deadline,VERB,negative,- s,1
debeściak,VERB,positive,+ s,3
debil,VERB,negative,- m,2
debilnie,ADJ,negative,- m,12
debilność,VERB,negative,- m,5
debilny,ADV,negative,- s,13
debilowato,ADJ,negative,- s,8
debilowaty,ADV,negative,- s,11
debiutanckość,VERB,negative,- s,1
decha,VERB,negative,- s,2
decydująco,ADJ,positive,+ s,2
decydujący,ADV,positive,+ s,1
decyzja,VERB,positive,+ s,2
decyzyjny,ADV,positive,+ s,2
dedlajn,VERB,negative,- s,2
dedykować,NOUN,positive,+ s,2
defekacyjny,ADV,negative,- m,2
defekt,VERB,negative,- s,2
defektowny,ADV,negative,- s,2
defektowy,ADV,negative,- s,2
defektywny,ADV,negative,- s,2
defetysta,VERB,negative,- m,2
defetystycznie,ADJ,negative,- s,2
deficyt,VERB,negative,- s,3
deficytowo,ADJ,negative,- s,4
deficytowość,VERB,negative,- s,5
deficytowy,ADV,negative,- s,4
definiowalnie,ADJ,positive,+ s,1
definiowalny,ADV,positive,+ s,2
definitywność,VERB,negative,- s,2
deformacja,VERB,negative,- s,2
deformować,NOUN,negative,- s,2
defraudacja,VERB,negative,- m,2
defraudant,VERB,negative,- m,2
degenerat,VERB,negative,- m,2
degradacja,VERB,negative,- s,2
degradacja społeczna,VERB,negative,- s,2
dehumanizacja,VERB,negative,- s,3
dekadencki,ADV,negative,- s,3
dekadencko,ADJ,negative,- s,2
dekadenckość,VERB,negative,- s,2
dekadent,VERB,negative,- s,2
dekadentka,VERB,negative,- s,2
deklamacja,VERB,negative,- s,2
deklamacyjność,VERB,negative,- m,2
deklamator,VERB,negative,- s,2
deklamatorstwo,VERB,negative,- m,2
deklaracyjny,ADV,negative,- s,2
deklaratywizm,VERB,negative,- s,2
deklaratywnie,ADJ,negative,- s,2
deklaratywność,VERB,negative,- s,2
deklaratywny,ADV,negative,- s,2
dekoniunktura,VERB,negative,- s,1
dekoracja,VERB,positive,+ s,1
dekoracyjnie,ADJ,positive,+ s,5
dekoracyjny,ADV,negative,- s,4
dekownik,VERB,negative,- m,2
delator,VERB,negative,- m,2
delektować się,NOUN,positive,+ s,3
delfin,VERB,positive,+ s,2
delicja,VERB,positive,+ s,1
delikates,VERB,positive,+ s,2
delikatesowo,ADJ,positive,+ s,5
delikatesowy,ADV,positive,+ s,2
delikatnie,ADJ,positive,+ s,13
delikatniutki,ADV,negative,- s,9
delikatniś,VERB,negative,- s,2
delikatność,VERB,positive,+ s,6
delikatny,ADV,positive,+ s,16
delikwent,VERB,negative,- s,2
demagog,VERB,negative,- m,2
demagogicznie,ADJ,negative,- s,3
demagogiczny,ADV,negative,- s,4
demaskator,VERB,positive,+ s,2
demaskatorski,ADV,positive,+ s,2
demaskatorsko,ADJ,positive,+ s,2
demineralizować się,NOUN,negative,- s,1
demistyfikator,VERB,positive,+ s,2
demistyfikatorski,ADV,positive,+ s,2
demistyfikatorsko,ADJ,positive,+ s,2
demistyfikować,NOUN,positive,+ s,2
demitologizować,NOUN,positive,+ s,2
demitologizować się,NOUN,positive,+ s,2
demiurgiczny,ADV,positive,+ s,2
demobilizacja,VERB,negative,- m,2
demokratycznie,ADJ,positive,+ s,3
demokratyczność,VERB,positive,+ s,2
demokratyczny,ADV,positive,+ m,2
demon,VERB,positive,+ m,2
demonicznie,ADJ,negative,- m,8
demoniczność,VERB,negative,- m,2
demoniczny,ADV,negative,- s,9
demonizm,VERB,negative,- m,2
demonstracja,VERB,negative,- s,2
demonstracyjnie,ADJ,negative,- s,2
demonstracyjny,ADV,negative,- s,2
demonstrowanie,VERB,negative,- s,2
demoralizator,VERB,negative,- m,2
demówka,VERB,negative,- s,2
denat,VERB,negative,- s,2
denatka,VERB,negative,- s,2
denerwować się,NOUN,negative,- s,4
denerwująco,ADJ,negative,- s,2
denerwujący,ADV,negative,- m,2
dennie,ADJ,negative,- m,2
denny,ADV,negative,- m,2
denuncjant,VERB,negative,- m,2
denuncjator,VERB,negative,- m,2
deprawator,VERB,negative,- m,2
deprecjacja,VERB,negative,- s,1
depresja,VERB,negative,- s,3
depresja gospodarcza,VERB,negative,- m,2
depresyjnie,ADJ,negative,- s,7
depresyjność,VERB,negative,- s,2
depresyjny,ADV,negative,- s,7
deprymująco,ADJ,negative,- s,4
deprymujący,ADV,negative,- s,5
derp,VERB,negative,- s,2
deser,VERB,positive,+ s,2
designerski,ADV,positive,+ s,1
deska,VERB,negative,- s,2
desperacja,VERB,negative,- m,4
desperacki,ADV,negative,- s,2
desperacko,ADJ,negative,- s,2
desperat,VERB,negative,- m,2
despocja,VERB,negative,- s,1
despota,VERB,negative,- s,5
despotia,VERB,negative,- s,1
despotycznie,ADJ,negative,- m,2
despotyczność,VERB,negative,- m,2
despotyczny,ADV,negative,- m,4
despotyzm,VERB,negative,- m,2
destabilizacja,VERB,negative,- s,2
destrukcja,VERB,negative,- s,3
destrukcyjnie,ADJ,negative,- m,4
destrukcyjny,ADV,negative,- m,6
destruktor,VERB,negative,- m,2
destruktywnie,ADJ,negative,- m,2
destruktywny,ADV,negative,- s,3
destylować,NOUN,positive,+ s,1
deszczyk,VERB,positive,+ s,2
detalicznie,ADJ,positive,+ s,4
detaliczny,ADV,positive,+ s,1
detalista,VERB,negative,- s,1
determinacja,VERB,positive,+ s,1
dewastacja,VERB,negative,- s,4
dewastacyjny,ADV,negative,- m,4
dewastator,VERB,negative,- m,2
dewiacyjnie,ADJ,negative,- s,3
dewiacyjny,ADV,negative,- s,2
dewiant,VERB,negative,- s,2
dewiat,VERB,negative,- s,2
dewiza,VERB,positive,+ s,1
dewizowo,ADJ,positive,+ s,1
dewizówka,VERB,negative,- s,2
dewocyjny,ADV,negative,- m,4
dewot,VERB,negative,- m,2
dezercja,VERB,negative,- s,5
dezerter,VERB,negative,- s,4
dezerterka,VERB,negative,- s,4
dezinformacja,VERB,negative,- s,4
dezorganizacja,VERB,negative,- s,2
dezorientacja,VERB,negative,- s,2
dezynfekcyjnie,ADJ,positive,+ s,2
dezynwoltura,VERB,negative,- s,2
diabelec,VERB,negative,- s,2
diabelnie,ADJ,negative,- s,3
diabelny,ADV,negative,- m,5
diabelski,ADV,negative,- m,9
diabelski wynalazek,VERB,negative,- s,2
diabelsko,ADJ,negative,- s,8
diabelskość,VERB,negative,- m,8
diabelstwo,VERB,negative,- m,2
diabeł,VERB,positive,+ m,6
diabeł wcielony,VERB,negative,- m,2
diabełek,VERB,negative,- s,1
diablica,VERB,negative,- s,5
diablik,VERB,positive,+ s,2
diabolicznie,ADJ,negative,- s,5
diaboliczność,VERB,negative,- m,2
diaboliczny,ADV,positive,+ s,11
diabolizm,VERB,negative,- m,2
diagnostycznie,ADJ,positive,+ s,1
diagnostyka,VERB,positive,+ s,2
diagnoza,VERB,positive,+ s,1
diament,VERB,positive,+ m,2
diamentowo,ADJ,positive,+ s,1
diamentowy,ADV,positive,+ s,1
dickensowski,ADV,negative,- s,1
dietetycznie,ADJ,positive,+ s,2
dietetyczny,ADV,positive,+ s,2
dinozaur,VERB,positive,+ s,2
dintojra,VERB,negative,- s,2
dionizyjski,ADV,positive,+ s,2
disco,VERB,positive,+ s,2
discopolowy,ADV,negative,- s,1
diva,VERB,positive,+ m,2
diwa,VERB,positive,+ m,2
dizajnerski,ADV,positive,+ s,1
dno,VERB,negative,- m,2
do bani,ADV,negative,- m,2
do cna,ADJ,negative,- s,3
do czorta,VERB,negative,- s,2
do czysta,ADJ,positive,+ s,7
do diabła,VERB,negative,- s,2
do diaska,VERB,negative,- s,2
do dupy,ADJ,negative,- s,3
do dupy,ADV,negative,- m,2
do goła,ADJ,negative,- s,2
do jasnej anielki,VERB,negative,- s,2
do jasnej cholery,VERB,negative,- s,2
do kaduka,VERB,negative,- s,2
do kata,VERB,negative,- s,2
do kitu,ADJ,negative,- s,2
do kotleta,ADJ,negative,- s,2
do kotleta,ADV,negative,- s,1
do kroćset diabłów,VERB,negative,- s,2
do kroćset katów,VERB,negative,- s,2
do kurwy nędzy,VERB,negative,- m,2
do licha,VERB,negative,- s,2
do licha ciężkiego,VERB,negative,- s,2
do naga,ADJ,negative,- s,2
do niczego,ADJ,negative,- m,2
do pioruna,VERB,negative,- s,2
do porzygania,ADJ,negative,- m,2
do porzygania się,ADJ,negative,- m,2
do rany przyłóż,ADV,positive,+ s,3
do rzeczy,ADJ,positive,+ s,2
do stu diabłów,VERB,negative,- s,2
do stu piorunów,VERB,negative,- s,2
do syta,ADJ,positive,+ s,4
do szczętu,ADJ,negative,- m,2
do szpiku kości,ADJ,negative,- s,3
do usranej śmierci,ADJ,negative,- s,3
dobadać,NOUN,positive,+ s,3
dobadać się,NOUN,positive,+ s,3
dobadywać,NOUN,positive,+ s,1
dobadywać się,NOUN,positive,+ s,1
dobiec,NOUN,positive,+ s,2
dobiegać,NOUN,positive,+ s,2
dobiegnąć,NOUN,positive,+ s,2
dobijać,NOUN,positive,+ s,19
dobijać się,NOUN,negative,- s,9
dobitnie,ADJ,negative,- s,1
dobić,NOUN,positive,+ s,16
dobić się,NOUN,positive,+ s,7
doborowo,ADJ,positive,+ s,3
doborowy,ADV,positive,+ m,2
dobra,VERB,positive,+ s,1
dobrany,ADV,positive,+ s,4
dobro,VERB,positive,+ m,6
dobroczynnie,ADJ,positive,+ s,5
dobroczynny,ADV,positive,+ s,4
dobroczyńca,VERB,positive,+ m,2
dobrodusznie,ADJ,positive,+ s,2
dobroduszność,VERB,positive,+ m,2
dobroduszny,ADV,positive,+ s,4
dobrodziej,VERB,positive,+ s,2
dobrodziejstwo,VERB,positive,+ s,4
dobrosąsiedzko,ADJ,positive,+ s,2
dobrotliwie,ADJ,positive,+ s,4
dobrotliwość,VERB,positive,+ m,2
dobrotliwy,ADV,positive,+ s,6
dobrowolnie,ADJ,positive,+ s,2
dobrowolny,ADV,positive,+ s,2
dobroć,VERB,positive,+ m,2
dobry,ADV,positive,+ s,26
dobry duch,VERB,positive,+ m,2
dobry jak chleb,ADV,positive,+ s,3
dobry znajomy,VERB,positive,+ s,2
dobrze,ADJ,positive,+ s,18
dobrze wychowany,ADV,positive,+ s,2
dobudować,NOUN,positive,+ s,1
dobywać się,NOUN,negative,- s,1
dobyć się,NOUN,positive,+ s,1
doceniać,NOUN,positive,+ s,2
docenić,NOUN,positive,+ s,2
dochodowo,ADJ,positive,+ s,2
dochodowość,VERB,positive,+ s,3
dochodowy,ADV,positive,+ m,2
dochodzik,VERB,positive,+ s,1
dochowywać,NOUN,positive,+ s,2
dociekliwość,VERB,positive,+ s,2
docieplać,NOUN,positive,+ s,2
docieplić,NOUN,positive,+ s,1
docinać,NOUN,negative,- s,3
dociąć,NOUN,negative,- s,3
doczekać,NOUN,positive,+ s,1
doczekać się,NOUN,positive,+ s,3
doczekiwać,NOUN,positive,+ s,2
doczekiwać się,NOUN,positive,+ s,2
docześnie,ADJ,negative,- s,2
doczyszczać,NOUN,positive,+ s,2
doczyszczać się,NOUN,positive,+ s,2
doczyścić,NOUN,positive,+ s,4
doczyścić się,NOUN,positive,+ s,2
dodatkowy,ADV,positive,+ s,1
dodatni,ADV,positive,+ s,2
dodatnio,ADJ,positive,+ s,2
dodatniość,VERB,positive,+ s,2
dogadywać,NOUN,positive,+ s,1
dogadzać sobie,NOUN,negative,- s,2
dogasać,NOUN,negative,- s,4
dogaszać,NOUN,positive,+ s,2
dogaszać się,NOUN,negative,- s,2
doglądać,NOUN,positive,+ s,4
doglądnąć,NOUN,positive,+ s,4
dogmatycznie,ADJ,negative,- s,2
dogmatyczny,ADV,negative,- s,5
dogmatyk,VERB,negative,- s,2
dogmatyzować,NOUN,negative,- s,3
dogmatyzować się,NOUN,negative,- s,3
dogodnie,ADJ,positive,+ s,4
dogodność,VERB,positive,+ m,2
dogodny,ADV,positive,+ s,4
dogodzić,NOUN,positive,+ s,2
dogotować,NOUN,positive,+ s,3
dogotowywać,NOUN,positive,+ s,3
dogrzebać się,NOUN,positive,+ s,4
dogrzebywać się,NOUN,positive,+ s,3
dogłębnie,ADJ,positive,+ s,3
dogłębność,VERB,negative,- s,3
dogłębny,ADV,negative,- s,3
doinformować,NOUN,positive,+ s,2
doinformować się,NOUN,positive,+ s,2
doinformowywać,NOUN,positive,+ s,2
doinformowywać się,NOUN,positive,+ s,2
dointelektualizować,NOUN,positive,+ s,2
dointelektualizować się,NOUN,positive,+ s,3
doić,NOUN,negative,- s,3
dojechać,NOUN,negative,- s,7
dojeżdżać,NOUN,negative,- s,6
dojmująco,ADJ,negative,- m,2
dojmujący,ADV,negative,- m,1
dojna krowa,VERB,positive,+ m,1
dojrzale,ADJ,positive,+ s,4
dojrzałość,VERB,positive,+ s,3
dojrzały,ADV,positive,+ s,6
dojrzeć,NOUN,positive,+ s,2
dojutrek,VERB,negative,- s,2
dojście,VERB,positive,+ s,2
dokarmić,NOUN,positive,+ s,2
dokopać,NOUN,negative,- s,3
dokopać się,NOUN,positive,+ s,2
dokopywać się,NOUN,positive,+ s,3
dokroić,NOUN,positive,+ s,1
dokrwić,NOUN,positive,+ s,1
dokrwić się,NOUN,positive,+ s,1
doktrynalnie,ADJ,negative,- s,2
doktryner,VERB,negative,- s,2
doktrynerski,ADV,negative,- s,5
doktrynersko,ADJ,negative,- s,2
dokuczliwie,ADJ,negative,- s,3
dokuczliwy,ADV,negative,- m,2
dokumentnie,ADJ,negative,- s,4
dokądś,ADJ,positive,+ s,2
dokładnie,ADJ,positive,+ s,3
dokładność,VERB,positive,+ s,5
dokładny,ADV,positive,+ s,5
dola,VERB,negative,- s,1
doleczać,NOUN,positive,+ s,2
doleczyć,NOUN,positive,+ s,2
dolegliwość,VERB,negative,- m,2
dolegliwy,ADV,negative,- m,2
doliniarstwo,VERB,negative,- s,2
dolosować,NOUN,positive,+ s,1
dolosowywać,NOUN,positive,+ s,1
dom,VERB,positive,+ s,1
dom dziecka,VERB,negative,- s,1
dom obłąkanych,VERB,negative,- s,6
dom otwarty,VERB,positive,+ s,1
dom pogodnej starości,VERB,positive,+ s,2
dom publiczny,VERB,negative,- s,2
dom samotnej matki,VERB,positive,+ s,2
dom starców,VERB,negative,- m,1
dom wariatów,VERB,negative,- s,5
domawiać,NOUN,positive,+ s,2
domek,VERB,positive,+ s,3
domek z kart,VERB,negative,- m,2
domierzyć,NOUN,positive,+ s,1
dominator,VERB,positive,+ s,5
domiszcze,VERB,negative,- m,1
domokrąstwo,VERB,negative,- s,1
domorosły,ADV,positive,+ s,8
domowo,ADJ,positive,+ s,5
domowy,ADV,positive,+ s,2
domurować,NOUN,positive,+ s,1
domyć,NOUN,positive,+ s,2
domyślać się,NOUN,positive,+ s,2
domyślnie,ADJ,positive,+ s,2
domyślny,ADV,positive,+ s,2
domówić,NOUN,positive,+ s,2
don,VERB,negative,- m,2
donacja,VERB,positive,+ s,2
donikąd,ADJ,negative,- s,2
doniosłość,VERB,positive,+ m,2
doniosły,ADV,positive,+ s,4
doniośle,ADJ,positive,+ s,2
donkichotowsko,ADJ,negative,- s,2
donkiszot,VERB,negative,- s,4
donkiszotowsko,ADJ,negative,- s,2
donna,VERB,positive,+ s,2
donosiciel,VERB,negative,- m,2
donosicielski,ADV,negative,- m,5
donosicielsko,ADJ,negative,- s,3
donośny,ADV,positive,+ s,4
donżuan,VERB,negative,- s,2
dookolnie,ADJ,negative,- s,2
dopadać,NOUN,negative,- s,2
dopasowany,ADV,positive,+ s,2
dopasować,NOUN,positive,+ s,1
dopasowywać,NOUN,positive,+ s,1
dopatrzeć,NOUN,positive,+ s,1
dopatrzeć się,NOUN,positive,+ s,1
dopatrzyć się,NOUN,positive,+ s,1
dopaść,NOUN,negative,- s,2
dopełniać,NOUN,positive,+ s,2
dopełnienie,VERB,positive,+ s,1
dopełnić,NOUN,positive,+ s,1
dopieprzać się,NOUN,negative,- m,2
dopieprzyć się,NOUN,negative,- m,2
dopierać,NOUN,positive,+ s,2
dopierać się,NOUN,positive,+ s,2
dopierdalać się,NOUN,negative,- m,2
dopierdolić się,NOUN,negative,- m,2
dopieszczać,NOUN,positive,+ s,3
dopieścić,NOUN,positive,+ s,3
dopinać,NOUN,positive,+ s,2
doping,VERB,negative,- s,6
dopingować,NOUN,positive,+ s,2
dopiąć swego,NOUN,positive,+ s,2
dopleść,NOUN,positive,+ s,1
dopompować,NOUN,negative,- s,3
dopompować się,NOUN,negative,- s,4
dopompowywać,NOUN,negative,- s,3
dopompowywać się,NOUN,negative,- s,2
dopowiadać,NOUN,positive,+ s,5
dopowiedzieć,NOUN,positive,+ s,6
dopracować,NOUN,positive,+ s,2
dopraszać się,NOUN,negative,- s,2
doprać,NOUN,positive,+ s,2
doprać się,NOUN,positive,+ s,2
doprosić się,NOUN,negative,- s,1
doprowadzić,NOUN,negative,- s,2
dopust,VERB,negative,- s,2
dopust boży,VERB,negative,- s,2
dopuszczalnie,ADJ,positive,+ s,2
dopuszczalny,ADV,positive,+ s,2
dorabiać,NOUN,negative,- s,2
dorabiać się,NOUN,positive,+ s,7
doradczo,ADJ,positive,+ s,1
doradczy,ADV,positive,+ s,2
doradzać,NOUN,positive,+ s,2
doradzić,NOUN,positive,+ s,2
doradztwo,VERB,positive,+ s,1
dorastać,NOUN,positive,+ s,2
doraźność,VERB,positive,+ s,3
doregulować,NOUN,positive,+ s,2
doregulowywać,NOUN,positive,+ s,1
dorobek,VERB,positive,+ s,2
dorobić,NOUN,positive,+ s,3
dorobić się,NOUN,positive,+ s,8
dorobkiewicz,VERB,negative,- m,2
dorobkiewiczowski,ADV,negative,- s,2
dorobkiewiczowsko,ADJ,negative,- s,2
dorobkowicz,VERB,negative,- m,2
dorodnie,ADJ,positive,+ s,6
dorodność,VERB,positive,+ s,5
dorodny,ADV,positive,+ m,4
dorosnąć,NOUN,positive,+ s,4
dorosły,ADV,positive,+ m,2
dorośle,ADJ,positive,+ s,2
dorwać,NOUN,negative,- s,5
dorwać się,NOUN,positive,+ s,1
dorywać,NOUN,positive,+ s,1
dorywczość,VERB,negative,- s,2
dorzecznie,ADJ,positive,+ s,2
dorzeczność,VERB,positive,+ s,2
dorzeczny,ADV,positive,+ s,2
dorznąć,NOUN,negative,- s,2
dorównać,NOUN,positive,+ s,2
dosadnie,ADJ,negative,- s,2
dosadność,VERB,negative,- s,3
dosiebny,ADV,negative,- s,4
dosiedzieć,NOUN,negative,- s,1
dosięgalny,ADV,positive,+ s,4
doskonale,ADJ,positive,+ m,8
doskonalić,NOUN,positive,+ s,2
doskonałość,VERB,positive,+ m,4
doskonały,ADV,positive,+ m,10
dospać,NOUN,positive,+ s,2
dostatecznie,ADJ,positive,+ s,4
dostateczny,ADV,positive,+ s,3
dostatek,VERB,positive,+ s,5
dostatni,ADV,positive,+ s,2
dostatnio,ADJ,positive,+ s,5
dostawa,VERB,positive,+ s,1
dostawiać,NOUN,positive,+ s,1
dostawić,NOUN,positive,+ s,1
dostojeństwo,VERB,positive,+ s,3
dostojnie,ADJ,positive,+ s,2
dostojność,VERB,positive,+ s,2
dostojny,ADV,positive,+ s,6
dostrajać,NOUN,positive,+ s,2
dostrzegalność,VERB,positive,+ s,1
dostrzegalny,ADV,positive,+ s,3
dostrzelać,NOUN,negative,- s,3
dostrzelić,NOUN,negative,- s,3
dostęp,VERB,positive,+ s,4
dostępnie,ADJ,positive,+ s,5
dostępność,VERB,positive,+ s,2
dostępny,ADV,positive,+ s,8
dostępować,NOUN,positive,+ s,1
dosypiać,NOUN,positive,+ s,2
doszczelniać,NOUN,positive,+ s,2
doszczelniać się,NOUN,positive,+ s,1
doszczelnić,NOUN,positive,+ s,1
doszczętnie,ADJ,negative,- m,2
doszczętność,VERB,negative,- m,2
doszczętny,ADV,negative,- m,2
doszkalać,NOUN,positive,+ s,2
doszkalać się,NOUN,positive,+ s,2
doszkolić,NOUN,positive,+ s,4
doszkolić się,NOUN,positive,+ s,2
doszukać się,NOUN,positive,+ s,1
dosładzać,NOUN,negative,- s,1
dosłodzić,NOUN,negative,- s,1
dosłuchać się,NOUN,positive,+ s,2
dosłyszalnie,ADJ,positive,+ s,1
dotaskać,NOUN,negative,- s,2
dotaszczyć,NOUN,negative,- s,2
dotkliwie,ADJ,negative,- m,2
dotkliwy,ADV,negative,- m,2
dotknąć,NOUN,negative,- s,3
dotleniać,NOUN,positive,+ s,2
dotleniać się,NOUN,positive,+ s,1
dotlenić,NOUN,positive,+ s,2
dotlenić się,NOUN,positive,+ s,2
dotoczyć się,NOUN,positive,+ s,1
dotrzymać,NOUN,positive,+ s,2
dotykalnie,ADJ,positive,+ s,2
dotykać,NOUN,negative,- s,2
dowcipas,VERB,negative,- s,2
dowcipnie,ADJ,positive,+ s,2
dowcipniś,VERB,negative,- s,2
dowcipność,VERB,positive,+ s,4
dowcipny,ADV,positive,+ s,4
dowieść,NOUN,positive,+ s,2
dowitaminizować,NOUN,positive,+ s,3
dowitaminizować się,NOUN,positive,+ s,2
dowitaminizowywać,NOUN,positive,+ s,4
dowitaminizowywać się,NOUN,positive,+ s,2
dowlec,NOUN,negative,- s,8
dowlec się,NOUN,negative,- s,4
dowlekać,NOUN,negative,- s,6
dowlekać się,NOUN,negative,- s,4
down,VERB,negative,- m,2
dowodliwy,ADV,positive,+ s,1
dowodny,ADV,positive,+ s,2
dowodzić,NOUN,positive,+ s,6
dowód rzeczowy,VERB,positive,+ s,1
dozbierać,NOUN,positive,+ s,2
dozbierywać,NOUN,positive,+ s,2
dozgonnie,ADJ,positive,+ s,2
doziębiać się,NOUN,negative,- s,2
doziębić się,NOUN,negative,- s,2
dozorca,VERB,positive,+ s,1
dozwolony,ADV,positive,+ s,2
dołek,VERB,negative,- s,5
dołkowy,ADV,negative,- s,2
dołowy,ADV,negative,- s,2
dołujący,ADV,negative,- m,2
dośpiewać,NOUN,negative,- s,2
dośpiewać sobie,NOUN,negative,- s,2
dośpiewywać,NOUN,negative,- s,2
dośpiewywać sobie,NOUN,negative,- s,2
doświadczony,ADV,positive,+ s,2
dożywocie,VERB,negative,- m,1
drab,VERB,negative,- m,2
dragon,VERB,negative,- s,2
dragonada,VERB,negative,- m,2
dragoński,ADV,negative,- s,2
draka,VERB,negative,- m,2
drakoński,ADV,negative,- s,3
drakońsko,ADJ,negative,- m,4
dramacik,VERB,negative,- s,2
dramat,VERB,negative,- m,2
dramatycznie,ADJ,positive,+ s,9
dramatyczny,ADV,positive,+ s,8
dramatyzm,VERB,negative,- s,4
drapak,VERB,negative,- s,1
drapichrust,VERB,negative,- s,2
drapiestwo,VERB,negative,- s,3
drapieżca,VERB,negative,- s,3
drapieżczy,ADV,negative,- s,3
drapieżnie,ADJ,negative,- s,6
drapieżność,VERB,negative,- m,2
drapieżny,ADV,negative,- m,2
drastycznie,ADJ,negative,- s,3
drastyczność,VERB,negative,- s,3
drastyczny,ADV,negative,- s,6
drań,VERB,negative,- m,2
drański,ADV,negative,- m,8
drańsko,ADJ,negative,- s,3
draństwo,VERB,negative,- m,8
drażliwie,ADJ,negative,- s,2
drażliwość,VERB,negative,- m,4
drażliwy,ADV,negative,- s,9
drażniąco,ADJ,negative,- s,4
drażniący,ADV,negative,- s,5
dreptanina,VERB,negative,- s,2
dres,VERB,negative,- s,2
dresiarsko,ADJ,negative,- s,2
dresiarstwo,VERB,negative,- s,3
dresiarz,VERB,negative,- s,2
drewniany,ADV,negative,- s,12
drewnieć,NOUN,negative,- s,4
drewno,VERB,negative,- m,2
drgawkowy,ADV,negative,- s,2
drobiazg,VERB,negative,- s,1
drobiazgowo,ADJ,positive,+ s,2
drobiażdżek,VERB,positive,+ s,1
drobina,VERB,positive,+ s,2
drobnica,VERB,negative,- s,4
drobnicowy,ADV,negative,- s,2
drobniusieńki,ADV,positive,+ s,2
drobniuteńki,ADV,positive,+ s,2
drobniuteńko,ADJ,positive,+ s,4
drobniutki,ADV,negative,- s,2
drobniutko,ADJ,positive,+ s,3
drobno,ADJ,positive,+ s,2
drobnomieszczanin,VERB,negative,- s,2
drobnomieszczański,ADV,negative,- s,4
drobnomieszczańsko,ADJ,negative,- s,2
drobnomieszczańskość,VERB,negative,- s,2
drobnomieszczaństwo,VERB,negative,- s,2
drobnostkowy,ADV,negative,- s,6
drobnoszlachecki,ADV,negative,- s,1
drobny,ADV,positive,+ s,1
drobny ciułacz,VERB,negative,- s,2
droczyć,NOUN,negative,- s,2
droczyć się,NOUN,positive,+ s,2
droga,VERB,positive,+ s,2
droga przez mękę,VERB,negative,- m,2
drogi,ADV,positive,+ m,2
drogi,VERB,positive,+ s,2
drogie pieniądze,VERB,negative,- m,2
drogocenności,VERB,positive,+ m,2
drogocenny,ADV,positive,+ m,2
drogowskaz,VERB,positive,+ s,1
drożny,ADV,positive,+ s,4
druga młodość,VERB,positive,+ m,2
druga połowa,VERB,positive,+ s,2
drugi,ADV,positive,+ s,2
drugoligowy,ADV,negative,- s,2
drugoplanowo,ADJ,negative,- s,2
drugorzędnie,ADJ,negative,- s,2
drugorzędność,VERB,negative,- s,3
drugorzędny,ADV,negative,- s,2
druh,VERB,positive,+ s,2
druzgocąco,ADJ,negative,- m,2
druzgocący,ADV,negative,- m,2
drużyna,VERB,positive,+ s,1
drużyna harcerska,VERB,positive,+ m,1
drwaloseksualny,ADV,positive,+ s,2
drwiąco,ADJ,negative,- s,2
drwić,NOUN,negative,- s,9
dryblas,VERB,negative,- s,2
drylować,NOUN,negative,- s,2
drzazga,VERB,negative,- m,2
drzemać,NOUN,positive,+ s,1
drzemka,VERB,positive,+ s,1
drzewko,VERB,positive,+ s,1
drzeć,NOUN,negative,- s,2
drzwi,VERB,positive,+ s,2
drągal,VERB,negative,- s,2
dręczyciel,VERB,negative,- s,2
dręczyć,NOUN,negative,- s,12
drętwa gadka,VERB,negative,- s,2
drętwa mowa,VERB,negative,- s,2
drętwieć,NOUN,negative,- s,4
drętwo,ADJ,negative,- s,4
drętwota,VERB,negative,- m,4
drętwy,ADV,negative,- s,7
drżenie,VERB,negative,- s,2
drżączka,VERB,negative,- s,2
duch opiekuńczy,VERB,positive,+ s,2
duchowy ojciec,VERB,positive,+ s,1
dufnie,ADJ,negative,- s,2
dufność,VERB,negative,- s,2
dufny,ADV,negative,- s,2
dulcynea,VERB,positive,+ s,3
dulszczyzna,VERB,negative,- s,2
duma,VERB,negative,- m,6
dumnie,ADJ,positive,+ s,8
dumny,ADV,positive,+ m,2
dupa,VERB,negative,- s,2
dupa blada,VERB,negative,- m,2
dupa zbita,VERB,negative,- m,2
dupek,VERB,negative,- s,3
dupek żołędny,VERB,negative,- s,3
dupny,ADV,negative,- m,2
dupnąć,NOUN,negative,- s,10
dupnąć się,NOUN,negative,- s,2
dupogodzina,VERB,negative,- s,3
dureń,VERB,negative,- m,2
dureń patentowany,VERB,negative,- m,2
durnie,ADJ,negative,- s,8
durno,ADJ,negative,- s,6
durnota,VERB,negative,- m,2
durnowato,ADJ,negative,- s,10
durnowatość,VERB,negative,- s,5
durnowaty,ADV,negative,- s,14
durność,VERB,negative,- s,3
durny,ADV,negative,- s,19
dusiciel,VERB,negative,- m,2
dusigrosz,VERB,negative,- s,3
dusza,VERB,positive,+ s,4
dusza wołowa,VERB,negative,- m,2
dusznawo,ADJ,negative,- s,4
dusznawy,ADV,negative,- s,2
duszno,ADJ,negative,- s,8
duszny,ADV,negative,- s,6
duszyczka,VERB,positive,+ s,1
dusząco,ADJ,negative,- s,4
duszący,ADV,negative,- s,4
duży,ADV,positive,+ s,4
dużymi literami,ADJ,positive,+ s,1
dwa grzyby w barszcz,VERB,negative,- s,2
dwa grzyby w barszczu,VERB,negative,- s,4
dworak,VERB,negative,- m,2
dwornie,ADJ,positive,+ s,2
dworność,VERB,positive,+ s,2
dworny,ADV,positive,+ s,3
dworować,NOUN,negative,- s,2
dworski,ADV,positive,+ s,2
dworsko,ADJ,positive,+ s,2
dworskość,VERB,positive,+ s,2
dworus,VERB,negative,- m,2
dworzyszcze,VERB,positive,+ s,1
dwubiegunowy,ADV,negative,- s,2
dwulicowy,ADV,negative,- m,2
dwuwartościowość,VERB,negative,- s,2
dwuwładza,VERB,negative,- s,2
dwuznacznie,ADJ,negative,- s,2
dwuznaczność,VERB,negative,- s,2
dwuznaczny,ADV,negative,- s,2
dwójarz,VERB,negative,- m,2
dwójkarz,VERB,negative,- m,2
dwójkowicz,VERB,negative,- m,2
dychawicznie,ADJ,negative,- s,2
dychawiczny,ADV,negative,- s,4
dydaktycznie,ADJ,negative,- s,2
dydaktyka,VERB,negative,- s,2
dydaktyzm,VERB,negative,- s,2
dyferencja,VERB,negative,- s,2
dyferencyjny,ADV,negative,- s,2
dyktator,VERB,negative,- s,5
dyktatorka,VERB,negative,- s,2
dyktatorski,ADV,negative,- m,2
dyktatorsko,ADJ,negative,- m,2
dyktatorstwo,VERB,negative,- s,2
dyktatura,VERB,negative,- s,2
dyletancki,ADV,negative,- s,7
dyletancko,ADJ,negative,- s,2
dyletanctwo,VERB,negative,- s,2
dyletant,VERB,negative,- s,2
dyletantyzm,VERB,negative,- s,2
dymacz,VERB,negative,- m,2
dymisja,VERB,negative,- s,1
dynamicznie,ADJ,positive,+ s,3
dynamiczność,VERB,positive,+ s,7
dynamiczny,ADV,positive,+ s,8
dynamika,VERB,positive,+ s,7
dynamizm,VERB,positive,+ s,2
dynastyjka,VERB,negative,- s,1
dyplomata,VERB,positive,+ s,2
dyplomatycznie,ADJ,positive,+ s,2
dyplomatyczny,ADV,positive,+ s,2
dyplomowany,ADV,positive,+ s,2
dyrektywność,VERB,negative,- s,2
dyscyplina,VERB,positive,+ s,2
dyscyplinarnie,ADJ,negative,- s,2
dyscyplinarny,ADV,negative,- s,2
dysfunkcjonalny,ADV,negative,- s,5
dysfunkcyjny,ADV,negative,- m,1
dysgust,VERB,negative,- s,3
dysharmoniczny,ADV,negative,- s,2
dysharmonijnie,ADJ,negative,- s,10
dysharmonijny,ADV,negative,- s,11
dyshonor,VERB,negative,- m,2
dyska,VERB,positive,+ s,2
dyskomfort,VERB,negative,- s,3
dyskomfortowy,ADV,negative,- s,4
dyskrecja,VERB,positive,+ s,5
dyskredytacja,VERB,negative,- m,2
dyskretnie,ADJ,positive,+ s,4
dyskretność,VERB,positive,+ s,4
dyskretny,ADV,positive,+ s,9
dyskryminacja,VERB,negative,- m,2
dyskryminacyjnie,ADJ,negative,- s,2
dyskryminacyjny,ADV,negative,- s,2
dyskusyjnie,ADJ,negative,- s,2
dyskusyjność,VERB,negative,- s,2
dyskusyjny,ADV,negative,- s,2
dyskutować,NOUN,positive,+ s,2
dyskwalifikacja,VERB,negative,- s,2
dyskwalifikować,NOUN,negative,- s,2
dysonans,VERB,negative,- s,2
dysonansowo,ADJ,negative,- s,5
dysonansowy,ADV,negative,- s,2
dysponowany,ADV,positive,+ s,2
dyspozycja,VERB,positive,+ s,2
dyspozycyjność,VERB,positive,+ s,2
dyspozycyjny,ADV,positive,+ s,1
dysproporcja,VERB,negative,- s,1
dystrakcja,VERB,positive,+ s,1
dystrakt,VERB,negative,- s,2
dystyngowanie,ADJ,positive,+ s,2
dystyngowany,ADV,positive,+ m,2
dysydencko,ADJ,negative,- s,2
dysydent,VERB,negative,- s,2
dyszkantowy,ADV,negative,- s,1
dywersant,VERB,negative,- m,2
dyzgust,VERB,negative,- s,6
dziad,VERB,negative,- s,7
dziadkowy,ADV,negative,- s,2
dziadostwo,VERB,negative,- s,7
dziadowski,ADV,negative,- s,6
dziadowsko,ADJ,negative,- s,6
dziadowy,ADV,negative,- m,2
dziadulek,VERB,positive,+ s,2
dziadunio,VERB,positive,+ s,1
dziadyga,VERB,negative,- s,2
dziadzia,VERB,positive,+ s,2
dziadzio,VERB,positive,+ m,2
dziadzisko,VERB,negative,- s,2
dziadziu,VERB,positive,+ m,2
dziamać,NOUN,negative,- s,8
dziarski,ADV,positive,+ s,5
dziarsko,ADJ,positive,+ s,2
dziarskość,VERB,positive,+ s,2
dziateczki,VERB,positive,+ s,1
dziatwa,VERB,negative,- s,1
działaczka,VERB,positive,+ s,1
działać,NOUN,positive,+ s,2
dzicz,VERB,negative,- m,2
dzida,VERB,negative,- s,2
dzidzia,VERB,positive,+ s,4
dzidzia piernik,VERB,negative,- s,2
dzidzia-piernik,VERB,negative,- s,2
dzidziuś,VERB,positive,+ s,2
dzieciaczek,VERB,positive,+ s,2
dzieciaczysko,VERB,negative,- s,1
dzieciak,VERB,negative,- m,2
dzieciarnia,VERB,negative,- s,1
dzieciary,VERB,negative,- s,2
dziecinnie,ADJ,negative,- s,2
dziecinność,VERB,negative,- s,7
dziecinny,ADV,negative,- s,6
dzieciobójca,VERB,negative,- m,2
dzieciobójstwo,VERB,negative,- m,2
dzieciorób,VERB,negative,- m,2
dzieciska,VERB,positive,+ s,1
dzieciuch,VERB,negative,- s,4
dzieciątko,VERB,positive,+ s,2
dziecię,VERB,positive,+ s,2
dziecięcość,VERB,negative,- s,2
dziecko beliala,VERB,negative,- s,2
dziecko ulicy,VERB,negative,- s,2
dziedzictwo,VERB,positive,+ s,1
dziejowy,ADV,positive,+ m,2
dzielnie,ADJ,positive,+ s,2
dzielny,ADV,positive,+ s,7
dziennikarsko,ADJ,positive,+ s,1
dziennikarzyna,VERB,negative,- m,2
dzierżawina,VERB,negative,- s,1
dzierżeć,NOUN,positive,+ s,1
dzierżymorda,VERB,negative,- m,2
dzierżyć,NOUN,positive,+ s,4
dziesięciorzędny,ADV,negative,- s,4
dziewczyna lekkich obyczajów,VERB,negative,- s,2
dziewczyna lekkiego prowadzenia,VERB,negative,- s,2
dziewczyna uliczna,VERB,negative,- s,3
dziewczyna z sąsiedztwa,VERB,positive,+ s,2
dziewczynisko,VERB,negative,- s,2
dziewczynka,VERB,positive,+ s,1
dziewczysko,VERB,negative,- s,1
dziewczyński,ADV,negative,- s,2
dziewczyńsko,ADJ,negative,- s,2
dziewczęcy,ADV,positive,+ s,1
dzieweczka,VERB,positive,+ s,2
dziewica,VERB,positive,+ s,2
dziewica konsystorska,VERB,negative,- s,2
dziewictwo,VERB,positive,+ s,2
dziewiczo,ADJ,positive,+ s,5
dziewiczość,VERB,positive,+ s,2
dziewiczy,ADV,positive,+ s,3
dziewięciorzędny,ADV,negative,- s,4
dziewoja,VERB,positive,+ s,2
dziewuszysko,VERB,negative,- s,2
dzieło,VERB,positive,+ s,2
dzieło sztuki,VERB,positive,+ s,4
dzień gniewu,VERB,negative,- m,3
dzień i noc,ADJ,negative,- s,2
dzień ostateczny,VERB,negative,- m,1
dzień sądu ostatecznego,VERB,negative,- m,1
dzień trzech wiedźm,VERB,negative,- s,1
dzień wolny,VERB,positive,+ s,1
dzik,VERB,negative,- s,2
dziki,ADV,negative,- s,10
dziki lokator,VERB,negative,- m,2
dziki zachód,VERB,negative,- s,3
dziko,ADJ,negative,- s,6
dzikość,VERB,negative,- s,4
dzikus,VERB,negative,- m,2
dziobaty,ADV,negative,- s,2
dzisiejszo,ADJ,positive,+ s,1
dziunia,VERB,positive,+ s,5
dziupla,VERB,negative,- s,4
dziura,VERB,negative,- s,7
dziurawe ręce,VERB,negative,- s,2
dziurawo,ADJ,negative,- s,5
dziurawy,ADV,negative,- s,5
dziurawy jak durszlak,ADV,negative,- m,2
dziurawy worek,VERB,negative,- s,2
dziwa,VERB,negative,- m,2
dziwactwo,VERB,negative,- s,4
dziwacznie,ADJ,negative,- s,2
dziwaczny,ADV,negative,- s,2
dziwadło,VERB,negative,- m,2
dziwak,VERB,negative,- m,2
dziwka,VERB,negative,- m,4
dziwkarz,VERB,negative,- m,2
dziwkarz gawędziarz,VERB,negative,- s,2
dziwkarz teoretyk,VERB,negative,- s,2
dziwotwór,VERB,negative,- s,2
dziwowisko,VERB,negative,- s,2
dzióbek,VERB,positive,+ s,1
dziękczynić,NOUN,positive,+ s,2
dziękować,NOUN,positive,+ s,2
dół,VERB,negative,- s,3
dębieć,NOUN,negative,- s,8
dętka,VERB,negative,- s,4
dęto,ADJ,negative,- s,2
dętologia,VERB,negative,- s,2
dęty,ADV,negative,- s,4
dławiduda,VERB,negative,- s,2
dłubać,NOUN,positive,+ s,2
dłubać się,NOUN,negative,- s,2
dług,VERB,negative,- s,5
dług honorowy,VERB,negative,- s,3
dług moralny,VERB,negative,- s,3
dług spadkowy,VERB,negative,- s,1
dług wdzięczności,VERB,negative,- s,3
długachny,ADV,negative,- s,4
długawo,ADJ,negative,- s,2
długawy,ADV,negative,- s,1
długaśnie,ADJ,negative,- s,4
długaśny,ADV,negative,- s,4
długie ręce,VERB,negative,- s,2
długo,ADJ,negative,- s,2
długofalowo,ADJ,positive,+ s,2
długojęzyczny,ADV,negative,- s,2
długonogość,VERB,positive,+ m,2
długookresowo,ADJ,positive,+ s,2
długookresowy,ADV,positive,+ s,2
długoterminowo,ADJ,positive,+ s,2
długoterminowy,ADV,positive,+ s,2
długowiecznie,ADJ,positive,+ s,2
długowieczność,VERB,positive,+ s,2
długowieczny,ADV,positive,+ s,1
dłużnik,VERB,positive,+ s,1
dłużyzna,VERB,negative,- s,3
dźwigać,NOUN,negative,- s,10
dźwigać się,NOUN,negative,- s,5
dźwignia,VERB,positive,+ s,2
dźwięcznie,ADJ,positive,+ s,2
dźwięczność,VERB,positive,+ m,2
dźwięczny,ADV,positive,+ m,4
dźwiękliwy,ADV,positive,+ s,2
dżaga,VERB,positive,+ m,3
dżentelmen,VERB,positive,+ m,2
dżentelmeneria,VERB,positive,+ m,2
dżentelmeński,ADV,positive,+ s,7
dżentelmeńsko,ADJ,positive,+ s,5
dżez,VERB,positive,+ s,1
dżihadysta,VERB,negative,- m,2
dżungla,VERB,negative,- s,5
eden,VERB,positive,+ m,2
edukacja,VERB,positive,+ s,1
edukacyjnie,ADJ,positive,+ s,1
edukacyjność,VERB,positive,+ s,2
edypowy,ADV,negative,- s,1
efeb,VERB,positive,+ m,2
efekciarski,ADV,negative,- s,2
efekciarsko,ADJ,negative,- s,2
efekciarz,VERB,negative,- m,2
efekt,VERB,positive,+ s,2
efektownie,ADJ,positive,+ s,3
efektowność,VERB,positive,+ s,2
efektowny,ADV,positive,+ m,4
efektowy,ADV,positive,+ s,1
efektywnie,ADJ,positive,+ s,2
efektywność,VERB,positive,+ s,5
efektywny,ADV,positive,+ s,4
efemerycznie,ADJ,negative,- s,2
efemeryczny,ADV,negative,- s,2
efemerydalny,ADV,negative,- s,2
efronteria,VERB,negative,- s,2
egalitarnie,ADJ,positive,+ s,4
egalitarny,ADV,positive,+ s,2
egalitarystycznie,ADJ,positive,+ s,4
egalitarystyczny,ADV,positive,+ s,2
egocentrycznie,ADJ,negative,- s,2
egocentryczność,VERB,negative,- m,2
egocentryczny,ADV,negative,- s,4
egocentryk,VERB,negative,- m,2
egocentryzm,VERB,negative,- m,2
egoista,VERB,negative,- m,2
egoistka,VERB,negative,- s,2
egoistycznie,ADJ,negative,- s,2
egoistyczność,VERB,negative,- m,4
egoistyczny,ADV,negative,- s,4
egoizm,VERB,negative,- m,1
egotyczny,ADV,negative,- s,3
egotysta,VERB,negative,- s,2
egotystyczny,ADV,negative,- s,2
egotyzm,VERB,negative,- s,2
egzageracja,VERB,negative,- s,2
egzaltacja,VERB,negative,- s,2
egzaltowanie,ADJ,negative,- s,2
egzaltowany,ADV,negative,- s,5
egzamin,VERB,negative,- s,2
egzamin poprawkowy,VERB,negative,- s,1
egzekucja,VERB,negative,- s,5
egzekwowalny,ADV,positive,+ s,2
egzemplarz,VERB,negative,- s,2
ejdetyczny,ADV,positive,+ s,1
ekologicznie,ADJ,positive,+ s,4
ekonomia,VERB,positive,+ s,3
ekonomicznie,ADJ,positive,+ s,2
ekonomiczny,ADV,positive,+ s,6
ekorozwój,VERB,positive,+ s,2
eksces,VERB,negative,- m,2
ekscesy,VERB,negative,- s,2
ekscesywny,ADV,negative,- s,4
ekscytacja,VERB,positive,+ m,2
ekscytująco,ADJ,positive,+ s,3
ekscytujący,ADV,positive,+ m,2
ekshibicjonista,VERB,negative,- s,4
ekshibicjonistka,VERB,negative,- s,2
ekshibicjonistycznie,ADJ,negative,- s,4
ekshibicjonistyczny,ADV,negative,- s,3
ekskluzywizm,VERB,negative,- s,1
ekskluzywnie,ADJ,negative,- s,6
ekskluzywność,VERB,positive,+ m,2
ekskluzywny,ADV,positive,+ m,2
ekskrementy,VERB,negative,- s,1
eksmisja,VERB,negative,- s,1
eksmąż,VERB,negative,- s,1
ekspansywnie,ADJ,negative,- s,4
ekspansywny,ADV,positive,+ s,3
ekspercki,ADV,positive,+ m,1
ekspert,VERB,positive,+ m,2
ekspertka,VERB,positive,+ s,2
eksperymentalny,ADV,positive,+ s,2
eksperymentatorski,ADV,positive,+ s,1
eksperymentować,NOUN,positive,+ s,3
eksploatacja,VERB,negative,- m,2
eksploatator,VERB,negative,- s,3
eksploatatorski,ADV,negative,- s,1
eksploatatorsko,ADJ,negative,- s,2
eksplozja,VERB,positive,+ s,3
eksplozywnie,ADJ,negative,- m,2
eksplozywny,ADV,negative,- s,6
eksponowany,ADV,positive,+ s,2
ekspresja,VERB,positive,+ s,2
ekspresowo,ADJ,positive,+ m,2
ekspresowy,ADV,positive,+ s,3
ekspresyjność,VERB,positive,+ s,2
ekspresywność,VERB,positive,+ s,2
ekstatycznie,ADJ,positive,+ s,8
ekstatyczność,VERB,positive,+ m,2
ekstatyczny,ADV,positive,+ s,5
ekstaza,VERB,positive,+ m,2
eksterminacja,VERB,negative,- m,2
ekstra,ADJ,positive,+ m,2
ekstra,ADV,positive,+ s,6
ekstraklasa,VERB,positive,+ s,5
ekstraklasowy,ADV,positive,+ m,2
ekstrawersyjny,ADV,positive,+ s,2
ekstrawertyczny,ADV,positive,+ s,2
ekstrem,VERB,negative,- m,1
ekstrema,VERB,negative,- s,2
ekstremalnie,ADJ,negative,- s,3
ekstremalność,VERB,negative,- s,3
ekstremalny,ADV,negative,- s,4
ekstremista,VERB,negative,- m,2
ekstremistyczny,ADV,negative,- s,5
eksżona,VERB,negative,- s,1
ekwilibrystyczny,ADV,positive,+ s,2
elastycznie,ADJ,positive,+ s,6
elastyczność,VERB,positive,+ s,1
elastyczny,ADV,positive,+ s,6
eldorado,VERB,positive,+ s,2
elegancik,VERB,negative,- m,2
elegancja,VERB,positive,+ s,2
elegancki,ADV,positive,+ s,14
elegancko,ADJ,positive,+ s,13
elegant,VERB,positive,+ m,4
elegantka,VERB,positive,+ s,4
elegijność,VERB,negative,- s,2
elegijny,ADV,negative,- s,2
elektryfikacja,VERB,positive,+ s,2
elektryzująco,ADJ,positive,+ s,2
elektryzujący,ADV,positive,+ m,1
element,VERB,negative,- s,3
eliksir życia,VERB,positive,+ s,1
elita,VERB,positive,+ s,1
elitarność,VERB,positive,+ s,2
elitarny,ADV,positive,+ m,1
elizjum,VERB,positive,+ s,1
elokwencja,VERB,positive,+ m,2
elokwentny,ADV,positive,+ m,2
elukubracja,VERB,negative,- s,2
emancypować,NOUN,positive,+ s,4
emancypować się,NOUN,positive,+ s,2
embrionalny,ADV,negative,- s,2
emfaza,VERB,negative,- s,2
emigracja wewnętrzna,VERB,negative,- s,3
eminentny,ADV,positive,+ s,3
emocjonujący,ADV,positive,+ s,1
empatia,VERB,positive,+ m,2
empatycznie,ADJ,positive,+ s,2
empatyczny,ADV,positive,+ s,5
encyklopedysta,VERB,positive,+ m,2
enerdowski futbol,VERB,negative,- s,2
energetycznie,ADJ,positive,+ s,2
energetyczność,VERB,positive,+ s,3
energetyczny,ADV,positive,+ s,4
energia,VERB,positive,+ m,4
energicznie,ADJ,positive,+ s,3
energiczność,VERB,positive,+ s,4
energiczny,ADV,positive,+ s,6
energochłonność,VERB,negative,- s,1
energooszczędny,ADV,positive,+ s,4
enfant terrible,VERB,negative,- s,2
enigmatycznie,ADJ,negative,- s,2
enigmatyczność,VERB,negative,- s,2
enigmatyczny,ADV,negative,- s,4
enkawudzista,VERB,negative,- s,2
enklawa,VERB,positive,+ s,1
entropia,VERB,negative,- s,2
entropijny,ADV,negative,- s,3
entuzjasta,VERB,positive,+ s,2
entuzjastka,VERB,positive,+ s,2
entuzjastycznie,ADJ,positive,+ m,2
entuzjastyczność,VERB,positive,+ s,2
entuzjastyczny,ADV,positive,+ m,4
entuzjazm,VERB,positive,+ m,2
enty,ADV,negative,- s,2
epicki,ADV,positive,+ m,2
epicko,ADJ,positive,+ m,2
epidemicznie,ADJ,negative,- s,3
epidemiczny,ADV,negative,- s,2
epigoński,ADV,negative,- s,2
epigońsko,ADJ,negative,- s,2
epikurejski,ADV,negative,- s,3
episjer,VERB,negative,- s,2
epitet,VERB,negative,- m,2
epizod,VERB,negative,- s,2
epizodycznie,ADJ,negative,- s,1
epokowy,ADV,positive,+ s,2
ergonomicznie,ADJ,positive,+ s,2
ergonomiczność,VERB,positive,+ s,2
ergonomiczny,ADV,positive,+ s,3
erodować,NOUN,negative,- s,4
erogenicznie,ADJ,positive,+ s,1
erogennie,ADJ,positive,+ s,1
erotoman,VERB,negative,- s,2
erotoman gawędziarz,VERB,negative,- s,2
erotoman teoretyk,VERB,negative,- s,2
erotomański,ADV,negative,- s,3
erotomańsko,ADJ,negative,- s,2
erotycznie,ADJ,positive,+ s,1
erotyczny,ADV,positive,+ s,3
erozyjny,ADV,negative,- s,2
erudycja,VERB,positive,+ s,2
erudycyjnie,ADJ,positive,+ s,3
erudycyjny,ADV,positive,+ s,4
erudyta,VERB,positive,+ m,2
erupcyjny,ADV,negative,- s,5
esbecja,VERB,negative,- m,2
esbek,VERB,negative,- m,2
esencjalny,ADV,positive,+ s,1
esencjonalnie,ADJ,positive,+ s,2
esencjonalność,VERB,positive,+ s,2
esencjonalny,ADV,positive,+ s,5
eskalacja,VERB,negative,- m,2
eskalowanie,VERB,negative,- m,2
eskapada,VERB,positive,+ s,1
eskapistyczny,ADV,negative,- s,2
esprit,VERB,positive,+ m,2
establishment,VERB,negative,- s,1
establishmentowy,ADV,negative,- s,2
esteta,VERB,positive,+ m,2
estetycznie,ADJ,positive,+ s,2
estetyczny,ADV,positive,+ s,2
estetyzacja,VERB,positive,+ s,2
estetyzować,NOUN,positive,+ s,4
estetyzować się,NOUN,positive,+ s,4
estradowość,VERB,positive,+ s,1
eterycznie,ADJ,positive,+ s,2
eteryczny,ADV,positive,+ s,2
etos,VERB,positive,+ s,2
etosowy,ADV,positive,+ s,4
etycznie,ADJ,positive,+ s,2
etyczność,VERB,positive,+ m,2
etyczny,ADV,positive,+ s,4
etyka,VERB,positive,+ s,2
eufonicznie,ADJ,positive,+ s,2
euforia,VERB,positive,+ m,2
euforycznie,ADJ,positive,+ s,2
euforyczny,ADV,positive,+ m,2
eurocentryczny,ADV,negative,- s,1
europejskość,VERB,positive,+ s,1
europocentryczny,ADV,negative,- s,1
ewakuacja,VERB,positive,+ s,1
ewangelia,VERB,positive,+ m,2
ewangelicznie,ADJ,positive,+ s,1
ewolucja,VERB,positive,+ m,4
expresowo,ADJ,positive,+ m,2
expresowy,ADV,positive,+ s,2
extra,ADJ,positive,+ m,2
extra,ADV,positive,+ s,6
extraklasa,VERB,positive,+ m,4
ezopowy,ADV,positive,+ s,2
fabrycznie,ADJ,negative,- s,1
fabryka marzeń,VERB,positive,+ s,1
fabryka snów,VERB,positive,+ s,1
fachman,VERB,positive,+ s,2
fachowiec,VERB,positive,+ m,2
fachowo,ADJ,positive,+ s,3
fachowość,VERB,positive,+ m,2
fachowy,ADV,positive,+ m,4
fachura,VERB,positive,+ s,2
fafuła,VERB,negative,- m,2
fagas,VERB,negative,- m,2
fagasostwo,VERB,negative,- m,2
fair,ADJ,positive,+ s,2
fair play,VERB,positive,+ s,2
fajansiarski,ADV,negative,- s,2
fajerant,VERB,positive,+ s,2
fajerwerki,VERB,positive,+ s,2
fajerwerkowy,ADV,positive,+ s,3
fajnie,ADJ,positive,+ s,2
fajniutki,ADV,positive,+ s,4
fajno,ADJ,positive,+ s,2
fajność,VERB,positive,+ s,2
fajny,ADV,positive,+ s,4
fajowo,ADJ,positive,+ s,2
fajowski,ADV,positive,+ m,2
fajowsko,ADJ,positive,+ s,3
fajowy,ADV,positive,+ s,5
fajrant,VERB,positive,+ s,2
fajtłapa,VERB,negative,- m,2
fajtłapowaty,ADV,negative,- s,2
faktyczny,ADV,positive,+ s,2
fala,VERB,negative,- m,1
falowo,ADJ,negative,- s,2
falsyfikacja,VERB,negative,- m,2
falsyfikator,VERB,negative,- m,2
familiarnie,ADJ,positive,+ s,1
familijnie,ADJ,positive,+ s,2
familijność,VERB,positive,+ s,2
familijny,ADV,positive,+ s,2
famulus,VERB,positive,+ s,2
fanaberia,VERB,negative,- s,3
fanaberyjnie,ADJ,negative,- s,2
fanatyczka,VERB,negative,- s,3
fanatycznie,ADJ,negative,- m,2
fanatyczność,VERB,negative,- m,4
fanatyczny,ADV,negative,- m,4
fanatyk,VERB,negative,- m,2
fanfara,VERB,positive,+ s,1
fanfaron,VERB,negative,- m,1
fanfaroński,ADV,negative,- s,2
fanfarońsko,ADJ,negative,- s,2
fanga,VERB,negative,- s,2
fanka,VERB,positive,+ s,1
fant,VERB,positive,+ s,2
fantasta,VERB,negative,- m,2
fantastycznie,ADJ,positive,+ s,8
fantastyczność,VERB,negative,- s,1
fantastyczny,ADV,positive,+ m,12
fantazyjnie,ADJ,positive,+ s,2
fantazyjny,ADV,positive,+ s,4
fantomatyczny,ADV,negative,- s,2
farbowany lis,VERB,negative,- m,2
farfocel,VERB,negative,- s,1
farsa,VERB,negative,- s,3
farsowo,ADJ,negative,- s,2
farsowy,ADV,negative,- s,2
fart,VERB,positive,+ m,2
fartownie,ADJ,positive,+ s,4
fartowność,VERB,positive,+ s,2
fartowny,ADV,positive,+ s,9
farys,VERB,positive,+ s,2
faryzejski,ADV,negative,- s,6
faryzejsko,ADJ,negative,- s,4
faryzeusz,VERB,negative,- m,2
faryzeuszowski,ADV,negative,- s,5
faryzeuszowsko,ADJ,negative,- s,4
fasadowo,ADJ,negative,- s,2
fasadowość,VERB,negative,- s,2
fasadowy,ADV,negative,- s,2
fascynująco,ADJ,positive,+ s,3
fascynujący,ADV,positive,+ m,2
fason,VERB,positive,+ s,1
fastrygować,NOUN,negative,- s,2
faszysta,VERB,negative,- m,4
faszystowsko,ADJ,negative,- m,2
faszystowskość,VERB,negative,- m,2
faszyzm,VERB,negative,- m,2
faszyzowanie,VERB,negative,- m,2
fatalista,VERB,negative,- s,2
fatalistycznie,ADJ,negative,- s,7
fatalistyczny,ADV,negative,- m,2
fatalizm,VERB,negative,- s,3
fatalnie,ADJ,negative,- s,4
fatalność,VERB,negative,- s,2
fatalny,ADV,negative,- m,6
fatum,VERB,negative,- s,2
faul,VERB,negative,- s,1
faworyt,VERB,positive,+ s,6
faworytka,VERB,positive,+ s,2
faworyzacja,VERB,negative,- s,2
faza,VERB,negative,- s,1
faza ożywienia,VERB,positive,+ m,2
faza rozkwitu,VERB,positive,+ m,2
fazowo,ADJ,positive,+ s,2
fazowy,ADV,positive,+ m,2
fałdka,VERB,negative,- s,2
fałsz,VERB,negative,- s,5
fałszerstwo,VERB,negative,- m,2
fałszerz,VERB,negative,- m,2
fałszywie,ADJ,negative,- s,6
fałszywiec,VERB,negative,- m,2
fałszywy,ADV,negative,- s,10
fałszywy prorok,VERB,negative,- m,2
fałszywy trop,VERB,negative,- s,2
fałszyzm,VERB,negative,- m,2
feblik,VERB,positive,+ s,2
febra,VERB,negative,- m,1
febrycznie,ADJ,negative,- s,3
febryczny,ADV,negative,- s,4
feeria,VERB,positive,+ s,2
feerycznie,ADJ,negative,- s,3
fekalia,VERB,negative,- s,1
fekalny,ADV,negative,- s,3
feler,VERB,negative,- s,2
felerność,VERB,negative,- s,5
felerny,ADV,negative,- m,4
felietoniarz,VERB,negative,- s,2
femme fatale,VERB,negative,- m,2
fenomen,VERB,positive,+ s,4
fenomenalnie,ADJ,positive,+ m,8
fenomenalny,ADV,positive,+ m,10
ferajna,VERB,positive,+ s,1
feralnie,ADJ,negative,- s,3
feralność,VERB,negative,- m,2
feralny,ADV,negative,- m,2
ferie,VERB,positive,+ s,1
ferment,VERB,negative,- m,1
fermentować,NOUN,negative,- s,3
fertycznie,ADJ,positive,+ s,2
fertyczny,ADV,positive,+ s,2
ferwor,VERB,positive,+ s,1
festyniarski,ADV,negative,- s,2
feta,VERB,positive,+ m,2
fetyszysta,VERB,negative,- s,4
fetyszystycznie,ADJ,negative,- s,2
fetyszystyczny,ADV,negative,- s,2
fetyszyzować,NOUN,negative,- s,3
fetyszyzować się,NOUN,negative,- s,2
feudalnie,ADJ,negative,- s,2
fiasko,VERB,negative,- m,2
fidrygasy,VERB,negative,- s,2
fidrygałki,VERB,negative,- s,2
figa,VERB,negative,- s,2
figa z makiem,VERB,negative,- s,3
figaro,VERB,positive,+ s,2
figiel,VERB,positive,+ s,1
figlarnie,ADJ,positive,+ s,5
figlarność,VERB,positive,+ s,2
figlarny,ADV,positive,+ s,2
figura,VERB,negative,- s,5
figurant,VERB,negative,- s,2
fikać,NOUN,positive,+ s,5
fikcyjność,VERB,negative,- s,1
fikcyjny,ADV,negative,- s,2
fiks,VERB,positive,+ s,3
fiksacja,VERB,negative,- s,3
fikuśny,ADV,positive,+ s,2
filantrop,VERB,positive,+ s,2
filantropijny,ADV,positive,+ s,2
filar,VERB,positive,+ m,2
filigranowo,ADJ,positive,+ s,4
filigranowy,ADV,positive,+ s,2
filister,VERB,negative,- s,2
filisteria,VERB,negative,- s,2
filisterski,ADV,negative,- m,4
filistersko,ADJ,negative,- s,2
filisterstwo,VERB,negative,- s,2
filmowo,ADJ,positive,+ s,1
filosemicki,ADV,negative,- s,1
filozof,VERB,negative,- s,4
filozoficznie,ADJ,positive,+ s,1
filozoficzny,ADV,positive,+ s,1
filtr,VERB,positive,+ s,4
filut,VERB,positive,+ s,2
filutek,VERB,positive,+ s,2
filuternie,ADJ,positive,+ s,2
filuterny,ADV,positive,+ s,2
finalistka,VERB,positive,+ s,1
finalizacja,VERB,positive,+ s,2
finezja,VERB,positive,+ s,2
finezyjnie,ADJ,positive,+ s,6
finezyjność,VERB,positive,+ s,5
finezyjny,ADV,positive,+ s,6
finisz,VERB,positive,+ s,2
fioł,VERB,negative,- m,2
fircyk,VERB,negative,- s,4
fircykowato,ADJ,negative,- s,4
fircykowatość,VERB,negative,- s,2
fircykowaty,ADV,negative,- s,8
firma,VERB,positive,+ s,2
firma krzak,VERB,negative,- s,3
firma wydmuszka,VERB,negative,- s,3
firma-wydmuszka,VERB,negative,- s,3
firmowo,ADJ,positive,+ s,2
firmowy,ADV,positive,+ s,2
fiskus,VERB,negative,- s,2
fiut,VERB,negative,- m,2
fizyczna niemożliwość,VERB,negative,- s,2
flagowy,ADV,positive,+ s,2
flak,VERB,negative,- s,2
flakowato,ADJ,negative,- s,8
flakowaty,ADV,negative,- s,11
flegma,VERB,negative,- s,4
flegmatycznie,ADJ,negative,- s,2
flegmatyczność,VERB,negative,- s,2
flegmatyczny,ADV,negative,- s,3
flejm,VERB,negative,- s,2
flejtuchowaty,ADV,negative,- m,2
fleksyjny,ADV,positive,+ s,2
flirciarz,VERB,negative,- s,1
flirtować,NOUN,positive,+ s,3
flądra,VERB,negative,- m,2
flądrowaty,ADV,negative,- m,2
fobia,VERB,negative,- s,3
foch,VERB,negative,- m,2
foczka,VERB,positive,+ m,2
foka,VERB,positive,+ m,2
foliarz,VERB,negative,- s,2
folksdojcz,VERB,negative,- m,2
folwarczyna,VERB,negative,- s,1
foremnie,ADJ,positive,+ s,2
foremny,ADV,positive,+ s,2
formalista,VERB,negative,- s,2
formalistyczny,ADV,negative,- s,2
formalistyka,VERB,negative,- s,2
formalizm,VERB,negative,- s,2
formalnie,ADJ,negative,- s,2
formalny,ADV,negative,- s,2
formułowalny,ADV,positive,+ s,1
forować,NOUN,negative,- s,3
forować się,NOUN,negative,- s,3
forsownie,ADJ,negative,- s,2
forteca,VERB,positive,+ s,2
forteczka,VERB,positive,+ s,2
fortuna,VERB,positive,+ s,5
fortunat,VERB,positive,+ s,2
fortunnie,ADJ,positive,+ s,6
fortunność,VERB,positive,+ s,2
fortunny,ADV,positive,+ s,13
fotogenicznie,ADJ,positive,+ s,2
fotogeniczny,ADV,positive,+ s,2
fotograficznie,ADJ,positive,+ s,2
fotograficzny,ADV,positive,+ s,2
fragmentarycznie,ADJ,negative,- s,2
frajda,VERB,positive,+ m,2
frajer,VERB,negative,- s,4
frajerski,ADV,negative,- m,2
frajersko,ADJ,negative,- s,3
frajerstwo,VERB,negative,- m,2
franca,VERB,negative,- m,4
francowato,ADJ,negative,- s,5
francowaty,ADV,negative,- m,6
francuzić,NOUN,negative,- s,2
frankofob,VERB,negative,- s,3
frantowski,ADV,negative,- s,2
frapująco,ADJ,positive,+ s,2
frapujący,ADV,positive,+ m,2
frasobliwie,ADJ,negative,- s,2
frasobliwy,ADV,negative,- s,4
frasunek,VERB,negative,- s,2
frazesowicz,VERB,negative,- s,2
frenetyczny,ADV,positive,+ s,2
frunąć,NOUN,positive,+ s,5
frustracja,VERB,negative,- m,2
frustrat,VERB,negative,- m,2
frustrująco,ADJ,negative,- s,3
fruwać,NOUN,positive,+ s,4
frycowe,VERB,negative,- m,2
fryga,VERB,positive,+ s,1
frykas,VERB,positive,+ s,2
frymarczny,ADV,negative,- s,2
frymuśny,ADV,positive,+ s,2
frywolność,VERB,negative,- s,3
frywolny,ADV,negative,- s,2
fugas chrustas,VERB,negative,- s,2
fuks,VERB,positive,+ m,2
fundamentalista,VERB,negative,- m,2
fundamentalistycznie,ADJ,negative,- s,2
fundamentalistyczny,ADV,negative,- s,6
fundator,VERB,positive,+ s,2
funkcjonalnie,ADJ,positive,+ s,3
funkcjonalność,VERB,positive,+ s,2
funkcjonalny,ADV,positive,+ s,4
funkcjonalny analfabeta,VERB,negative,- s,1
funkcjonować,NOUN,positive,+ s,2
funkiel nówka,VERB,positive,+ s,3
funta kłaków warty,ADV,negative,- m,2
furia,VERB,negative,- m,2
furiacki,ADV,negative,- s,6
furiacko,ADJ,negative,- m,2
furiat,VERB,negative,- m,2
furmański,ADV,negative,- s,2
furora,VERB,positive,+ m,2
furtka,VERB,positive,+ s,2
fuszer,VERB,negative,- m,2
fuszerski,ADV,negative,- m,2
futurystycznie,ADJ,positive,+ s,2
fąfel,VERB,positive,+ s,3
gad,VERB,negative,- m,2
gadulski,ADV,negative,- s,2
gadulstwo,VERB,negative,- s,2
gadzi,ADV,negative,- m,2
gadzina,VERB,negative,- s,3
gadzinowy,ADV,negative,- s,3
gadzio,VERB,negative,- s,2
gagatek,VERB,positive,+ s,2
galanteria,VERB,positive,+ s,2
galaretowato,ADJ,negative,- s,2
galaretowaty,ADV,negative,- s,1
galeriowy,ADV,positive,+ s,2
galimatias,VERB,negative,- s,2
galopada,VERB,negative,- s,1
galopant,VERB,negative,- s,1
galowo,ADJ,positive,+ s,1
gamajda,VERB,negative,- s,2
gamoniowatość,VERB,negative,- m,2
gamoniowaty,ADV,negative,- s,4
gamoń,VERB,negative,- m,2
gang,VERB,negative,- s,3
gangrenować,NOUN,negative,- m,2
gangster,VERB,negative,- m,2
gangsterski,ADV,negative,- s,3
ganiać,NOUN,negative,- s,13
ganiący,ADV,negative,- s,3
gap,VERB,negative,- s,2
gapa,VERB,negative,- s,2
gapiowato,ADJ,negative,- s,2
gapiowaty,ADV,negative,- s,5
gapowato,ADJ,negative,- s,2
gapowatość,VERB,negative,- m,2
gapowaty,ADV,negative,- s,5
gapowe,VERB,negative,- m,2
garb,VERB,negative,- s,2
garbate szczęście,VERB,negative,- s,2
garbato,ADJ,negative,- s,8
garbaty,ADV,negative,- s,2
garbus,VERB,negative,- m,2
gardlany,ADV,negative,- m,1
gardziciel,VERB,negative,- m,2
gardłowo,ADJ,negative,- m,2
gardłowy,ADV,negative,- m,2
gargamel,VERB,negative,- s,2
gargantuiczny,ADV,negative,- m,2
garkotłuk,VERB,negative,- m,2
garować,NOUN,negative,- s,4
garstka,VERB,negative,- s,1
gasić,NOUN,positive,+ s,4
gaskonada,VERB,negative,- s,2
gasnąć,NOUN,negative,- s,4
gatunkowo,ADJ,positive,+ s,2
gatunkowy,ADV,positive,+ s,2
gawiedź,VERB,negative,- s,2
gawrosz,VERB,positive,+ s,1
gawędziarski,ADV,positive,+ s,1
gawędziarsko,ADJ,positive,+ s,2
gazeciarski,ADV,negative,- s,1
gazetowy,ADV,negative,- s,2
gała,VERB,negative,- s,3
gałgan,VERB,negative,- s,2
gałgański,ADV,negative,- s,2
gałgańsko,ADJ,negative,- s,2
gałązka,VERB,positive,+ s,1
gbur,VERB,negative,- s,2
gburny,ADV,negative,- m,2
gburowato,ADJ,negative,- s,2
gburowatość,VERB,negative,- m,2
gburowaty,ADV,negative,- m,4
gburstwo,VERB,negative,- m,2
gderactwo,VERB,negative,- s,3
gderacz,VERB,negative,- s,2
gderanie,VERB,negative,- m,2
gderanina,VERB,negative,- m,2
gderliwie,ADJ,negative,- s,2
gderliwość,VERB,negative,- s,5
gderliwy,ADV,negative,- s,3
gdzie,ADJ,negative,- s,1
gdzieś,ADJ,negative,- s,3
gehenna,VERB,negative,- m,2
generalizująco,ADJ,negative,- s,2
generycznie,ADJ,positive,+ s,2
genialnie,ADJ,positive,+ m,4
genialność,VERB,positive,+ s,6
genialny,ADV,positive,+ m,6
geniusz,VERB,positive,+ s,5
gentleman,VERB,positive,+ m,2
gentlemański,ADV,positive,+ m,4
germanizacja,VERB,negative,- m,2
germanofob,VERB,negative,- m,2
germanofobia,VERB,negative,- m,2
gest,VERB,positive,+ s,2
gestapo,VERB,negative,- s,6
gestapowiec,VERB,negative,- m,2
geszefciarz,VERB,negative,- s,2
geszeft,VERB,negative,- s,3
getto,VERB,negative,- s,5
giaur,VERB,negative,- s,2
gibać,NOUN,negative,- s,2
gibki,ADV,positive,+ s,6
gibko,ADJ,positive,+ s,4
gibkość,VERB,positive,+ s,2
gibnąć,NOUN,negative,- s,9
gibnąć się,NOUN,positive,+ s,2
gidia,VERB,negative,- m,2
gieroj,VERB,negative,- s,2
gigant,VERB,negative,- s,5
gil,VERB,negative,- s,2
gile do pasa,VERB,negative,- m,2
gimb,VERB,negative,- s,2
gimbaza,VERB,negative,- s,1
gimbus,VERB,negative,- m,2
gimnastykować,NOUN,positive,+ s,3
gimnastykować się,NOUN,positive,+ s,2
gimnazista,VERB,negative,- m,2
gips,VERB,negative,- s,3
gitara,ADJ,positive,+ s,2
gitarka,ADJ,positive,+ s,2
giętki,ADV,positive,+ s,8
giętko,ADJ,positive,+ s,4
giętkość,VERB,positive,+ s,2
gladiatorstwo,VERB,negative,- s,2
gleba,VERB,negative,- s,2
gliniane ręce,VERB,negative,- s,3
glista,VERB,negative,- s,2
gloria,VERB,positive,+ m,1
glut,VERB,negative,- s,2
ględa,VERB,negative,- s,2
gmatwanina,VERB,negative,- m,2
gmin,VERB,negative,- s,1
gminnie,ADJ,negative,- s,2
gminny,ADV,negative,- s,2
gnać,NOUN,negative,- s,9
gniazdko,VERB,positive,+ s,4
gniazdo,VERB,positive,+ m,2
gnida,VERB,negative,- m,2
gniew,VERB,negative,- m,2
gniewliwie,ADJ,negative,- s,2
gniewliwy,ADV,negative,- s,3
gniewnie,ADJ,negative,- s,2
gniewny,ADV,negative,- s,6
gniot,VERB,negative,- s,2
gniotowaty,ADV,negative,- m,2
gnić,NOUN,negative,- s,11
gnojek,VERB,negative,- m,2
gnuśnie,ADJ,negative,- s,3
gnuśno,ADJ,negative,- s,3
gnuśność,VERB,negative,- m,4
gnuśny,ADV,negative,- m,6
gnój,VERB,negative,- m,4
gnębiciel,VERB,negative,- s,3
godnie,ADJ,positive,+ s,6
godność,VERB,positive,+ s,3
godny,ADV,positive,+ s,9
godny przeciwnik,VERB,positive,+ s,2
godzina milicyjna,VERB,negative,- s,1
godzina prawdy,VERB,negative,- s,2
godzina szczytu,VERB,negative,- s,1
godziwie,ADJ,positive,+ s,2
godziwy,ADV,positive,+ s,2
godzić,NOUN,positive,+ s,3
goebbelsowski,ADV,negative,- m,2
goebbelsowsko,ADJ,negative,- m,2
gogusiowato,ADJ,negative,- s,2
gogusiowaty,ADV,negative,- s,2
goguś,VERB,negative,- m,2
goić,NOUN,positive,+ s,2
goj,VERB,negative,- m,2
gojenie,VERB,positive,+ s,3
gojski,ADV,negative,- s,1
golas,VERB,negative,- s,4
golec,VERB,negative,- m,2
golem,VERB,negative,- s,2
goliat,VERB,negative,- s,1
golusieńko,ADJ,negative,- s,5
goluteńki,ADV,negative,- s,2
goluteńko,ADJ,negative,- s,5
golutki,ADV,negative,- s,2
golutko,ADJ,negative,- s,4
goluśki,ADV,negative,- s,2
gonić,NOUN,negative,- s,10
gorliwiec,VERB,negative,- m,2
gorliwy,ADV,positive,+ s,2
gorsza połowa,VERB,positive,+ s,2
gorszyciel,VERB,negative,- s,2
gorsząco,ADJ,negative,- s,5
gorszący,ADV,negative,- s,5
gorycz,VERB,negative,- s,4
gorzej,ADJ,negative,- s,2
gorzeć,NOUN,negative,- s,3
gorzka pigułka,VERB,negative,- m,2
gorzkawo,ADJ,negative,- s,1
gorzkawy,ADV,negative,- s,3
gorzki,ADV,negative,- s,3
gorzko,ADJ,negative,- s,7
gorąc,VERB,negative,- m,1
gorąca głowa,VERB,negative,- s,2
gorąca krew,VERB,negative,- s,3
gorąco,ADJ,positive,+ s,9
gorąco,VERB,negative,- s,2
gorącokrwisty,ADV,positive,+ s,2
gorący,ADV,negative,- s,9
gorący czas,VERB,negative,- s,2
gorączka,VERB,negative,- s,2
gorączkowo,ADJ,negative,- s,4
gorączkowość,VERB,negative,- s,2
gorączkowy,ADV,negative,- s,2
gospodarka rabunkowa,VERB,negative,- m,1
gospodarnie,ADJ,positive,+ s,2
gospodarność,VERB,positive,+ m,2
gospodarny,ADV,positive,+ s,4
gospodarski,ADV,positive,+ s,6
gotować,NOUN,positive,+ s,3
gotowiec,VERB,negative,- s,2
gotowość,VERB,positive,+ s,6
gotowy,ADV,positive,+ s,10
gotów,ADV,positive,+ s,3
goło,ADJ,negative,- s,4
gołodupiec,VERB,negative,- m,2
gołosłowie,VERB,negative,- s,2
gołosłownie,ADJ,negative,- s,2
gołosłowność,VERB,negative,- s,2
gołosłowny,ADV,negative,- m,2
gołowąs,VERB,negative,- m,2
goły,ADV,negative,- s,2
gołąbeczka,VERB,positive,+ s,2
gołąbka,VERB,positive,+ m,2
gołębica,VERB,positive,+ m,2
gościna,VERB,positive,+ s,2
gościnnie,ADJ,positive,+ s,4
gościnność,VERB,positive,+ m,2
gościnny,ADV,positive,+ s,6
gość,VERB,positive,+ s,2
gość honorowy,VERB,positive,+ s,2
grabiciel,VERB,negative,- m,2
grabieć,NOUN,negative,- s,2
grabież,VERB,negative,- s,3
grabieżca,VERB,negative,- m,2
grabieżnik,VERB,negative,- m,2
graciarnia,VERB,negative,- s,1
gracja,VERB,positive,+ s,3
gracz,VERB,negative,- s,2
grad,VERB,negative,- s,1
gradobicie,VERB,negative,- s,2
gradowisko,VERB,negative,- s,1
grafoman,VERB,negative,- m,2
grafomania,VERB,negative,- s,2
grafomański,ADV,negative,- s,3
grafomańsko,ADJ,negative,- s,4
grajdoł,VERB,negative,- s,2
grajdołek,VERB,negative,- s,2
gramatycznie,ADJ,positive,+ s,2
granatowa policja,VERB,negative,- s,1
granda,VERB,negative,- s,5
grandilokwencja,VERB,negative,- s,2
grandziarz,VERB,negative,- s,2
granica,VERB,negative,- s,4
granicznie,ADJ,negative,- m,1
granitowo,ADJ,positive,+ s,3
granitowy,ADV,positive,+ s,1
grasownik,VERB,negative,- s,2
grat,VERB,negative,- s,6
gratisowy,ADV,positive,+ s,1
gratka,VERB,positive,+ s,3
gratulacja,VERB,positive,+ s,1
gratulacje,VERB,positive,+ s,2
gratyfikacja,VERB,positive,+ s,1
grać,NOUN,negative,- s,13
grażyna,VERB,negative,- s,2
gringo,VERB,negative,- s,2
grobowa cisza,VERB,negative,- m,3
grobowo,ADJ,negative,- m,2
grobowość,VERB,negative,- m,2
grobowy,ADV,negative,- m,2
groch z kapustą,VERB,negative,- s,2
grochem o ścianę,ADJ,negative,- s,3
gromadka,VERB,positive,+ s,1
gromadzić,NOUN,positive,+ s,2
gromiciel,VERB,negative,- m,2
grosz przy duszy,VERB,negative,- m,2
groszorób,VERB,negative,- m,2
groteskowo,ADJ,negative,- s,2
groteskowy,ADV,negative,- s,2
groza,VERB,negative,- m,4
groźba,VERB,negative,- m,2
groźnie,ADJ,negative,- s,6
groźno,ADJ,negative,- s,4
groźny,ADV,negative,- s,9
grubachny,ADV,negative,- m,2
grubas,VERB,negative,- m,1
grubawo,ADJ,negative,- s,6
grubawy,ADV,negative,- s,3
grubaśny,ADV,negative,- s,3
grubianin,VERB,negative,- m,2
grubiański,ADV,negative,- m,4
grubiańsko,ADJ,negative,- s,3
grubiańskość,VERB,negative,- m,2
grubiaństwo,VERB,negative,- m,2
grubiutki,ADV,positive,+ s,7
grubiutko,ADJ,positive,+ s,9
grubo,ADJ,negative,- s,9
grubo ciosany,ADV,negative,- s,2
grubokościsty,ADV,negative,- s,2
gruboskór,VERB,negative,- s,2
gruboskórnie,ADJ,negative,- s,2
gruboskórność,VERB,negative,- m,2
gruboskórny,ADV,negative,- s,4
gruboskóry,ADV,negative,- s,2
grubość,VERB,negative,- m,2
gruby,ADV,negative,- s,7
gruby,VERB,negative,- m,1
gruby zwierz,VERB,positive,+ s,1
grubymi nićmi szyty,ADV,negative,- s,2
gruchanie,VERB,positive,+ s,2
gruchot,VERB,negative,- s,5
gruntownie,ADJ,positive,+ s,2
grupa przyjaźni,VERB,positive,+ s,1
grupa ryzyka,VERB,negative,- s,2
grupa wsparcia,VERB,positive,+ s,2
gruzeł,VERB,negative,- s,1
gruzowaty,ADV,negative,- m,2
gruzy,VERB,negative,- s,2
grymas,VERB,negative,- m,2
grymasić,NOUN,negative,- s,4
grymaszenie,VERB,negative,- s,2
grymaśnik,VERB,negative,- s,2
grymaśny,ADV,negative,- m,2
grypsera,VERB,negative,- s,1
grywalnie,ADJ,positive,+ s,2
grywalny,ADV,positive,+ s,2
gryzipiórek,VERB,negative,- m,4
gryzmolić,NOUN,negative,- s,2
gryzmoła,VERB,negative,- m,2
gryzoniowaty,ADV,negative,- s,2
gryząco,ADJ,negative,- s,7
gryzący,ADV,negative,- s,9
grzebać,NOUN,negative,- s,14
grzebać się,NOUN,negative,- s,4
grzebała,VERB,negative,- s,2
grzebuła,VERB,negative,- s,2
grzech,VERB,negative,- s,2
grzech ciężki,VERB,negative,- m,2
grzech powszedni,VERB,negative,- s,2
grzech sodomski,VERB,negative,- m,2
grzech śmiertelny,VERB,negative,- m,2
grzechowy,ADV,negative,- s,2
grzecznie,ADJ,positive,+ s,5
grzeczniutki,ADV,positive,+ s,6
grzeczniutko,ADJ,positive,+ s,5
grzeczniś,VERB,negative,- s,2
grzecznościowo,ADJ,positive,+ s,1
grzeczność,VERB,positive,+ s,6
grzeczny,ADV,positive,+ s,8
grzesznie,ADJ,negative,- s,3
grzesznik,VERB,negative,- s,2
grzeszność,VERB,negative,- s,2
grzeszny,ADV,negative,- s,4
grzmot,VERB,negative,- s,2
grzyb,VERB,negative,- m,2
grzybicznie,ADJ,negative,- s,2
grzybny,ADV,positive,+ s,1
grzybodajny,ADV,positive,+ s,1
grzywna,VERB,negative,- s,1
grząski,ADV,negative,- s,3
grząsko,ADJ,negative,- s,4
grząskość,VERB,negative,- s,4
grób pobielany,VERB,negative,- s,5
gród,VERB,positive,+ s,1
gula,VERB,negative,- m,1
gulka,VERB,negative,- s,1
gumowaty,ADV,negative,- s,1
gumowe ucho,VERB,negative,- s,2
gumowy,ADV,negative,- s,5
guru,VERB,positive,+ m,2
gustownie,ADJ,positive,+ s,2
gustowny,ADV,positive,+ s,2
guz,VERB,negative,- s,1
guzdralstwo,VERB,negative,- m,2
guzdrała,VERB,negative,- s,2
guzik,VERB,negative,- s,2
guzik z pętelką,VERB,negative,- s,2
gułag,VERB,negative,- s,3
gwarancja,VERB,positive,+ s,2
gwarantowanie,ADJ,positive,+ s,2
gwarantowany,ADV,positive,+ s,3
gwarantować,NOUN,positive,+ s,1
gwardia,VERB,positive,+ s,2
gwardia przyboczna,VERB,positive,+ s,2
gwałciciel,VERB,negative,- m,2
gwałt,VERB,negative,- s,5
gwałtownie,ADJ,negative,- s,3
gwałtownik,VERB,negative,- s,2
gwałtowność,VERB,negative,- m,6
gwałtowny,ADV,negative,- s,7
gwiazda,VERB,positive,+ s,2
gwiazda pierwszej wielkości,VERB,positive,+ m,2
gwiazdeczka,VERB,negative,- s,2
gwiazdka,VERB,positive,+ s,1
gwiazdor,VERB,positive,+ s,2
gwiazdorski,ADV,negative,- s,4
gwiazdorskość,VERB,negative,- s,2
gwiazdorstwo,VERB,negative,- m,2
gwiaździsty,ADV,positive,+ s,3
gwiaździście,ADJ,positive,+ s,2
gwiezdnooki,ADV,positive,+ s,1
gwiezdny,ADV,positive,+ s,1
gwieździsty,ADV,positive,+ s,3
gwieździście,ADJ,positive,+ s,2
gwóźdź do trumny,VERB,negative,- m,2
góra lodowa,VERB,negative,- s,2
góra mięcha,VERB,negative,- m,2
góra mięsa,VERB,negative,- m,2
góra tłuszczu,VERB,negative,- m,2
górnolotność,VERB,negative,- s,2
górnolotny,ADV,negative,- s,2
górność,VERB,negative,- s,2
górny,ADV,negative,- s,2
gówniak,VERB,negative,- m,2
gównianie,ADJ,negative,- m,6
gówniano,ADJ,negative,- m,6
gównianość,VERB,negative,- m,4
gówniany,ADV,negative,- s,19
gówniara,VERB,negative,- m,2
gówniarski,ADV,negative,- m,2
gówniarsko,ADJ,negative,- s,3
gówniarstwo,VERB,negative,- m,4
gówniarz,VERB,negative,- m,2
gówniarzeria,VERB,negative,- m,2
gówno,VERB,negative,- m,4
gównoburza,VERB,negative,- m,2
gównozjad,VERB,negative,- m,2
gąska,VERB,positive,+ m,2
gąszcz,VERB,negative,- s,4
gąszcza,VERB,negative,- s,1
gąszczyk,VERB,negative,- s,2
gęba,VERB,negative,- s,1
gęstawo,ADJ,negative,- s,6
gęstawy,ADV,negative,- s,2
gęstnieć,NOUN,negative,- s,5
gęsto,ADJ,negative,- s,6
gęstość,VERB,positive,+ s,2
gęstwina,VERB,negative,- s,1
gęsty,ADV,negative,- s,4
gęściutki,ADV,negative,- s,3
gęściutko,ADJ,negative,- s,6
gładki,ADV,positive,+ s,8
gładko,ADJ,positive,+ s,8
gładkolicy,ADV,positive,+ s,1
gładkość,VERB,positive,+ s,4
gładysz,VERB,positive,+ m,2
gładziusieńki,ADV,positive,+ s,3
gładziusieńko,ADJ,positive,+ s,4
gładziuteńki,ADV,positive,+ s,3
gładziutki,ADV,positive,+ s,4
gładziutko,ADJ,positive,+ s,6
głodnie,ADJ,negative,- s,4
głodno,ADJ,negative,- s,6
głodny,ADV,negative,- s,7
głodowanie,VERB,negative,- s,2
głodowo,ADJ,negative,- s,7
głodowy,ADV,negative,- s,5
głodówka,VERB,negative,- s,2
głos natury,VERB,negative,- s,2
głowa,VERB,positive,+ s,2
głowa rodziny,VERB,positive,+ s,2
głowić się,NOUN,negative,- s,1
głową w mur,ADJ,negative,- m,2
głośno,ADJ,negative,- s,3
głośny,ADV,negative,- s,2
głucha cisza,VERB,negative,- m,3
głucho,ADJ,negative,- s,6
głuchy,ADV,negative,- s,6
głup,VERB,negative,- m,2
głupawka,VERB,positive,+ s,2
głupawo,ADJ,negative,- s,10
głupawość,VERB,negative,- m,2
głupawy,ADV,negative,- s,12
głupek,VERB,negative,- m,2
głupi,ADV,negative,- s,23
głupi,VERB,negative,- m,2
głupi jak but,ADV,negative,- m,2
głupi jak cap,ADV,negative,- m,2
głupiec,VERB,negative,- m,2
głupio,ADJ,negative,- s,14
głupiutki,ADV,negative,- s,10
głupiutko,ADJ,negative,- s,8
głupkowato,ADJ,negative,- s,10
głupkowatość,VERB,negative,- s,6
głupkowaty,ADV,negative,- s,15
głupol,VERB,negative,- m,1
głupota,VERB,negative,- m,2
głupowato,ADJ,negative,- s,8
głupowatość,VERB,negative,- m,2
głupowaty,ADV,negative,- s,12
głuptak,VERB,negative,- m,2
głusza,VERB,negative,- s,3
głód,VERB,negative,- m,6
głód alkoholowy,VERB,negative,- m,2
głód narkotyczny,VERB,negative,- m,2
głód nikotynowy,VERB,negative,- m,2
główkować,NOUN,positive,+ s,1
głąb,VERB,negative,- m,2
głąb kapuściany,VERB,negative,- m,2
głąbowaty,ADV,negative,- m,2
głębia,VERB,positive,+ m,2
głębinny,ADV,positive,+ s,1
głęboki,ADV,positive,+ s,7
głęboko,ADJ,positive,+ s,6
głębokość,VERB,negative,- s,4
głębsze uczucie,VERB,positive,+ m,2
hackerstwo,VERB,negative,- m,1
hacking,VERB,negative,- m,1
haftować,NOUN,negative,- s,3
hagiograficznie,ADJ,negative,- s,1
hagiograficzny,ADV,negative,- s,2
hajcować,NOUN,negative,- s,6
hakerstwo,VERB,negative,- m,1
halluks,VERB,negative,- s,2
halucynogennie,ADJ,negative,- s,1
haluks,VERB,negative,- s,2
hamletowski,ADV,negative,- s,3
hamletyczny,ADV,negative,- s,2
hamulec,VERB,negative,- s,3
handel żywym towarem,VERB,negative,- m,2
handicapizm,VERB,negative,- m,1
handlarz,VERB,negative,- s,1
haniebnie,ADJ,negative,- m,2
haniebność,VERB,negative,- m,2
haniebny,ADV,negative,- m,6
happy end,VERB,positive,+ s,3
happy hour,VERB,positive,+ s,1
haracz,VERB,negative,- m,2
haratanina,VERB,negative,- m,2
harcerski,ADV,positive,+ s,2
harcerzyk,VERB,negative,- s,2
hardcorowo,ADJ,positive,+ s,9
hardcorowy,ADV,positive,+ m,8
hardkorowy,ADV,positive,+ m,2
hardo,ADJ,negative,- s,1
hardy,ADV,negative,- s,2
harmider,VERB,negative,- m,2
harmonia,VERB,positive,+ s,4
harmonijnie,ADJ,positive,+ s,7
harmonijność,VERB,positive,+ s,2
harmonijny,ADV,positive,+ s,8
harować,NOUN,negative,- s,3
harpagon,VERB,negative,- m,2
harpia,VERB,negative,- m,2
hart,VERB,positive,+ m,2
hartować,NOUN,positive,+ s,2
hartowność,VERB,positive,+ s,4
hartowny,ADV,positive,+ s,3
hasać,NOUN,positive,+ s,13
hasłowość,VERB,negative,- s,2
hasłowy,ADV,negative,- s,2
hazardzista,VERB,negative,- m,1
hałaburda,VERB,negative,- s,2
hałas,VERB,negative,- s,4
hałastra,VERB,negative,- s,3
hałaśliwie,ADJ,negative,- s,8
hałaśliwy,ADV,negative,- s,10
hańba,VERB,negative,- m,2
hebefreniczny,ADV,negative,- s,2
hedonista,VERB,negative,- s,2
hedonistycznie,ADJ,negative,- s,4
hedonistyczny,ADV,negative,- s,8
hegemonia,VERB,negative,- s,2
hegemoniczność,VERB,negative,- s,2
hegemonistycznie,ADJ,negative,- s,2
hejt,VERB,negative,- m,4
hejterski,ADV,negative,- s,3
hejterstwo,VERB,negative,- m,2
hejtować,NOUN,negative,- m,2
hekatomba,VERB,negative,- m,1
hektyczny,ADV,negative,- s,4
herb,VERB,positive,+ s,1
heretycki,ADV,negative,- s,4
heretycko,ADJ,negative,- s,2
heretyczka,VERB,negative,- s,2
heretyk,VERB,negative,- s,2
herezja,VERB,negative,- s,5
herkules,VERB,positive,+ m,2
herkulesowy,ADV,positive,+ m,2
herkulicznie,ADJ,positive,+ s,2
herkuliczny,ADV,positive,+ s,2
hermetycznie,ADJ,negative,- s,5
hermetyczność,VERB,negative,- s,1
hermetyczny,ADV,negative,- s,2
hermetyzm,VERB,negative,- s,2
herod-baba,VERB,positive,+ s,1
herodowy,ADV,negative,- s,2
heroicznie,ADJ,positive,+ m,2
heroiczny,ADV,positive,+ m,2
heros,VERB,positive,+ m,2
herostrates,VERB,negative,- s,2
herostratyzm,VERB,negative,- m,2
hetera,VERB,negative,- s,3
hetka-pętelka,VERB,negative,- m,2
hetmanić,NOUN,positive,+ s,2
hewra,VERB,negative,- s,3
hicior,VERB,positive,+ s,6
hiena,VERB,negative,- m,2
hiena cmentarna,VERB,negative,- m,4
hienowaty,ADV,negative,- m,2
hierarchia,VERB,positive,+ s,1
hieratyczny,ADV,positive,+ s,2
hieratyka,VERB,positive,+ m,2
hieratyzm,VERB,positive,+ m,2
high life,VERB,positive,+ s,1
higienicznie,ADJ,positive,+ s,4
himalajski,ADV,negative,- s,2
hiobowy,ADV,negative,- m,2
hiper,ADJ,positive,+ m,2
hiper,ADV,positive,+ s,3
hiperbolicznie,ADJ,negative,- s,2
hiperboliczność,VERB,negative,- s,1
hiperkrytycyzm,VERB,negative,- s,2
hiperkrytyczny,ADV,negative,- s,5
hipermarketowy,ADV,negative,- s,2
hiperpoprawność,VERB,negative,- m,1
hiperpoprawny,ADV,negative,- s,2
hiperprodukcja,VERB,negative,- s,1
hipertrofia,VERB,negative,- s,2
hipisowski,ADV,positive,+ s,2
hipokryta,VERB,negative,- m,2
hippiesowski,ADV,positive,+ s,2
hippisowski,ADV,positive,+ s,2
hipsternia,VERB,negative,- s,1
hipsterski,ADV,negative,- s,2
histeria,VERB,negative,- s,6
histerycznie,ADJ,negative,- s,2
histeryczny,ADV,negative,- s,11
histeryk,VERB,negative,- m,2
historyczny,ADV,positive,+ s,2
hit,VERB,positive,+ s,2
hitlerowiec,VERB,negative,- m,2
hitlerowski,ADV,negative,- m,2
hitlerowsko,ADJ,negative,- m,2
hitowy,ADV,positive,+ s,2
hobbista,VERB,positive,+ s,2
hobbistycznie,ADJ,positive,+ s,1
hobbistyczny,ADV,positive,+ s,1
hobby,VERB,positive,+ s,2
hobbysta,VERB,positive,+ s,2
hobbystycznie,ADJ,positive,+ s,1
hobbystyczny,ADV,positive,+ s,1
hochsztapler,VERB,negative,- m,2
hocki-klocki,VERB,negative,- s,2
hojnie,ADJ,positive,+ s,3
hojny,ADV,positive,+ s,10
hollywoodzki,ADV,negative,- s,2
hollywoodzkość,VERB,negative,- s,2
holocaust,VERB,negative,- m,2
holokaust,VERB,negative,- m,2
homo novus,VERB,negative,- s,2
homofob,VERB,negative,- m,2
homofobiczny,ADV,negative,- s,5
homunkulus,VERB,negative,- m,2
honor,VERB,positive,+ m,1
honorowo,ADJ,positive,+ s,9
honorowy,ADV,positive,+ s,8
honory,VERB,positive,+ s,2
horda,VERB,negative,- m,2
hormonalnie,ADJ,negative,- s,2
hormonalny,ADV,negative,- s,5
horrendalnie,ADJ,negative,- m,2
horrendalny,ADV,negative,- m,2
horror,VERB,negative,- m,2
horrorowy,ADV,negative,- m,2
horyzont,VERB,positive,+ s,1
horyzont myślowy,VERB,positive,+ s,1
hospicjum,VERB,negative,- s,1
hospitalizacja,VERB,negative,- s,1
hossa,VERB,positive,+ s,1
hołd,VERB,positive,+ s,2
hołdować,NOUN,positive,+ m,1
hołdownictwo,VERB,negative,- s,2
hołdowniczy,ADV,negative,- m,2
hołota,VERB,negative,- m,2
hołotka,VERB,negative,- m,2
hoży,ADV,positive,+ s,2
hrabiątko,VERB,negative,- s,3
hreczkosiej,VERB,negative,- s,2
hucpa,VERB,negative,- m,2
hucpiarski,ADV,negative,- s,4
hucpiarsko,ADJ,negative,- s,2
hucpiarz,VERB,negative,- s,2
huczek,VERB,negative,- s,2
hucznie,ADJ,negative,- s,4
huczny,ADV,negative,- s,4
huk,VERB,negative,- s,2
hulacko,ADJ,negative,- s,2
hulajdusza,VERB,negative,- m,2
hulaka,VERB,negative,- m,2
hulaszczo,ADJ,negative,- s,2
hulaszczy,ADV,negative,- s,4
hulać,NOUN,negative,- s,18
hultaj,VERB,negative,- s,2
hultajski,ADV,negative,- s,5
hultajsko,ADJ,negative,- s,2
hultajstwo,VERB,negative,- s,5
humanistycznie,ADJ,positive,+ s,2
humanitarnie,ADJ,positive,+ s,2
humanitarność,VERB,positive,+ m,2
humanitarny,ADV,positive,+ s,4
humanitarysta,VERB,positive,+ s,3
humanitaryzm,VERB,positive,+ m,1
humanizacja,VERB,positive,+ s,1
humanizować,NOUN,positive,+ s,4
humanizować się,NOUN,positive,+ s,5
humor,VERB,positive,+ m,4
humor sytuacyjny,VERB,positive,+ m,2
humorystycznie,ADJ,positive,+ s,2
humorystyczność,VERB,positive,+ s,2
humorystyczny,ADV,positive,+ s,2
humorzastość,VERB,negative,- m,2
humorzasty,ADV,negative,- s,2
huncwot,VERB,positive,+ s,2
huragan,VERB,negative,- m,1
huraoptymistyczny,ADV,negative,- s,2
hurapatriota,VERB,negative,- m,2
hurapatriotyzm,VERB,negative,- m,2
hurm,VERB,negative,- s,1
hurma,VERB,negative,- s,1
hurraoptymistyczny,ADV,negative,- s,2
hurrapatriota,VERB,negative,- m,2
hurrapatriotyczny,ADV,negative,- s,2
hurrapatriotyzm,VERB,negative,- m,1
hurysa,VERB,positive,+ m,2
hydra,VERB,negative,- s,3
hymn,VERB,positive,+ s,2
idealista,VERB,negative,- s,1
idealistycznie,ADJ,negative,- s,2
idealistyczny,ADV,negative,- s,2
idealizm,VERB,negative,- s,1
idealizować się,NOUN,negative,- s,1
idealnie,ADJ,positive,+ m,8
idealny,ADV,positive,+ m,10
ideał,VERB,positive,+ s,4
identyfikowalny,ADV,positive,+ s,1
ideolog,VERB,negative,- s,1
ideologiczność,VERB,negative,- s,2
ideologiczny,ADV,negative,- s,5
ideologizacja,VERB,negative,- s,2
ideologizować,NOUN,negative,- s,1
ideologizować się,NOUN,negative,- s,2
idiota,VERB,negative,- m,2
idiotycznie,ADJ,negative,- m,14
idiotyczność,VERB,negative,- m,4
idiotyczny,ADV,negative,- s,13
idiotyzm,VERB,negative,- m,2
idol,VERB,positive,+ s,2
idylla,VERB,positive,+ m,2
idyllicznie,ADJ,positive,+ s,6
idylliczność,VERB,positive,+ m,2
idylliczny,ADV,positive,+ m,4
ignorancja,VERB,negative,- m,2
ignorancki,ADV,negative,- s,6
ignorancko,ADJ,negative,- s,2
ignorant,VERB,negative,- m,2
igraszka,VERB,negative,- m,2
igrać,NOUN,positive,+ s,4
ikarowy lot,VERB,negative,- s,2
ikra,VERB,positive,+ s,2
ilustrować,NOUN,positive,+ s,1
iluzja,VERB,negative,- s,2
iluzorycznie,ADJ,negative,- s,2
iluzoryczność,VERB,negative,- s,2
iluzoryczny,ADV,negative,- s,2
iluzyjnie,ADJ,negative,- s,2
iluzyjność,VERB,negative,- s,2
imbecyl,VERB,negative,- m,2
imitacja,VERB,negative,- s,1
immobilizm,VERB,negative,- s,2
immoralny,ADV,negative,- s,2
immunizować,NOUN,positive,+ s,2
immunizować się,NOUN,positive,+ s,1
impaktowość,VERB,positive,+ s,2
impaktowy,ADV,positive,+ s,1
imperatywność,VERB,negative,- s,2
imperatywny,ADV,negative,- s,1
imperialista,VERB,negative,- s,1
imperialistyczny,ADV,negative,- s,3
imperializm,VERB,negative,- s,1
imperialny,ADV,negative,- s,3
impertynencja,VERB,negative,- m,2
impertynencki,ADV,negative,- m,4
impertynenckość,VERB,negative,- m,2
impertynent,VERB,negative,- m,2
impetyczny,ADV,negative,- s,4
imponująco,ADJ,positive,+ s,5
imponujący,ADV,positive,+ m,2
impostor,VERB,negative,- s,2
impotent,VERB,negative,- m,2
impra,VERB,positive,+ s,2
imprezka,VERB,positive,+ s,1
imprezowy,ADV,positive,+ s,2
improduktyw,VERB,negative,- m,2
impuls,VERB,negative,- s,1
impulsowo,ADJ,negative,- s,2
impulsywnie,ADJ,negative,- s,2
impulsywność,VERB,negative,- m,4
impulsywny,ADV,negative,- s,5
inaczej,ADJ,negative,- s,2
inauguracja,VERB,positive,+ s,2
inba,VERB,negative,- s,1
incydent,VERB,negative,- s,2
indoktrynacja,VERB,negative,- s,2
indoktrynacyjny,ADV,negative,- s,3
indolencja,VERB,negative,- s,2
indywidualizacja,VERB,positive,+ s,1
indywidualny,ADV,positive,+ s,1
indywiduum,VERB,negative,- s,2
inercja,VERB,negative,- s,2
inercyjnie,ADJ,negative,- s,6
inercyjność,VERB,negative,- m,2
inertny,ADV,negative,- s,2
infamia,VERB,negative,- s,2
infantylizacja,VERB,negative,- s,2
infantylizm,VERB,negative,- s,2
infantylnie,ADJ,negative,- s,4
infantylność,VERB,negative,- s,2
infantylny,ADV,negative,- s,4
infernalnie,ADJ,negative,- m,2
infernalny,ADV,negative,- m,2
informacyjnie,ADJ,positive,+ s,1
informator,VERB,positive,+ s,3
informować,NOUN,positive,+ s,1
informować się,NOUN,positive,+ s,2
infrastruktura krytyczna,VERB,positive,+ m,1
inicjatywa,VERB,positive,+ m,2
inicjatywny,ADV,positive,+ s,1
inklinacja,VERB,positive,+ s,2
inkompetencja,VERB,negative,- s,2
inkwizycja,VERB,negative,- m,3
inkwizycyjność,VERB,negative,- m,2
inkwizycyjny,ADV,negative,- s,2
inkwizytorski,ADV,negative,- s,2
innowacja,VERB,positive,+ s,4
innowacyjnie,ADJ,positive,+ s,2
innowacyjność,VERB,positive,+ s,2
innowacyjny,ADV,positive,+ m,2
innowatorski,ADV,positive,+ s,3
innowierca,VERB,negative,- s,2
innowierstwo,VERB,negative,- s,1
inspiracja,VERB,positive,+ s,5
inspiracyjny,ADV,positive,+ s,2
inspiratorka,VERB,positive,+ s,2
inspirować,NOUN,positive,+ s,4
inspirująco,ADJ,positive,+ s,2
inspirujący,ADV,positive,+ s,3
instrukcja,VERB,positive,+ s,1
instruktażowo,ADJ,positive,+ s,1
instruktażowy,ADV,positive,+ s,1
instruktor,VERB,positive,+ s,2
instrumentalizować,NOUN,negative,- s,2
instrumentalnie,ADJ,negative,- s,2
instrumentalność,VERB,negative,- s,2
instrumentalny,ADV,negative,- s,3
instynktownie,ADJ,positive,+ s,1
insygnium,VERB,positive,+ s,1
insynuacyjny,ADV,negative,- s,2
insynuator,VERB,negative,- m,2
integracja,VERB,positive,+ s,1
integralność,VERB,positive,+ s,2
integrować,NOUN,positive,+ s,1
intelekt,VERB,positive,+ s,2
intelektualista,VERB,positive,+ m,2
intelektualistka,VERB,positive,+ s,1
intelektualistyczny,ADV,positive,+ s,2
intelektualizować,NOUN,negative,- s,1
intelektualizować się,NOUN,positive,+ s,4
intelektualny,ADV,positive,+ s,2
inteligencja,VERB,positive,+ m,2
inteligent,VERB,positive,+ s,1
inteligentnie,ADJ,positive,+ s,8
inteligentny,ADV,positive,+ s,10
inteligibilny,ADV,positive,+ s,1
intelligibilny,ADV,positive,+ s,1
intensywny,ADV,positive,+ s,4
interes,VERB,positive,+ s,3
interesik,VERB,negative,- s,2
interesować,NOUN,positive,+ s,1
interesować się,NOUN,positive,+ s,1
interesownie,ADJ,negative,- s,2
interesowność,VERB,negative,- m,2
interesowny,ADV,negative,- s,5
interesująco,ADJ,positive,+ s,4
interesujący,ADV,positive,+ m,2
internat,VERB,negative,- s,1
interpretowalny,ADV,positive,+ s,4
interwencja,VERB,positive,+ s,1
intrata,VERB,positive,+ s,1
intratnie,ADJ,positive,+ s,2
intratność,VERB,positive,+ s,2
intratny,ADV,positive,+ m,2
intruz,VERB,negative,- s,3
intruzyjny,ADV,negative,- s,2
intrygancki,ADV,negative,- m,4
intrygancko,ADJ,negative,- s,2
intrygant,VERB,negative,- m,2
intrygantka,VERB,negative,- m,2
intrygować,NOUN,positive,+ s,2
intrygująco,ADJ,positive,+ s,2
intrygujący,ADV,positive,+ s,2
intuicja,VERB,positive,+ s,2
intuicyjnie,ADJ,positive,+ s,2
intuicyjny,ADV,positive,+ s,2
intymnie,ADJ,positive,+ s,3
intymność,VERB,positive,+ s,1
intymny,ADV,positive,+ s,5
inwalidztwo,VERB,negative,- s,2
inwazja,VERB,negative,- m,4
inwazyjnie,ADJ,negative,- s,4
inwazyjność,VERB,negative,- s,2
inwazyjny,ADV,negative,- s,2
inwencja,VERB,positive,+ s,2
inwencyjny,ADV,positive,+ s,2
inwigilator,VERB,negative,- m,2
inżynier dusz,VERB,negative,- s,2
inżynier duszy,VERB,negative,- s,2
ironia,VERB,negative,- s,5
ironicznie,ADJ,negative,- s,1
ironiczność,VERB,negative,- s,2
ironiczny,ADV,negative,- s,4
irracjonalnie,ADJ,negative,- s,2
irracjonalność,VERB,negative,- s,2
irracjonalny,ADV,negative,- s,2
irrealnie,ADJ,negative,- s,2
irrealny,ADV,negative,- s,1
irytacja,VERB,negative,- m,2
irytować,NOUN,negative,- s,2
irytować się,NOUN,negative,- s,2
irytująco,ADJ,negative,- s,2
irytujący,ADV,negative,- s,3
iskiereczka,VERB,positive,+ s,1
iskierka,VERB,positive,+ s,2
iskra,VERB,positive,+ s,2
iskrzeć,NOUN,positive,+ s,5
iskrzeć się,NOUN,positive,+ s,2
iskrzyć,NOUN,positive,+ s,7
iskrzyć się,NOUN,positive,+ s,6
islamista,VERB,negative,- s,1
istota,VERB,positive,+ s,2
istota rozumna,VERB,positive,+ s,2
istotny,ADV,negative,- s,7
izba tortur,VERB,negative,- s,3
izdebka,VERB,negative,- s,1
izolacja,VERB,negative,- s,2
izolacjonistyczny,ADV,negative,- s,1
izolacjonizm,VERB,negative,- s,2
izolacyjnie,ADJ,positive,+ s,2
izolacyjny,ADV,negative,- s,1
izolatka,VERB,negative,- s,2
jabłko niezgody,VERB,negative,- s,2
jabłuszko,VERB,positive,+ s,2
jad,VERB,negative,- s,1
jad kiełbasiany,VERB,negative,- s,1
jadowicie,ADJ,negative,- s,7
jadowito,ADJ,negative,- s,2
jadowitość,VERB,negative,- s,1
jadowity,ADV,negative,- s,6
jajogłowy,ADV,negative,- s,4
jajonośny,ADV,positive,+ s,1
jak amen w pacierzu,ADJ,positive,+ m,1
jak antylopa,ADJ,positive,+ s,2
jak arbuzy,ADV,positive,+ s,1
jak balon,ADJ,negative,- s,1
jak balony,ADJ,negative,- s,2
jak balony,ADV,negative,- s,1
jak baran,ADJ,negative,- s,2
jak bazyliszek,ADJ,negative,- m,2
jak bańka mydlana,ADJ,negative,- s,2
jak bela,ADJ,negative,- s,2
jak beret,ADJ,negative,- m,1
jak bezchmurne niebo,ADJ,positive,+ s,2
jak bizon,ADJ,positive,+ s,3
jak brzytwa,ADJ,positive,+ s,3
jak budowa cepa,ADJ,positive,+ s,2
jak but,ADJ,negative,- s,3
jak but z lewej nogi,ADJ,negative,- s,3
jak bydlę,ADJ,negative,- m,2
jak byk,ADJ,positive,+ s,2
jak bóbr,ADJ,negative,- s,2
jak bąk,ADJ,negative,- s,2
jak choinka,ADJ,negative,- s,2
jak chorągiewka na wietrze,ADJ,negative,- s,2
jak chwast,ADJ,negative,- s,2
jak cielak,ADJ,negative,- s,2
jak ciepłe bułeczki,ADJ,positive,+ s,1
jak czołg,ADJ,negative,- s,2
jak domek z kart,ADJ,negative,- s,2
jak drut,ADJ,positive,+ s,2
jak dym,ADJ,negative,- s,2
jak dziecko,ADJ,negative,- s,7
jak dziki osioł,ADJ,negative,- m,1
jak dąb,ADJ,positive,+ s,2
jak flaki z olejem,ADJ,negative,- s,2
jak galareta,ADJ,negative,- s,2
jak gepard,ADJ,positive,+ s,2
jak grochem o ścianę,ADJ,negative,- s,3
jak grom,ADJ,negative,- s,2
jak grom z jasnego nieba,ADJ,negative,- s,2
jak góra,ADJ,negative,- s,1
jak gówno,ADJ,negative,- m,2
jak gęś,ADJ,negative,- s,2
jak gęś z prosięciem,ADJ,negative,- s,2
jak głaz,ADJ,positive,+ s,4
jak jeden mąż,ADJ,positive,+ s,1
jak jeleń,ADJ,positive,+ s,1
jak kaczki,ADJ,negative,- m,2
jak kamfora,ADJ,negative,- s,2
jak kamień,ADJ,negative,- s,4
jak kamień w wodę,ADJ,negative,- s,2
jak katarynka,ADJ,negative,- s,2
jak kilo gwoździ,ADJ,negative,- s,3
jak konstrukcja cepa,ADJ,positive,+ s,2
jak kot,ADJ,positive,+ s,4
jak kot z pęcherzem,ADJ,negative,- s,2
jak kozica,ADJ,positive,+ s,2
jak kołek,ADJ,negative,- s,4
jak koń,ADJ,positive,+ s,3
jak kość,ADJ,negative,- s,3
jak kreda,ADJ,negative,- s,2
jak krew z nosa,ADJ,negative,- s,3
jak królik,ADV,negative,- s,2
jak króliki,ADJ,negative,- s,2
jak kłoda,ADJ,negative,- s,2
jak lodu,ADJ,positive,+ s,2
jak malowanie,ADJ,positive,+ s,3
jak malowanie,ADV,positive,+ s,2
jak malowany,ADV,positive,+ s,1
jak messerschmitt,ADJ,negative,- s,2
jak mucha w smole,ADJ,negative,- s,2
jak na dłoni,ADJ,positive,+ s,2
jak na lekarstwo,ADJ,negative,- s,6
jak nieszczęście,ADJ,negative,- s,3
jak psów,ADJ,negative,- s,2
jak ryba w wodzie,ADJ,positive,+ s,3
jak się patrzy,ADJ,positive,+ s,2
jak się patrzy,ADV,positive,+ s,2
jak stróż w boże ciało,ADJ,negative,- s,1
jak ta lala,ADJ,positive,+ s,3
jak ta lala,ADV,positive,+ s,2
jak w banku,ADJ,positive,+ s,1
jak z bicza,ADJ,positive,+ s,1
jak z bicza strzelił,ADJ,positive,+ s,2
jak z bicza trzasnął,ADJ,positive,+ s,1
jak z bicza trzasł,ADJ,positive,+ s,1
jak z łaski,ADJ,negative,- s,2
jak świnia,ADJ,negative,- m,2
jakiś,ADV,positive,+ s,3
jako taki,ADV,positive,+ s,1
jakość,VERB,positive,+ s,1
jankeski,ADV,negative,- s,4
janosikowe,VERB,negative,- s,1
janusowy,ADV,negative,- s,3
janusz,VERB,negative,- s,7
japiszon,VERB,negative,- s,2
jarać,NOUN,positive,+ s,6
jarać się,NOUN,positive,+ s,8
jarmarcznie,ADJ,negative,- s,6
jarmarczny,ADV,negative,- s,6
jary,ADV,positive,+ s,2
jarzmo,VERB,negative,- m,2
jaskiniowiec,VERB,negative,- m,2
jaskrawie,ADJ,negative,- s,2
jaskrawo,ADJ,negative,- s,2
jaskrawość,VERB,negative,- m,2
jasna anielka,VERB,negative,- s,2
jasno,ADJ,positive,+ s,9
jasność,VERB,positive,+ s,2
jasny,ADV,positive,+ s,9
jasny gwint,VERB,negative,- s,2
jasny jak kryształ,ADV,positive,+ s,2
jasny piorun,VERB,negative,- s,2
jaszczurczy,ADV,negative,- m,4
jatka,VERB,negative,- s,4
jawnie,ADJ,positive,+ s,1
jawność,VERB,positive,+ s,2
jawny,ADV,negative,- s,2
jazda,VERB,negative,- m,2
jazgot,VERB,negative,- m,2
jazgotliwie,ADJ,negative,- s,4
jazgotliwy,ADV,negative,- s,8
jazz,VERB,positive,+ s,2
jałmużniczy,ADV,negative,- s,2
jałmużnik,VERB,positive,+ s,2
jałowieć,NOUN,negative,- s,6
jałowo,ADJ,negative,- s,7
jałowość,VERB,negative,- m,2
jałowy,ADV,negative,- s,6
jaśniepan,VERB,negative,- m,2
jaśniepański,ADV,negative,- s,5
jaśniepańsko,ADJ,negative,- s,4
jaśniepaństwo,VERB,negative,- s,3
jaśnieć,NOUN,positive,+ s,6
jaśniuteńki,ADV,positive,+ s,4
jaśniuteńko,ADJ,positive,+ s,7
jaśniutki,ADV,positive,+ s,4
jaśniutko,ADJ,positive,+ s,8
jebak,VERB,negative,- m,2
jebaka,VERB,negative,- m,2
jebać,NOUN,negative,- m,2
jebnięty,ADV,negative,- m,2
jechać,NOUN,negative,- s,9
jednobarwnie,ADJ,negative,- s,2
jednobarwny,ADV,negative,- s,2
jednoczyć,NOUN,positive,+ s,2
jednogłosowy,ADV,negative,- s,2
jednokierunkowo,ADJ,negative,- s,2
jednokierunkowość,VERB,negative,- s,3
jednokolorowo,ADJ,negative,- s,2
jednokolorowy,ADV,negative,- s,2
jednomyślny,ADV,positive,+ s,4
jednonożny,ADV,negative,- s,2
jednorazowo,ADJ,negative,- s,2
jednostajnie,ADJ,negative,- s,4
jednostajny,ADV,negative,- s,2
jednostronnie,ADJ,negative,- s,6
jednostronność,VERB,negative,- s,5
jednostronny,ADV,negative,- s,2
jednotematyczny,ADV,negative,- s,2
jednotorowo,ADJ,negative,- s,2
jednotorowość,VERB,negative,- s,1
jednotorowy,ADV,negative,- s,2
jednowymiarowo,ADJ,negative,- s,2
jednowymiarowy,ADV,negative,- s,2
jednoznacznie,ADJ,positive,+ s,2
jednoznaczny,ADV,positive,+ s,1
jedność,VERB,positive,+ m,2
jedwabisto,ADJ,positive,+ s,4
jedwabistość,VERB,positive,+ s,2
jedwabisty,ADV,positive,+ s,6
jedwabiście,ADJ,positive,+ s,7
jedwabnie,ADJ,positive,+ s,5
jedwabny,ADV,positive,+ s,4
jedyna,VERB,positive,+ m,2
jedynka,VERB,negative,- s,2
jedyny,ADV,positive,+ s,4
jedyny,VERB,positive,+ m,2
jedzonko,VERB,positive,+ s,1
jehowa,VERB,negative,- s,1
jehowita,VERB,negative,- s,1
jehowy,VERB,negative,- s,1
jeleń,VERB,negative,- m,2
jeremiada,VERB,negative,- s,2
jezuicki,ADV,negative,- s,4
jezuicko,ADJ,negative,- s,2
jezuita,VERB,negative,- m,2
jezuskowy,ADV,negative,- s,2
jełki,ADV,negative,- s,4
jełop,VERB,negative,- m,2
jeść,NOUN,negative,- s,2
jeździć,NOUN,negative,- s,3
jojczyć,NOUN,negative,- s,4
jonasz,VERB,negative,- m,2
jowialnie,ADJ,positive,+ s,2
jowialność,VERB,positive,+ s,2
jowialny,ADV,positive,+ s,4
jołop,VERB,negative,- m,2
jubel,VERB,positive,+ s,2
jubilat,VERB,positive,+ s,1
jubilersko,ADJ,positive,+ s,1
jubileusz,VERB,positive,+ s,2
judasz,VERB,negative,- m,2
judaszek,VERB,negative,- s,1
judaszowe srebrniki,VERB,negative,- s,3
judaszowski,ADV,negative,- m,2
judaszowskie srebrniki,VERB,negative,- s,3
judaszowsko,ADJ,negative,- s,3
judaszowy,ADV,negative,- s,2
judziciel,VERB,negative,- m,2
judzić,NOUN,negative,- s,3
juma,VERB,negative,- s,2
junacki,ADV,negative,- s,3
junaczka,VERB,positive,+ s,2
junak,VERB,positive,+ s,2
junkierstwo,VERB,negative,- s,2
junta,VERB,negative,- s,2
jurny,ADV,positive,+ s,4
jurzyć,NOUN,negative,- s,1
jurzyć się,NOUN,negative,- s,1
jąkała,VERB,negative,- m,2
jątrzyciel,VERB,negative,- m,2
jątrzyć się,NOUN,negative,- s,3
jęczenie,VERB,negative,- m,2
jęcząco,ADJ,negative,- s,2
jęczący,ADV,negative,- s,1
jędrnie,ADJ,positive,+ s,4
jędrność,VERB,positive,+ s,4
jędrny,ADV,positive,+ s,2
jędza,VERB,negative,- m,4
jędzowato,ADJ,negative,- s,2
jędzowaty,ADV,negative,- m,4
jęk,VERB,negative,- s,2
jękliwie,ADJ,negative,- s,2
jękliwy,ADV,negative,- s,2
języczek u wagi,VERB,positive,+ s,2
kaban,VERB,negative,- s,2
kabani,ADV,negative,- m,2
kabała,VERB,negative,- s,2
kabel,VERB,negative,- s,2
kabotyn,VERB,negative,- s,2
kabotynizm,VERB,negative,- s,2
kabotyński,ADV,negative,- s,4
kabotyńsko,ADJ,negative,- s,2
kabotyństwo,VERB,negative,- s,2
kac,VERB,negative,- s,2
kacenjamer,VERB,negative,- s,2
kacerz,VERB,negative,- s,1
kacet,VERB,negative,- s,3
kacyk,VERB,negative,- s,2
kaczkowato,ADJ,negative,- s,2
kaczkowaty,ADV,negative,- s,4
kaczy,ADV,negative,- s,4
kaczy chód,VERB,negative,- s,2
kaczy dół,VERB,negative,- s,2
kaczyzm,VERB,negative,- s,3
kaducznie,ADJ,negative,- m,2
kafar,VERB,negative,- s,2
kafir,VERB,negative,- s,2
kafkowski,ADV,negative,- s,2
kafkowsko,ADJ,negative,- s,2
kainowe piętno,VERB,negative,- m,1
kainowe znamię,VERB,negative,- m,1
kainowy,ADV,negative,- m,2
kajdaniarz,VERB,negative,- s,2
kajtek,VERB,positive,+ s,2
kajzer,VERB,negative,- s,2
kakofonia,VERB,negative,- m,2
kakofoniczny,ADV,negative,- s,6
kalafiorowy,ADV,negative,- s,1
kalectwo,VERB,negative,- s,2
kalectwo umysłowe,VERB,negative,- m,2
kalectwo życiowe,VERB,negative,- m,2
kaleczeć,NOUN,negative,- s,4
kalejdoskop,VERB,positive,+ s,1
kaleka,VERB,negative,- s,1
kaleka życiowa,VERB,negative,- m,2
kaleka życiowy,VERB,negative,- m,2
kaleki,ADV,negative,- s,7
kaleko,ADJ,negative,- s,4
kalibrowy,ADV,positive,+ s,1
kalić,NOUN,negative,- s,5
kalić się,NOUN,positive,+ s,1
kalkowy,ADV,negative,- s,2
kalkulator,VERB,negative,- s,2
kaloryfer,VERB,positive,+ s,2
kalumniator,VERB,negative,- m,2
kamaryla,VERB,negative,- s,3
kameleon,VERB,negative,- s,2
kameralnie,ADJ,positive,+ s,3
kameralność,VERB,positive,+ s,3
kameralny,ADV,positive,+ s,4
kamienisto,ADJ,negative,- s,2
kamieniście,ADJ,negative,- s,2
kamienne serce,VERB,negative,- m,2
kamiennie,ADJ,negative,- s,2
kamienność,VERB,negative,- m,2
kamienny,ADV,negative,- s,2
kamień,VERB,negative,- s,2
kamień milowy,VERB,positive,+ m,2
kamień obrazy,VERB,negative,- s,2
kamień u szyi,VERB,negative,- s,2
kamikadze,VERB,negative,- m,2
kamikaze,VERB,negative,- m,2
kampowo,ADJ,negative,- s,1
kamrat,VERB,positive,+ s,2
kanada,VERB,positive,+ s,2
kanalia,VERB,negative,- m,2
kanapeczka,VERB,positive,+ s,1
kanapowiec,VERB,negative,- s,2
kanał,VERB,negative,- s,2
kancer,VERB,negative,- s,1
kancera,VERB,negative,- s,1
kancerogennie,ADJ,negative,- s,2
kancerogenny,ADV,negative,- m,1
kanciapa,VERB,negative,- s,2
kanciarz,VERB,negative,- m,2
kanciasto,ADJ,negative,- s,6
kanciastość,VERB,negative,- m,2
kanciasty,ADV,negative,- s,8
kancik,VERB,negative,- s,2
kanibal,VERB,negative,- s,4
kanonicznie,ADJ,positive,+ s,1
kant,VERB,negative,- m,2
kapanina,VERB,negative,- s,2
kapcan,VERB,negative,- m,2
kapitalista,VERB,negative,- m,2
kapitalistka,VERB,negative,- s,2
kapitalnie,ADJ,positive,+ m,8
kapitalny,ADV,positive,+ m,10
kapitał,VERB,positive,+ s,1
kapitał ludzki,VERB,positive,+ s,1
kapitał społeczny,VERB,positive,+ m,1
kapitulancko,ADJ,negative,- s,2
kapitulanctwo,VERB,negative,- m,2
kapitulant,VERB,negative,- s,2
kapralski,ADV,negative,- s,2
kapralsko,ADJ,negative,- s,2
kapralstwo,VERB,negative,- m,2
kaprawy,ADV,negative,- s,4
kaprysik,VERB,negative,- s,1
kaprysić,NOUN,negative,- s,6
kapryśnie,ADJ,negative,- s,4
kapryśnik,VERB,negative,- s,2
kapryśność,VERB,negative,- m,2
kapryśny,ADV,negative,- s,6
kapturowy,ADV,negative,- s,2
kapuściana głowa,VERB,negative,- s,3
kapuściany łeb,VERB,negative,- m,2
kapłan,VERB,negative,- s,2
kapłoni,ADV,negative,- s,2
kara pieniężna,VERB,negative,- s,1
karalnie,ADJ,negative,- s,2
karalność,VERB,negative,- s,1
karambol,VERB,negative,- s,2
karany,VERB,negative,- s,1
karawaniarsko,ADJ,negative,- s,1
karcer,VERB,negative,- s,3
karciciel,VERB,negative,- m,2
karcynogennie,ADJ,negative,- s,2
karczemnie,ADJ,negative,- m,2
karczemny,ADV,negative,- s,2
karcąco,ADJ,negative,- s,1
karcący,ADV,negative,- s,1
kardynalnie,ADJ,positive,+ s,1
kariatyda,VERB,positive,+ s,2
karierowicz,VERB,negative,- m,2
kark,VERB,negative,- s,2
karkołomnie,ADJ,negative,- s,2
karkołomność,VERB,negative,- m,4
karkołomny,ADV,negative,- s,4
karli,ADV,negative,- s,1
karmelkowy,ADV,positive,+ m,1
karmiciel,VERB,positive,+ s,1
karmicielka,VERB,positive,+ s,2
karmić,NOUN,positive,+ s,7
karnawałowo,ADJ,positive,+ s,2
karnawałowość,VERB,positive,+ s,1
karniaczek,VERB,positive,+ s,1
karniak,VERB,negative,- s,1
karnie,ADJ,positive,+ s,3
karność,VERB,positive,+ s,2
karny,ADV,positive,+ s,3
kartel,VERB,negative,- s,1
kartka,VERB,negative,- s,1
kartoflany,ADV,negative,- m,4
kartonowy,ADV,negative,- s,2
karygodnie,ADJ,negative,- m,2
karygodny,ADV,negative,- m,2
karykaturalny,ADV,negative,- m,1
karypel,VERB,negative,- s,2
karzeł,VERB,negative,- m,4
karzełkowato,ADJ,negative,- s,2
karłowato,ADJ,negative,- s,4
karłowatość,VERB,negative,- s,3
karłowaty,ADV,negative,- s,2
kasandrycznie,ADJ,negative,- s,3
kasandryczny,ADV,negative,- m,2
kasiarz,VERB,negative,- m,2
kask,VERB,positive,+ s,1
kaskader,VERB,positive,+ s,1
kaskadersko,ADJ,positive,+ s,1
kasować,NOUN,negative,- s,6
kasowość,VERB,positive,+ s,3
kasowy,ADV,positive,+ m,2
kasta,VERB,negative,- s,2
kastracja,VERB,negative,- s,1
kaszowaty,ADV,negative,- s,1
kat,VERB,negative,- s,6
kataklizm,VERB,negative,- m,2
katar kiszek,VERB,negative,- s,2
katarktycznie,ADJ,positive,+ s,3
katartycznie,ADJ,positive,+ s,2
katastrofa,VERB,negative,- m,4
katastrofa ekologiczna,VERB,negative,- s,3
katastrofa gospodarcza,VERB,negative,- m,2
katastrofa naturalna,VERB,negative,- m,2
katastrofalnie,ADJ,negative,- m,2
katastrofalny,ADV,negative,- m,2
katastroficznie,ADJ,negative,- s,5
katastroficzny,ADV,negative,- m,4
katastrofista,VERB,negative,- m,2
katastrofizm,VERB,negative,- s,2
kategoryczny,ADV,negative,- s,2
katharsis,VERB,positive,+ s,1
katorga,VERB,negative,- m,4
katorżniczo,ADJ,negative,- m,2
katorżniczy,ADV,negative,- m,2
katownia,VERB,negative,- m,2
katowski,ADV,negative,- m,2
katowsko,ADJ,negative,- m,2
katusza,VERB,negative,- m,2
katzenjammer,VERB,negative,- s,2
kaustycznie,ADJ,negative,- s,2
kaustyczny,ADV,negative,- s,1
kauzyperda,VERB,negative,- m,2
kawalarz,VERB,negative,- s,2
kawalić się,NOUN,negative,- s,2
kawał chłopa,VERB,positive,+ m,2
kawiorowy,ADV,positive,+ s,1
kawsko,VERB,negative,- s,2
kawusia,VERB,positive,+ s,2
kazać,NOUN,negative,- s,2
kazirodca,VERB,negative,- m,2
kazirodczo,ADJ,negative,- s,3
kazirodczość,VERB,negative,- m,2
kazirodczy,ADV,negative,- m,2
kazirodztwo,VERB,negative,- m,2
kaznodzieja,VERB,negative,- s,2
kaznodziejski,ADV,negative,- s,4
kaznodziejsko,ADJ,negative,- s,2
kaznodziejstwo,VERB,negative,- s,4
kazuista,VERB,negative,- m,2
kazuistycznie,ADJ,negative,- s,1
kazuistyczny,ADV,negative,- s,1
kazuistyka,VERB,negative,- s,2
kazus,VERB,negative,- s,2
kałmuk,VERB,negative,- s,2
kebab,VERB,negative,- s,3
kibel,VERB,negative,- s,2
kibicować,NOUN,positive,+ s,5
kiblować,NOUN,negative,- s,8
kiblowy,ADV,negative,- s,2
kibol,VERB,negative,- m,2
kibolski,ADV,negative,- m,2
kibolstwo,VERB,negative,- m,2
kicać,NOUN,positive,+ s,1
kicha,VERB,negative,- s,2
kicnąć,NOUN,positive,+ s,1
kicz,VERB,negative,- s,2
kiczowato,ADJ,negative,- s,2
kiczowaty,ADV,negative,- s,2
kiczowy,ADV,negative,- s,3
kidnaper,VERB,negative,- m,2
kidnaperstwo,VERB,negative,- s,3
kidnaping,VERB,negative,- s,3
kiep,VERB,negative,- m,3
kiepskawo,ADJ,negative,- s,8
kiepskawy,ADV,negative,- s,8
kiepski,ADV,negative,- s,8
kiepsko,ADJ,negative,- s,10
kiepściutki,ADV,negative,- s,8
kierat,VERB,negative,- s,3
kierować się,NOUN,positive,+ s,1
kierowniczka,VERB,positive,+ s,1
kiesa,VERB,positive,+ s,2
kieszonkowiec,VERB,negative,- m,2
kiełkować,NOUN,positive,+ s,1
kijowo,ADJ,negative,- s,2
kikucik,VERB,negative,- s,2
kikut,VERB,negative,- m,2
kiler,VERB,negative,- m,2
killer,VERB,negative,- m,2
kilometrowy,ADV,negative,- s,3
kino,VERB,positive,+ s,2
kipisz,VERB,negative,- s,2
kipnąć,NOUN,negative,- m,2
kisić się,NOUN,negative,- s,6
kisnąć,NOUN,negative,- s,9
kiszka,VERB,negative,- s,2
kiszkowaty,ADV,negative,- s,2
kiwać się,NOUN,positive,+ s,3
kić,VERB,negative,- s,4
klajstrowaty,ADV,negative,- s,1
klaka,VERB,negative,- s,3
klakier,VERB,negative,- m,2
klamot,VERB,negative,- s,3
klamoty,VERB,negative,- s,1
klamra,VERB,positive,+ s,2
klan,VERB,negative,- s,2
klanik,VERB,negative,- s,1
klanowo,ADJ,negative,- s,2
klanowy,ADV,negative,- s,2
klapa,VERB,negative,- m,2
klaps,VERB,negative,- s,2
klarować,NOUN,positive,+ s,2
klarownie,ADJ,positive,+ s,6
klarowność,VERB,positive,+ s,2
klarowny,ADV,positive,+ s,5
klaskanie,VERB,positive,+ s,2
klasowo,ADJ,positive,+ s,3
klasowy,ADV,positive,+ s,3
klasycyzm,VERB,positive,+ s,1
klasycznie,ADJ,positive,+ s,2
klasyczno,ADJ,positive,+ s,1
klasyczny,ADV,positive,+ s,1
klasyk,VERB,positive,+ s,2
klasyka,VERB,positive,+ s,1
klasztorna cisza,VERB,negative,- s,1
klateczka,VERB,negative,- s,1
klatka,VERB,negative,- s,2
klaun,VERB,negative,- m,2
klaustrofobia,VERB,negative,- s,1
klaustrofobiczny,ADV,negative,- s,1
klawo,ADJ,positive,+ s,2
kleić się,NOUN,negative,- s,14
kleiście,ADJ,negative,- s,2
klejarz,VERB,negative,- m,2
klejnocik,VERB,positive,+ s,2
klekotka,VERB,negative,- s,2
klekotliwy,ADV,negative,- s,2
kleks,VERB,negative,- s,2
klepak,VERB,negative,- s,2
klerykalista,VERB,negative,- s,2
klerykał,VERB,negative,- s,2
kleszcze,VERB,negative,- s,3
kleszczowy,ADV,negative,- s,1
kleszy,ADV,negative,- s,2
kleć,VERB,negative,- s,2
kliczka,VERB,negative,- s,2
klient,VERB,negative,- s,1
klika,VERB,negative,- s,2
klikowy,ADV,negative,- s,2
klimacik,VERB,positive,+ s,1
klimakteryczny,ADV,negative,- s,2
klimatycznie,ADJ,positive,+ s,2
klimatyczny,ADV,positive,+ s,2
klinicznie,ADJ,negative,- s,2
klisza,VERB,negative,- s,3
kliszowy,ADV,negative,- s,2
klita,VERB,negative,- s,2
klitka,VERB,negative,- s,3
kloaka,VERB,negative,- s,3
kloc,VERB,negative,- s,4
klocowaty,ADV,negative,- s,4
klop,VERB,negative,- s,1
klops,VERB,negative,- s,3
kloszard,VERB,negative,- m,2
klown,VERB,negative,- m,2
klucha,VERB,negative,- m,2
kluchowaty,ADV,negative,- s,6
kluczowo,ADJ,positive,+ s,2
kluczowość,VERB,positive,+ s,2
kluczowy,ADV,positive,+ s,1
kluskowaty,ADV,negative,- s,2
klątwa,VERB,negative,- s,4
kląć,NOUN,negative,- s,4
kląć się,NOUN,positive,+ s,2
klępa,VERB,negative,- m,2
klęska,VERB,negative,- m,6
klęska urodzaju,VERB,negative,- s,2
klęska żywiołowa,VERB,negative,- m,2
klęskowo,ADJ,negative,- s,2
klęskowy,ADV,negative,- s,3
kmieć,VERB,negative,- m,2
kmiot,VERB,negative,- m,2
kmiotek,VERB,negative,- s,2
knajacki,ADV,negative,- s,2
knajacko,ADJ,negative,- s,2
knajak,VERB,negative,- m,2
knajpczyna,VERB,negative,- s,2
knajpiany,ADV,negative,- s,2
knajpka,VERB,positive,+ s,1
knot,VERB,negative,- s,2
know-how,VERB,positive,+ s,1
knowacz,VERB,negative,- m,2
knur,VERB,negative,- m,2
knypek,VERB,negative,- m,2
kobieca ręka,VERB,positive,+ s,2
kobieciarz,VERB,negative,- s,2
kobiecina,VERB,negative,- s,1
kobiecisko,VERB,negative,- s,1
kobieco,ADJ,positive,+ s,3
kobiecy,ADV,positive,+ s,2
kobieta fatalna,VERB,negative,- m,2
kobieta lekkich obyczajów,VERB,negative,- s,2
kobieta lekkiego prowadzenia,VERB,negative,- s,2
kobieta nieatrakcyjna,VERB,negative,- s,2
kobieta spod latarni,VERB,negative,- s,2
kobieta w wieku poborowym,VERB,positive,+ s,1
kobieta z przeszłością,VERB,negative,- s,2
kobieta życia,VERB,positive,+ m,2
kobieton,VERB,negative,- m,1
kobylasto,ADJ,negative,- s,4
kobylasty,ADV,negative,- s,6
kobyła,VERB,negative,- s,3
kochana,VERB,positive,+ s,3
kochanica,VERB,negative,- m,2
kochanie,VERB,positive,+ m,2
kochanieńki,ADV,positive,+ s,3
kochaniutki,ADV,positive,+ m,2
kochany,ADV,positive,+ m,2
kochany,VERB,positive,+ m,2
kochać,NOUN,positive,+ m,2
kochliwie,ADJ,positive,+ s,2
kochliwy,ADV,negative,- s,5
koci,ADV,positive,+ m,2
kocia mama,VERB,positive,+ s,2
kocia muzyka,VERB,negative,- m,2
kocia wiara,VERB,negative,- m,2
kociak,VERB,positive,+ m,2
kocica,VERB,negative,- s,1
kocio,ADJ,positive,+ s,1
kociokwik,VERB,negative,- s,6
kocmołuch,VERB,negative,- m,2
kocyk,VERB,positive,+ s,1
koczkodan,VERB,negative,- m,2
kodeks,VERB,positive,+ s,2
koguci,ADV,negative,- s,4
kogucio,ADJ,negative,- s,6
kogut,VERB,negative,- s,3
koherentny,ADV,positive,+ s,2
kohorta,VERB,negative,- s,1
koiciel,VERB,positive,+ s,2
koić,NOUN,positive,+ s,2
kojarzyć,NOUN,positive,+ s,2
kojfnąć,NOUN,negative,- m,2
kojąco,ADJ,positive,+ s,2
kojący,ADV,positive,+ s,2
kokiet,VERB,negative,- s,1
kokieta,VERB,negative,- s,1
kokieteryjny,ADV,positive,+ s,2
kokosowy,ADV,positive,+ s,2
kokosowy interes,VERB,positive,+ m,2
kokosy,VERB,positive,+ m,2
kokota,VERB,negative,- s,1
koks,VERB,negative,- m,2
kolaboracjonista,VERB,negative,- m,2
kolaborant,VERB,negative,- m,2
kolczasto,ADJ,negative,- s,2
kolczastość,VERB,negative,- s,2
kolczasty,ADV,negative,- s,4
kolebać się,NOUN,negative,- s,2
kolega,VERB,positive,+ s,1
kolekcjonerski,ADV,positive,+ s,1
kolektyw,VERB,positive,+ s,1
kolesiana,VERB,negative,- s,2
kolesiowy,ADV,negative,- s,3
koleżeński,ADV,positive,+ s,8
koleżeńsko,ADJ,positive,+ s,2
koleżeńskość,VERB,positive,+ s,2
koleżeństwo,VERB,positive,+ s,4
kolizja,VERB,negative,- s,2
kolizyjnie,ADJ,negative,- s,2
kolizyjny,ADV,negative,- s,4
kolokwialny,ADV,negative,- s,1
kolonialista,VERB,negative,- s,1
kolonialny,ADV,negative,- s,1
kolor,VERB,positive,+ s,1
kolorek,VERB,positive,+ s,1
kolorowo,ADJ,positive,+ s,5
kolorowy,ADV,positive,+ s,5
kolorowy,VERB,negative,- s,2
kolorysta,VERB,negative,- s,2
koloryzator,VERB,negative,- s,2
kolos,VERB,positive,+ m,1
kolos na glinianych nogach,VERB,negative,- m,2
kolubryna,VERB,negative,- s,2
kolędować,NOUN,negative,- s,2
komarowy,ADV,negative,- s,2
kombatant,VERB,positive,+ s,2
kombinacja,VERB,negative,- s,2
kombinacyjnie,ADJ,positive,+ s,2
kombinator,VERB,negative,- s,2
kombinatorski,ADV,negative,- s,7
kombinować,NOUN,positive,+ s,6
komedia,VERB,positive,+ s,2
komediancki,ADV,negative,- s,2
komediant,VERB,negative,- m,2
komediantka,VERB,negative,- s,2
komediowo,ADJ,positive,+ s,1
komentarz,VERB,positive,+ s,1
komercha,VERB,negative,- s,3
komercja,VERB,negative,- s,2
komercjalny,ADV,negative,- s,1
komercyjny,ADV,negative,- s,1
komforcik,VERB,positive,+ s,2
komfort,VERB,positive,+ m,4
komfortowo,ADJ,positive,+ s,5
komfortowy,ADV,positive,+ s,4
komicznie,ADJ,positive,+ s,2
komiczny,ADV,positive,+ s,2
komik,VERB,positive,+ s,2
komika,VERB,positive,+ s,3
komin płacowy,VERB,positive,+ s,1
komisyjny,ADV,positive,+ s,1
komizm,VERB,positive,+ s,3
komizm sytuacyjny,VERB,positive,+ m,2
komnata,VERB,positive,+ s,1
komora gazowa,VERB,negative,- m,2
kompaktowo,ADJ,positive,+ s,1
kompaktowy,ADV,positive,+ s,2
kompan,VERB,positive,+ s,2
kompania honorowa,VERB,positive,+ m,1
kompania reprezentacyjna,VERB,positive,+ m,1
kompanion,VERB,positive,+ s,2
kompasja,VERB,positive,+ s,2
kompatybilnie,ADJ,positive,+ s,2
kompendium,VERB,positive,+ s,1
kompetencja,VERB,positive,+ s,2
kompetentnie,ADJ,positive,+ s,2
kompetentność,VERB,positive,+ s,2
kompetentny,ADV,positive,+ s,6
kompleks,VERB,negative,- s,2
kompleks niższości,VERB,negative,- s,2
kompleksik,VERB,negative,- s,1
kompleksowo,ADJ,positive,+ s,1
kompleksowość,VERB,positive,+ s,2
komplement,VERB,positive,+ s,2
komplementarność,VERB,positive,+ s,1
komplementować,NOUN,positive,+ s,2
kompletnie,ADJ,positive,+ s,2
kompletny,ADV,negative,- s,2
komplikacja,VERB,negative,- s,2
komplikować,NOUN,negative,- s,2
komplikować się,NOUN,negative,- s,2
komponować,NOUN,positive,+ s,1
kompostować,NOUN,negative,- s,2
komprador,VERB,negative,- s,2
kompradorski,ADV,negative,- s,6
kompromisowo,ADJ,positive,+ s,2
kompromisowy,ADV,positive,+ s,4
kompromitacja,VERB,negative,- m,2
kompromitująco,ADJ,negative,- s,3
kompromitujący,ADV,negative,- m,2
kompulsywnie,ADJ,negative,- s,2
kompulsywny,ADV,negative,- s,3
komuch,VERB,negative,- m,2
komuna,VERB,negative,- s,2
komunia,VERB,positive,+ s,2
komunikatywnie,ADJ,positive,+ s,2
komunikatywność,VERB,positive,+ s,2
komunikatywny,ADV,positive,+ m,2
komunista,VERB,negative,- s,1
komunizm,VERB,negative,- s,2
komunizowanie,VERB,negative,- m,2
komuszek,VERB,negative,- s,2
konanie,VERB,negative,- s,2
koncentracja,VERB,positive,+ s,4
koncentrak,VERB,negative,- s,3
koncepcyjny,ADV,positive,+ s,2
koncept,VERB,positive,+ s,2
konceptualnie,ADJ,positive,+ s,2
konceptualny,ADV,positive,+ s,1
koncerniak,VERB,negative,- s,1
koncert,VERB,positive,+ s,2
koncertowo,ADJ,positive,+ s,1
koncertowy,ADV,positive,+ s,2
koncesyjka,VERB,negative,- s,1
koncyliacyjny,ADV,positive,+ s,4
koncypować,NOUN,positive,+ s,4
kondolencje,VERB,negative,- m,2
kondolencyjny,ADV,negative,- s,2
kondotierstwo,VERB,negative,- m,2
kondukt,VERB,negative,- m,1
kondycjonować,NOUN,positive,+ s,2
koneser,VERB,positive,+ m,2
koneserka,VERB,positive,+ s,2
konfekcja,VERB,negative,- s,3
konfidencjonalnie,ADJ,positive,+ s,3
konfidencjonalny,ADV,positive,+ s,1
konfidencki,ADV,negative,- s,3
konfident,VERB,negative,- m,2
konfidentka,VERB,negative,- m,2
konfigurowalny,ADV,positive,+ s,2
konflikt,VERB,negative,- s,2
konfliktogennie,ADJ,negative,- s,2
konfliktotwórczo,ADJ,negative,- s,2
konfliktowo,ADJ,negative,- s,2
konfliktowość,VERB,negative,- m,2
konfliktowy,ADV,negative,- s,6
konformistycznie,ADJ,negative,- s,2
konformistyczny,ADV,negative,- m,2
konformizm,VERB,negative,- s,3
konfrontacja,VERB,negative,- s,2
konfrontacyjnie,ADJ,negative,- s,4
konfrontacyjny,ADV,negative,- s,2
kongenialnie,ADJ,positive,+ m,2
kongenialny,ADV,positive,+ s,4
koniec,VERB,negative,- m,4
koniec świata,VERB,negative,- s,1
konieczność,VERB,negative,- s,3
koniokrad,VERB,negative,- m,2
koniokradztwo,VERB,negative,- s,3
koniowaty,ADV,negative,- m,2
koniunktura,VERB,positive,+ s,2
koniunkturalista,VERB,negative,- m,2
koniunkturalizm,VERB,negative,- m,2
koniunkturalnie,ADJ,negative,- s,2
koniunkturalność,VERB,negative,- m,2
koniunkturalny,ADV,negative,- s,3
konkieta,VERB,positive,+ s,3
konkretnie,ADJ,positive,+ s,5
konkretność,VERB,positive,+ s,2
konkretny,ADV,positive,+ s,8
konkurencja,VERB,negative,- s,1
konkurencyjnie,ADJ,positive,+ s,2
konkurencyjność,VERB,positive,+ s,2
konkurencyjny,ADV,positive,+ s,2
konkurować,NOUN,negative,- s,1
konował,VERB,negative,- m,2
konsekrować,NOUN,positive,+ s,1
konsekwentnie,ADJ,positive,+ s,2
konsekwentność,VERB,positive,+ s,2
konsekwentny,ADV,positive,+ s,4
konsensualny,ADV,positive,+ s,2
konsensus,VERB,positive,+ s,2
konsensusowy,ADV,positive,+ s,2
konserwa,VERB,negative,- s,2
konserwacja,VERB,positive,+ s,1
konspiracja,VERB,negative,- s,2
konspiracyjnie,ADJ,negative,- s,1
konsternacja,VERB,negative,- m,2
konstruktywnie,ADJ,positive,+ s,4
konstruktywność,VERB,positive,+ s,2
konstruktywny,ADV,positive,+ s,6
konsumpcjonista,VERB,negative,- s,2
konsumpcyjnie,ADJ,negative,- s,2
konsumpcyjny,ADV,negative,- s,2
kontaktować,NOUN,positive,+ s,3
kontaktować się,NOUN,positive,+ s,1
kontaktowość,VERB,positive,+ m,2
kontaktowy,ADV,positive,+ s,2
kontekst,VERB,positive,+ s,1
kontemplacja,VERB,positive,+ s,1
kontemplacyjnie,ADJ,positive,+ s,6
kontemplator,VERB,positive,+ s,2
kontemplować,NOUN,positive,+ s,3
kontestator,VERB,negative,- s,3
kontestatorka,VERB,negative,- s,2
kontestatorski,ADV,negative,- s,1
kontrabanda,VERB,negative,- s,5
kontrabandzista,VERB,negative,- m,2
kontrastować,NOUN,positive,+ s,1
kontratakować,NOUN,negative,- s,8
kontrolnie,ADJ,positive,+ s,1
kontrolowalnie,ADJ,positive,+ s,2
kontrolowalny,ADV,positive,+ s,1
kontrowersja,VERB,negative,- s,2
kontrowersyjnie,ADJ,negative,- s,2
kontrowersyjność,VERB,negative,- s,3
kontrowersyjny,ADV,negative,- s,2
kontuzja,VERB,negative,- s,2
kontuzjogennie,ADJ,negative,- s,2
kontuzjogenny,ADV,negative,- s,2
kontynuacja,VERB,positive,+ s,1
kontynuatorka,VERB,positive,+ s,1
konusowaty,ADV,negative,- s,2
konwencjonalistyczny,ADV,negative,- s,2
konwencjonalizm,VERB,negative,- s,1
konwencjonalizować,NOUN,negative,- s,2
konwencjonalizować się,NOUN,negative,- s,2
konwencjonalnie,ADJ,negative,- s,3
konwencjonalny,ADV,negative,- s,3
konwulsyjnie,ADJ,negative,- s,7
konwulsyjny,ADV,negative,- s,6
kop,VERB,negative,- s,5
kopalnia złota,VERB,positive,+ m,2
kopanina,VERB,negative,- s,2
kopać się z koniem,NOUN,negative,- s,2
kopciuch,VERB,negative,- m,2
kopciuszek,VERB,negative,- s,2
koperta,VERB,negative,- s,2
kopertówa,VERB,negative,- s,2
kopertówka,VERB,negative,- s,2
kopia,VERB,negative,- s,1
kopiasto,ADJ,negative,- s,1
kopiato,ADJ,negative,- s,1
kopidół,VERB,negative,- s,4
kopniak,VERB,negative,- s,2
kopnięcie,VERB,negative,- s,2
kopnięty,ADV,negative,- s,2
kopno,ADJ,negative,- s,2
kops,VERB,negative,- s,2
kopsnąć,NOUN,positive,+ s,2
korba,VERB,negative,- s,2
korbnięty,ADV,negative,- s,2
kordialny,ADV,positive,+ s,4
korek,VERB,negative,- s,2
korekcja,VERB,positive,+ s,1
korekcyjny,ADV,positive,+ s,1
korekta,VERB,positive,+ s,2
korektywnie,ADJ,positive,+ s,2
korkotwórczo,ADJ,negative,- s,2
korkotwórczy,ADV,negative,- s,2
korkowy,ADV,negative,- s,2
korność,VERB,positive,+ s,1
korona,VERB,positive,+ s,3
koronkowa robota,VERB,positive,+ s,2
koronkowo,ADJ,positive,+ s,2
koronkowy,ADV,positive,+ s,1
koronny,ADV,positive,+ s,2
korozja,VERB,negative,- s,2
korpulentnie,ADJ,negative,- s,2
korpulentność,VERB,negative,- s,2
korpulentny,ADV,negative,- s,2
korupcja,VERB,negative,- s,4
korupcjogennie,ADJ,negative,- s,2
korupcyjnie,ADJ,negative,- s,2
korupcyjny,ADV,negative,- s,2
koruptor,VERB,negative,- m,2
koryfeusz,VERB,positive,+ m,2
korytarzowy,ADV,negative,- s,2
korytko,VERB,positive,+ s,2
korytkowy,ADV,negative,- s,1
koryto,VERB,negative,- s,3
korzystać,NOUN,positive,+ s,2
korzystnie,ADJ,positive,+ s,6
korzystność,VERB,positive,+ s,2
korzystny,ADV,positive,+ s,6
korzyść,VERB,positive,+ s,3
korzyść majątkowa,VERB,negative,- s,3
kosa,VERB,negative,- s,2
kosmicznie,ADJ,negative,- s,2
kosmiczny,ADV,negative,- s,4
koso,ADJ,negative,- s,2
kosooki,ADV,negative,- s,3
kosooko,ADJ,negative,- s,1
kostnica,VERB,negative,- s,1
kostnieć,NOUN,negative,- s,2
kostropato,ADJ,negative,- s,4
kostropaty,ADV,negative,- s,5
kostycznie,ADJ,negative,- s,4
kostyczność,VERB,negative,- s,2
kostyczny,ADV,negative,- s,7
kosy,ADV,negative,- s,2
koszarowość,VERB,negative,- m,1
koszarowy,ADV,negative,- s,1
koszmar,VERB,negative,- s,6
koszmarek,VERB,negative,- s,2
koszmarnie,ADJ,negative,- s,7
koszmarny,ADV,negative,- m,12
koszt utopiony,VERB,negative,- s,1
kosztochłonność,VERB,negative,- s,1
kosztownie,ADJ,negative,- s,5
kosztowności,VERB,positive,+ m,2
kosztowność,VERB,negative,- s,1
kosztowny,ADV,negative,- s,4
kot,VERB,negative,- s,2
kotek,VERB,positive,+ s,1
koteria,VERB,negative,- s,2
koteryjka,VERB,negative,- s,2
koteryjny,ADV,negative,- s,2
kotka,VERB,negative,- s,2
koturn,VERB,negative,- m,2
koturnowo,ADJ,negative,- s,2
koturnowość,VERB,negative,- m,2
koturnowy,ADV,negative,- s,4
kotłowanina,VERB,negative,- m,2
kotłowisko,VERB,negative,- s,2
koza,VERB,negative,- s,8
kozacki,ADV,positive,+ s,4
kozacko,ADJ,positive,+ s,2
kozak,VERB,negative,- s,4
kozioł,VERB,negative,- s,2
kozioł ofiarny,VERB,negative,- m,2
kozojebca,VERB,negative,- m,4
kołchoz,VERB,negative,- s,2
kołchozowy,ADV,negative,- s,2
kołchoźny,ADV,negative,- s,2
kołek,VERB,negative,- m,2
kołkowaty,ADV,negative,- s,2
koło ratunkowe,VERB,positive,+ s,2
kołowaty,ADV,negative,- s,2
kołować,NOUN,negative,- s,6
kołowrót,VERB,negative,- s,2
kołtun,VERB,negative,- s,4
kołtuneria,VERB,negative,- s,5
kołtuniasty,ADV,negative,- s,4
kołtunowaty,ADV,negative,- m,2
kołtuński,ADV,negative,- m,4
kołtuńsko,ADJ,negative,- s,3
kołtuństwo,VERB,negative,- s,5
kołysać,NOUN,positive,+ s,5
kończyć,NOUN,negative,- s,2
końcówka,VERB,negative,- s,2
końska kuracja,VERB,positive,+ s,2
końskie zdrowie,VERB,positive,+ m,2
końskość,VERB,negative,- m,2
kościany dziadek,VERB,negative,- m,2
kościeć,NOUN,negative,- s,2
kościotrup,VERB,negative,- s,3
kościsto,ADJ,negative,- s,2
kościstość,VERB,negative,- s,2
kościsty,ADV,negative,- s,2
koślawiec,VERB,negative,- s,3
koślawo,ADJ,negative,- s,4
koślawość,VERB,negative,- s,7
koślawy,ADV,negative,- s,4
kość niezgody,VERB,negative,- s,3
kpiarsko,ADJ,negative,- s,3
kpiarz,VERB,negative,- s,2
kpina,VERB,negative,- s,2
kpiąco,ADJ,negative,- s,3
kpić,NOUN,negative,- s,9
krach,VERB,negative,- m,2
krach gospodarczy,VERB,negative,- m,2
kradzież,VERB,negative,- m,2
kradzież rozbójnicza,VERB,negative,- m,2
kraina mlekiem i miodem płynąca,VERB,positive,+ s,3
kraj lat dziecinnych,VERB,positive,+ m,2
krakowskim targiem,ADJ,positive,+ s,2
kraksa,VERB,negative,- s,2
kramarski,ADV,negative,- s,1
krasawica,VERB,positive,+ m,2
krasnalowy,ADV,negative,- s,1
krasomówczy,ADV,positive,+ s,2
krasomówstwo,VERB,positive,+ m,2
krasy,ADV,positive,+ s,2
kratki,VERB,negative,- s,2
kraty,VERB,negative,- s,2
krańcowość,VERB,negative,- s,3
krańcowy,ADV,negative,- m,2
kraśny,ADV,positive,+ s,2
kreacja,VERB,positive,+ s,1
kreator,VERB,positive,+ s,1
kreatorka,VERB,positive,+ s,1
kreatura,VERB,negative,- m,2
kreatywnie,ADJ,positive,+ s,6
kreatywność,VERB,positive,+ s,2
kreatywny,ADV,positive,+ s,9
krejzolski,ADV,positive,+ s,2
krematorium,VERB,negative,- s,3
kreska,VERB,negative,- s,1
kret,VERB,negative,- m,2
kretyn,VERB,negative,- m,2
kretynizm,VERB,negative,- m,2
kretyński,ADV,negative,- s,13
kretyńsko,ADJ,negative,- m,14
kretyńskość,VERB,negative,- m,4
kretyństwo,VERB,negative,- m,2
krew,VERB,negative,- m,2
krew z mlekiem,VERB,positive,+ s,2
krewa,VERB,negative,- m,2
krewki,ADV,negative,- s,4
krewko,ADJ,negative,- s,2
krewkość,VERB,negative,- s,2
krewni i znajomi królika,VERB,negative,- s,2
krezusowo,ADJ,positive,+ s,2
krezusowy,ADV,positive,+ s,1
kreślić,NOUN,positive,+ s,1
krnąbrnie,ADJ,negative,- s,3
krnąbrny,ADV,negative,- s,4
krocie,VERB,positive,+ s,1
krociowy,ADV,positive,+ s,2
krok milowy,VERB,positive,+ s,3
krok po kroku,ADJ,positive,+ s,2
krok za krokiem,ADJ,positive,+ s,2
kronika,VERB,positive,+ s,1
kropla w morzu,VERB,negative,- s,3
kropla w morzu potrzeb,VERB,negative,- s,3
krostowaty,ADV,negative,- s,1
krotochwilnie,ADJ,positive,+ s,2
krotochwilny,ADV,positive,+ s,4
krotofilny,ADV,positive,+ s,2
krowa,VERB,negative,- s,4
krowiasty,ADV,negative,- s,4
krościaty,ADV,negative,- s,2
krucho,ADJ,negative,- s,2
kruchość,VERB,negative,- s,4
kruchusieńki,ADV,positive,+ s,4
kruchusieńko,ADJ,negative,- s,2
kruchuteńki,ADV,positive,+ s,9
kruchuteńko,ADJ,negative,- s,2
kruchutki,ADV,positive,+ s,8
kruchutko,ADJ,negative,- s,2
kruchy,ADV,negative,- s,7
krucjata,VERB,positive,+ s,2
kruszec,VERB,positive,+ s,1
kruszyna,VERB,positive,+ s,2
krwawa łaźnia,VERB,negative,- m,2
krwawica,VERB,negative,- m,1
krwawie,ADJ,negative,- s,4
krwawić,NOUN,negative,- s,4
krwawo,ADJ,negative,- s,13
krwawy,ADV,negative,- s,23
krwiopijca,VERB,negative,- s,4
krwiopijczy,ADV,negative,- m,2
krwiożerca,VERB,negative,- m,2
krwiożerczo,ADJ,negative,- s,5
krwiożerczość,VERB,negative,- m,2
krwiożerczy,ADV,negative,- m,4
krygowanie się,VERB,negative,- s,2
kryminalista,VERB,negative,- m,2
kryminalny,ADV,negative,- s,1
kryminalny,VERB,negative,- m,2
kryminał,VERB,negative,- s,5
kryminałka,VERB,negative,- s,3
kryminogennie,ADJ,negative,- s,2
kryminogenny,ADV,negative,- s,3
kryptokomunizm,VERB,negative,- m,1
kryptonimiczny,ADV,negative,- s,1
kryptonimowo,ADJ,negative,- s,2
krystalicznie,ADJ,positive,+ s,4
kryształowo,ADJ,positive,+ s,4
kryształowy,ADV,positive,+ s,10
kryterialny,ADV,positive,+ s,1
krytycyzm,VERB,negative,- s,3
krytyczka,VERB,negative,- s,2
krytycznie,ADJ,positive,+ s,2
krytyczność,VERB,positive,+ s,6
krytyczny,ADV,negative,- s,6
krytyk,VERB,negative,- s,1
krytykancki,ADV,negative,- s,5
krytykancko,ADJ,negative,- s,2
krytykant,VERB,negative,- s,2
kryzys,VERB,negative,- s,7
kryzys finansowy,VERB,negative,- m,2
kryzys gospodarczy,VERB,negative,- m,2
kryzys psychiczny,VERB,negative,- m,2
kryzys psychologiczny,VERB,negative,- m,2
kryzys walutowy,VERB,negative,- m,2
kryzysogennie,ADJ,negative,- s,2
kryzysogenny,ADV,negative,- s,3
kryzysotwórczy,ADV,negative,- s,3
kryzysowy,ADV,negative,- s,4
krzaczasto,ADJ,negative,- s,1
krzaczek,VERB,positive,+ s,1
krzepa,VERB,positive,+ m,2
krzepiąco,ADJ,positive,+ s,2
krzepiący,ADV,positive,+ s,2
krzepki,ADV,positive,+ s,3
krzepko,ADJ,positive,+ s,2
krzepkość,VERB,positive,+ m,2
krzta,VERB,negative,- s,1
krzyczeć,NOUN,negative,- s,2
krzycząco,ADJ,negative,- s,4
krzyczący,ADV,negative,- m,2
krzykactwo,VERB,negative,- s,2
krzykacz,VERB,negative,- s,1
krzykała,VERB,negative,- s,2
krzykliwie,ADJ,negative,- s,6
krzykliwy,ADV,negative,- s,4
krzywda,VERB,negative,- m,2
krzywdować,NOUN,negative,- s,1
krzywdziciel,VERB,negative,- m,2
krzywdzić,NOUN,negative,- m,2
krzywienie się,VERB,negative,- s,2
krzywo,ADJ,negative,- s,3
krzywonogi,ADV,negative,- s,2
krzywoprzysięstwo,VERB,negative,- m,2
krzywoprzysięzca,VERB,negative,- m,2
krzywulec,VERB,negative,- s,4
krzywy,ADV,negative,- s,6
krzyżowy,ADV,negative,- m,2
krzątanina,VERB,negative,- s,1
króciusieńki,ADV,negative,- s,2
króciuteńki,ADV,negative,- s,2
króciutki,ADV,negative,- s,7
król,VERB,negative,- s,2
królewicz,VERB,negative,- m,4
królewiczątko,VERB,negative,- s,6
królewięta,VERB,negative,- s,1
królewska gra,VERB,positive,+ s,2
królewski,ADV,negative,- s,6
królewsko,ADJ,positive,+ s,6
królewskość,VERB,positive,+ s,2
króliczek,VERB,positive,+ s,2
króliczy,ADV,negative,- s,2
królik doświadczalny,VERB,negative,- s,2
królobójca,VERB,negative,- m,2
królobójstwo,VERB,negative,- s,3
królowa,VERB,positive,+ s,2
krótka kołdra,VERB,negative,- s,2
krótkawo,ADJ,negative,- s,6
krótkawy,ADV,negative,- s,1
krótki,ADV,negative,- s,9
krótkofalowy,ADV,negative,- s,2
krótkowidztwo,VERB,negative,- s,2
krótkowzrocznie,ADJ,negative,- s,2
krótkowzroczny,ADV,negative,- s,4
krąglutki,ADV,positive,+ s,2
krągły,ADV,positive,+ s,1
kręcić nosem,NOUN,negative,- s,2
kręgi pod oczami,VERB,negative,- s,2
kręgosłup,VERB,positive,+ s,2
krępacja,VERB,negative,- s,2
krępy,ADV,negative,- s,2
krętacki,ADV,negative,- s,7
krętacko,ADJ,negative,- s,4
krętacz,VERB,negative,- s,2
krętość,VERB,negative,- s,2
kręty,ADV,negative,- s,2
ksantypa,VERB,negative,- m,2
ksenofob,VERB,negative,- m,2
ksenofobia,VERB,negative,- m,2
ksenofobicznie,ADJ,negative,- s,2
ksenofobiczny,ADV,negative,- s,2
książkowo,ADJ,positive,+ s,2
książątko,VERB,negative,- s,7
książę,VERB,positive,+ m,2
książę z bajki,VERB,positive,+ m,1
książęco,ADJ,positive,+ s,1
książęcość,VERB,negative,- s,2
książęcy,ADV,positive,+ s,2
księga,VERB,negative,- s,2
księżyc w pełni,VERB,negative,- s,1
księżycowo,ADJ,negative,- s,2
księżycowość,VERB,negative,- s,2
księżycowy,ADV,negative,- m,2
kształtnie,ADJ,positive,+ s,2
kształtny,ADV,positive,+ s,4
ktoś,VERB,positive,+ s,3
ktoś trzeci,VERB,negative,- s,2
kubeł zimnej wody,VERB,negative,- m,2
kuchcik,VERB,positive,+ s,2
kuchnia,VERB,positive,+ s,1
kuchta,VERB,negative,- s,2
kuczka,VERB,negative,- s,1
kudłatość,VERB,negative,- s,2
kuglarski,ADV,negative,- s,2
kuglarsko,ADJ,negative,- s,4
kuglarskość,VERB,negative,- s,1
kuglarstwo,VERB,negative,- s,2
kuglarz,VERB,negative,- s,2
kujon,VERB,negative,- m,2
kuks,VERB,negative,- s,2
kuksaniec,VERB,negative,- s,2
kukułcze jajo,VERB,negative,- s,3
kukła,VERB,negative,- m,2
kula u nogi,VERB,negative,- s,3
kulas,VERB,negative,- s,2
kulawiec,VERB,negative,- s,2
kulawo,ADJ,negative,- s,6
kulawy,ADV,negative,- s,4
kulać się,NOUN,positive,+ s,1
kulfon,VERB,negative,- m,2
kulfoniasty,ADV,negative,- s,6
kulminacyjny,ADV,positive,+ m,1
kulomiot,VERB,negative,- s,1
kuloodpornie,ADJ,positive,+ s,2
kuloodporny,ADV,positive,+ s,2
kulowy,ADV,positive,+ m,2
kultowy,ADV,positive,+ s,2
kultura,VERB,positive,+ s,2
kulturalnie,ADJ,positive,+ s,2
kulturalny,ADV,positive,+ s,4
kulturotwórczo,ADJ,positive,+ s,2
kulturowy,ADV,positive,+ s,1
kultysta,VERB,negative,- s,1
kum,VERB,positive,+ s,1
kumaty,ADV,positive,+ s,2
kumać,NOUN,positive,+ s,2
kumostwo,VERB,positive,+ s,2
kumoszka,VERB,negative,- s,3
kumoter,VERB,positive,+ s,2
kumoterski,ADV,negative,- s,7
kumotersko,ADJ,negative,- s,4
kumpel,VERB,positive,+ s,2
kumpelski,ADV,positive,+ s,4
kumpelsko,ADJ,positive,+ s,4
kumplowski,ADV,positive,+ s,4
kumplowsko,ADJ,positive,+ s,4
kundel,VERB,negative,- m,2
kundman,VERB,negative,- m,2
kunktacja,VERB,negative,- m,2
kunktatorski,ADV,negative,- s,2
kunktatorsko,ADJ,negative,- s,2
kunktatorstwo,VERB,negative,- m,2
kunszt,VERB,positive,+ s,5
kunsztownie,ADJ,positive,+ m,4
kunsztowny,ADV,positive,+ s,4
kupa,VERB,negative,- m,2
kupczyk,VERB,negative,- s,3
kupka,VERB,positive,+ s,1
kura domowa,VERB,negative,- s,1
kura znosząca złote jaja,VERB,positive,+ m,2
kura znosząca złote jajka,VERB,positive,+ m,2
kuracja,VERB,positive,+ s,2
kuratela,VERB,negative,- s,2
kurczowo,ADJ,negative,- s,2
kurczowy,ADV,negative,- s,2
kurdupel,VERB,negative,- m,2
kurduplowato,ADJ,negative,- s,2
kurduplowaty,ADV,negative,- s,4
kurek na kościele,VERB,negative,- m,2
kurew,VERB,negative,- m,2
kurewski,ADV,negative,- m,10
kurewsko,ADJ,negative,- m,6
kurier,VERB,negative,- m,2
kuriozalnie,ADJ,negative,- s,2
kuriozalny,ADV,negative,- s,2
kurka błotna,VERB,negative,- s,2
kurka wodna,VERB,negative,- s,2
kurna olek,VERB,negative,- s,2
kurtyzana,VERB,negative,- s,2
kurwa,VERB,negative,- s,9
kurwa jego mać,VERB,negative,- m,2
kurwa mać,VERB,negative,- m,2
kurwa twoja mać,VERB,negative,- m,2
kurwi,ADV,negative,- m,4
kurwica,VERB,negative,- m,2
kurwidołek,VERB,negative,- s,3
kurwiszcze,VERB,negative,- m,2
kurwiszon,VERB,negative,- m,2
kurza melodia,VERB,negative,- s,2
kurza stopa,VERB,negative,- s,2
kurza twarz,VERB,negative,- s,2
kurze łapki,VERB,negative,- s,2
kurzy,ADV,negative,- s,3
kurzy móżdżek,VERB,negative,- m,4
kusiciel,VERB,negative,- s,3
kusicielka,VERB,negative,- s,3
kusicielski,ADV,positive,+ s,4
kusicielsko,ADJ,positive,+ s,3
kuso,ADJ,negative,- s,2
kusy,VERB,negative,- m,2
kusząco,ADJ,positive,+ s,2
kuszący,ADV,positive,+ s,2
kutafon,VERB,negative,- m,2
kutas,VERB,negative,- m,2
kutas złamany,VERB,negative,- m,2
kutasi łeb,VERB,negative,- m,2
kutasiarz,VERB,negative,- m,2
kuternoga,VERB,negative,- s,2
kutwa,VERB,negative,- s,3
kułak,VERB,negative,- s,4
kuźnia,VERB,positive,+ s,2
kwadratura koła,VERB,negative,- s,2
kwalifikacje,VERB,positive,+ s,1
kwalifikowalny,ADV,positive,+ s,1
kwalifikowany,ADV,positive,+ s,4
kwasić,NOUN,negative,- s,11
kwasić się,NOUN,negative,- s,8
kwasowy,ADV,negative,- s,3
kwasy,VERB,negative,- m,2
kwaśno,ADJ,negative,- s,2
kwaśny,ADV,negative,- s,4
kwiatuszek,VERB,positive,+ s,2
kwiecie,VERB,positive,+ s,1
kwiecisto,ADJ,positive,+ s,2
kwiecisty,ADV,positive,+ s,3
kwieciście,ADJ,positive,+ s,2
kwietny,ADV,positive,+ s,4
kwietyzm,VERB,negative,- m,2
kwitnąco,ADJ,positive,+ s,6
kwitnący,ADV,positive,+ s,2
kwitnąć,NOUN,positive,+ s,9
kwoka,VERB,negative,- m,2
kwękanie,VERB,negative,- m,2
kózka,VERB,negative,- s,2
kółko wzajemnej adoracji,VERB,negative,- s,2
kącik,VERB,positive,+ s,5
kąpać się,NOUN,positive,+ s,4
kąt,VERB,positive,+ s,2
kąteczek,VERB,positive,+ s,1
kątek,VERB,positive,+ s,3
kąśliwie,ADJ,negative,- s,2
kąśliwy,ADV,negative,- s,7
kęsisko,VERB,negative,- s,2
kłamany,ADV,negative,- s,1
kłamca,VERB,negative,- m,2
kłamca lustracyjny,VERB,negative,- m,2
kłamczuch,VERB,negative,- s,2
kłamliwie,ADJ,negative,- s,2
kłamliwy,ADV,negative,- m,4
kłamstwo,VERB,negative,- m,2
kłaść,NOUN,negative,- s,6
kłaść głowę pod ewangelię,NOUN,negative,- s,2
kłaść na karb,NOUN,negative,- s,2
kłaść na szalę,NOUN,negative,- s,1
kłaść się cieniem,NOUN,negative,- s,3
kłaść zdrową głowę pod ewangelię,NOUN,negative,- s,2
kłopot,VERB,negative,- s,2
kłopotać,NOUN,negative,- s,4
kłopotać się,NOUN,negative,- s,2
kłopotliwie,ADJ,negative,- s,4
kłopotliwość,VERB,negative,- s,2
kłopotliwy,ADV,negative,- s,4
kłujący,ADV,negative,- s,1
kłusownictwo,VERB,negative,- m,2
kłusownik,VERB,negative,- m,2
kłuć w oczy,NOUN,negative,- s,2
kłuć w oko,NOUN,negative,- s,2
kłócić,NOUN,negative,- s,2
kłócić się,NOUN,negative,- s,2
kłótliwie,ADJ,negative,- s,2
kłótliwość,VERB,negative,- m,2
kłótliwy,ADV,negative,- s,4
kłótnia,VERB,negative,- s,2
kłótnik,VERB,negative,- s,2
kłębek nerwów,VERB,negative,- m,2
kłębowisko,VERB,negative,- s,2
kłębuszek,VERB,positive,+ s,1
laba,VERB,positive,+ s,2
labilność,VERB,negative,- s,2
labilny,ADV,negative,- s,3
labirynt,VERB,negative,- s,2
labiryntowy,ADV,negative,- s,1
labuś,VERB,negative,- s,2
lachociąg,VERB,negative,- m,2
ladaco,VERB,negative,- s,2
ladacznica,VERB,negative,- m,2
lafirynda,VERB,negative,- s,2
laga,VERB,negative,- s,3
lagier,VERB,negative,- s,3
laicki,ADV,negative,- s,2
laicko,ADJ,negative,- s,2
laickość,VERB,negative,- s,2
laik,VERB,negative,- s,2
lajk,VERB,positive,+ s,2
lajtowo,ADJ,positive,+ s,2
lajtowy,ADV,positive,+ s,6
lakier,VERB,negative,- s,2
lalka,VERB,positive,+ s,1
lalkowaty,ADV,negative,- s,2
lalusiowaty,ADV,negative,- s,4
laluś,VERB,negative,- m,2
lama,VERB,negative,- m,2
lambadziara,VERB,negative,- m,2
lament,VERB,negative,- s,3
lamentacyjny,ADV,negative,- s,2
lamentliwie,ADJ,negative,- s,3
lamentliwy,ADV,negative,- s,4
lamentowanie,VERB,negative,- m,2
lamer,VERB,negative,- m,2
lamerski,ADV,negative,- s,5
lamerstwo,VERB,negative,- m,2
lampart,VERB,negative,- s,2
lampucera,VERB,negative,- m,2
lamus,VERB,negative,- s,3
lamusek,VERB,negative,- s,2
landara,VERB,negative,- s,2
landryna,VERB,negative,- s,3
landrynka,VERB,negative,- s,2
landrynkowaty,ADV,negative,- m,2
landrynkowo,ADJ,negative,- s,2
landrynkowy,ADV,negative,- m,2
lanie,VERB,negative,- m,2
lans,VERB,negative,- s,2
laps,VERB,negative,- m,2
laseczka,VERB,positive,+ m,2
lasencja,VERB,positive,+ s,2
laska,VERB,negative,- s,5
latanina,VERB,negative,- s,2
latawica,VERB,negative,- s,4
latawiec,VERB,negative,- s,4
latać,NOUN,negative,- s,14
latko,VERB,positive,+ s,1
latorośl,VERB,positive,+ s,2
laur,VERB,positive,+ s,2
laureat,VERB,positive,+ s,2
laureatka,VERB,positive,+ s,2
laurka,VERB,positive,+ s,2
laurkowy,ADV,negative,- s,2
laurowo,ADJ,positive,+ s,1
lawiniasty,ADV,negative,- s,2
lazaretowy,ADV,negative,- s,2
leader,VERB,positive,+ s,4
lebiega,VERB,negative,- m,2
lecieć,NOUN,negative,- s,8
lecieć w chuja,NOUN,negative,- m,2
lecieć w kulki,NOUN,negative,- s,2
leciuchno,ADJ,positive,+ s,5
leciuchny,ADV,positive,+ s,4
leciusieńki,ADV,positive,+ s,2
leciuteńki,ADV,positive,+ s,6
leciuteńko,ADJ,positive,+ s,9
leciutki,ADV,positive,+ s,11
leciutko,ADJ,positive,+ s,14
leciuśki,ADV,positive,+ s,2
leciuśko,ADJ,positive,+ s,5
leczniczo,ADJ,positive,+ s,2
leczniczy,ADV,positive,+ s,3
leczyć,NOUN,negative,- s,6
ledwie,ADJ,negative,- s,2
ledwie żywy,ADV,negative,- s,2
ledwo,ADJ,negative,- s,2
ledwo co,ADJ,negative,- s,2
ledwo żywy,ADV,negative,- s,2
legalistyczny,ADV,negative,- s,2
legalnie,ADJ,positive,+ s,2
legalność,VERB,positive,+ s,2
legalny,ADV,positive,+ s,3
legenda,VERB,negative,- s,4
legendarnie,ADJ,negative,- s,2
legendarny,ADV,positive,+ m,2
lek,VERB,positive,+ s,4
lekarsko,ADJ,positive,+ s,1
lekce,ADJ,negative,- s,1
lekceważąco,ADJ,negative,- s,2
lekceważący,ADV,negative,- m,2
lekcja,VERB,negative,- s,2
lekki,ADV,positive,+ s,19
lekki chleb,VERB,positive,+ s,2
lekki kawałek chleba,VERB,positive,+ s,2
lekko,ADJ,positive,+ s,18
lekkoduch,VERB,negative,- s,2
lekkoduchostwo,VERB,negative,- s,2
lekkodusznie,ADJ,negative,- s,2
lekkoduszność,VERB,negative,- s,2
lekkoduszny,ADV,negative,- m,2
lekkomyślnie,ADJ,negative,- s,2
lekkomyślnik,VERB,negative,- s,2
lekkomyślność,VERB,negative,- m,2
lekkomyślny,ADV,negative,- m,4
lekkonogi,ADV,positive,+ s,2
lekkostopy,ADV,positive,+ s,2
lekkostrawnie,ADJ,positive,+ s,4
lekkostrawny,ADV,positive,+ s,4
lekkuchny,ADV,positive,+ s,4
lekuchny,ADV,positive,+ s,6
leming,VERB,negative,- s,2
lenistwo,VERB,negative,- m,2
leniuch,VERB,negative,- s,2
leniwie,ADJ,positive,+ s,4
leniwiec,VERB,negative,- m,2
leniwo,ADJ,positive,+ s,2
leniwość,VERB,negative,- s,3
leniwy,ADV,negative,- s,4
lenić się,NOUN,negative,- s,1
lenniczy,ADV,negative,- m,2
lep,VERB,negative,- s,2
lepianka,VERB,negative,- s,1
lepiej,ADJ,positive,+ s,2
lepiszcze,VERB,positive,+ s,2
lepić się,NOUN,negative,- s,12
lepko,ADJ,negative,- s,4
lepsza połowa,VERB,positive,+ s,2
lepszość,VERB,positive,+ s,2
lepszy,ADV,positive,+ m,2
lepszy gość,VERB,positive,+ s,2
lesba,VERB,negative,- m,2
leser,VERB,negative,- m,2
letalny,ADV,negative,- s,3
letarg,VERB,negative,- m,2
letargiczny,ADV,negative,- s,2
letni,ADV,positive,+ s,5
letnio,ADJ,positive,+ s,6
lew salonowy,VERB,negative,- s,1
lewacki,ADV,negative,- m,2
lewacko,ADJ,negative,- s,1
lewackość,VERB,negative,- s,2
lewactwo,VERB,negative,- s,4
lewak,VERB,negative,- s,2
lewar,VERB,negative,- m,2
lewicowanie,VERB,negative,- s,2
lewizna,VERB,negative,- s,2
lewo,ADJ,negative,- s,4
leworęki,ADV,negative,- s,2
lewus,VERB,negative,- m,2
lewy,ADV,negative,- s,4
leń,VERB,negative,- m,4
leń patentowany,VERB,negative,- m,2
leń śmierdzący,VERB,negative,- m,2
leśny dziadek,VERB,negative,- s,3
libacja,VERB,negative,- s,2
liberalista,VERB,positive,+ s,2
liberalizacja,VERB,positive,+ s,1
liberalizm,VERB,positive,+ s,1
liberalnie,ADJ,positive,+ s,1
liberalny,ADV,positive,+ s,3
libertyn,VERB,negative,- s,2
libertynizm,VERB,negative,- s,2
libertyński,ADV,negative,- s,4
libertyńsko,ADJ,negative,- s,2
lichawy,ADV,negative,- s,5
licho,ADJ,negative,- s,6
licho,VERB,negative,- s,6
lichutki,ADV,negative,- s,7
lichwa,VERB,negative,- m,3
lichwiarski,ADV,negative,- s,2
lichwiarsko,ADJ,negative,- s,2
lichwiarstwo,VERB,negative,- m,1
lichwiarz,VERB,negative,- s,2
lichy,ADV,negative,- s,6
liczykrupa,VERB,negative,- s,3
lider,VERB,positive,+ s,4
liderka,VERB,positive,+ s,2
ligać,NOUN,negative,- s,2
ligać się,NOUN,negative,- s,1
like,VERB,positive,+ s,2
likwidować,NOUN,negative,- s,3
liliput,VERB,negative,- m,2
limo,VERB,negative,- s,2
lincz,VERB,negative,- m,2
lipa,VERB,negative,- s,2
lipnie,ADJ,negative,- s,5
lipność,VERB,negative,- m,2
lipny,ADV,negative,- s,5
liryczny,ADV,negative,- s,1
lisi,ADV,negative,- m,2
lisio,ADJ,negative,- s,2
lisowaty,ADV,negative,- s,2
list gratulacyjny,VERB,positive,+ s,1
listek figowy,VERB,negative,- s,2
liszajowaty,ADV,negative,- m,2
liszyć,NOUN,negative,- s,1
liszyć się,NOUN,negative,- s,2
literacik,VERB,negative,- m,2
literacina,VERB,negative,- m,2
literacki,ADV,positive,+ s,2
literacko,ADJ,positive,+ s,2
literackość,VERB,positive,+ s,2
literatura wagonowa,VERB,negative,- s,2
literek,VERB,positive,+ s,1
literówka,VERB,negative,- s,2
litościwie,ADJ,positive,+ s,2
litościwość,VERB,positive,+ s,2
litościwy,ADV,positive,+ s,5
litość,VERB,positive,+ m,2
lizus,VERB,negative,- m,2
lizusostwo,VERB,negative,- m,2
lizusowski,ADV,negative,- m,2
lizusowsko,ADJ,negative,- s,2
liźnięcie,VERB,positive,+ s,1
loch,VERB,negative,- s,2
loczek,VERB,positive,+ s,2
lodowato,ADJ,negative,- s,4
lodowaty,ADV,negative,- m,4
lodownia,VERB,negative,- s,2
lodowo,ADJ,negative,- s,2
lodowy,ADV,negative,- m,1
logicznie,ADJ,positive,+ s,2
logiczność,VERB,positive,+ s,2
logiczny,ADV,positive,+ s,4
logika,VERB,positive,+ m,2
logomachia,VERB,negative,- s,2
lojalistyczny,ADV,negative,- m,4
lojalizm,VERB,negative,- s,2
lojalnie,ADJ,positive,+ s,2
lojalność,VERB,positive,+ m,1
lojalny,ADV,positive,+ s,7
lokajski,ADV,negative,- s,1
lokajsko,ADJ,negative,- s,2
lokajstwo,VERB,negative,- m,2
lokalówka,VERB,negative,- s,1
lolita,VERB,negative,- s,2
lolitka,VERB,negative,- s,2
looser,VERB,negative,- s,3
lordostwo,VERB,negative,- s,4
lordowski,ADV,positive,+ s,1
lordowsko,ADJ,positive,+ s,2
loser,VERB,negative,- s,3
lotnie,ADJ,positive,+ s,2
lotność,VERB,positive,+ m,4
lotny,ADV,positive,+ s,6
lowelas,VERB,negative,- m,2
loża honorowa,VERB,positive,+ s,1
lubiany,ADV,positive,+ s,3
lubieżnica,VERB,negative,- m,2
lubieżnik,VERB,negative,- s,2
lubieżny,ADV,negative,- s,2
lubić,NOUN,positive,+ s,7
lubić się,NOUN,positive,+ s,2
lucyferyczny,ADV,negative,- m,2
ludek,VERB,negative,- s,2
ludobójca,VERB,negative,- m,2
ludobójstwo,VERB,negative,- m,2
ludoman,VERB,negative,- s,1
ludomania,VERB,negative,- s,2
ludożerczy,ADV,negative,- s,4
ludycznie,ADJ,positive,+ s,2
ludyczność,VERB,positive,+ s,1
ludzie czynu,VERB,positive,+ m,2
ludzik,VERB,negative,- s,2
ludzka szmata,VERB,negative,- m,2
ludzki,ADV,positive,+ s,8
ludzko,ADJ,positive,+ s,4
lufa,VERB,negative,- s,3
luj,VERB,negative,- s,2
lujek,VERB,negative,- s,2
luka,VERB,negative,- s,2
lukratywnie,ADJ,positive,+ s,2
lukratywność,VERB,positive,+ m,2
lukratywny,ADV,positive,+ s,3
lukrecjowy,ADV,negative,- s,2
lukrowany,ADV,negative,- m,2
lukrowy,ADV,negative,- m,2
luksusowo,ADJ,positive,+ s,4
luksusowy,ADV,positive,+ m,4
lukullusowy,ADV,positive,+ s,1
lulać,NOUN,positive,+ s,3
lumberseksualny,ADV,positive,+ s,2
luminarz,VERB,positive,+ s,2
lump,VERB,negative,- m,4
lumpenproletariat,VERB,negative,- s,2
lunaparkowy,ADV,negative,- s,1
lunatycznie,ADJ,negative,- s,1
lurowaty,ADV,negative,- m,2
lustrzany,ADV,positive,+ s,1
lutnąć,NOUN,negative,- s,2
lutować,NOUN,negative,- s,2
luz,VERB,positive,+ s,2
luzacki,ADV,positive,+ s,2
luzacko,ADJ,positive,+ s,2
luzackość,VERB,positive,+ s,4
luzak,VERB,negative,- s,2
luźnie,ADJ,positive,+ s,4
luźno,ADJ,positive,+ s,6
luźny,ADV,positive,+ s,5
lwia spółka,VERB,negative,- s,1
lwica,VERB,positive,+ m,2
lęk,VERB,negative,- m,2
lęk przestrzeni,VERB,negative,- m,2
lęk wysokości,VERB,negative,- m,2
lękliwie,ADJ,negative,- s,2
lękliwość,VERB,negative,- s,3
lękliwy,ADV,negative,- m,4
lękotwórczo,ADJ,negative,- s,2
lśnić,NOUN,positive,+ s,6
lśnić się,NOUN,positive,+ s,4
macerować,NOUN,positive,+ s,4
machać,NOUN,negative,- s,2
macher,VERB,negative,- m,2
machina,VERB,negative,- s,2
machinacja,VERB,negative,- s,2
macierz,VERB,positive,+ m,1
macierzystość,VERB,positive,+ m,1
macierzyński,ADV,positive,+ s,2
maciupa,VERB,negative,- s,1
maciupeńki,ADV,positive,+ s,1
macka,VERB,negative,- s,1
macoszy,ADV,negative,- s,2
maczkowy,ADV,negative,- s,1
madejowy,ADV,negative,- s,2
maestria,VERB,positive,+ m,2
mafia,VERB,negative,- s,5
mafia paliwowa,VERB,negative,- s,3
mafijny,ADV,negative,- m,2
mafioso,VERB,negative,- m,2
mafiozo,VERB,negative,- m,2
magia,VERB,positive,+ s,2
magiczna górka,VERB,positive,+ s,1
magicznie,ADJ,negative,- s,4
magiczność,VERB,positive,+ s,4
magiczny,ADV,positive,+ s,4
magiel,VERB,negative,- s,4
magik,VERB,positive,+ m,2
maglować,NOUN,negative,- s,4
maglowy,ADV,negative,- s,2
magma,VERB,negative,- s,2
magmowy,ADV,negative,- s,2
magnetyzm,VERB,positive,+ s,2
majaczliwy,ADV,negative,- s,2
majdan,VERB,negative,- s,1
majdaniarz,VERB,negative,- m,2
majestat,VERB,positive,+ s,2
majestatycznie,ADJ,positive,+ s,8
majestatyczność,VERB,positive,+ s,2
majestatyczny,ADV,positive,+ s,6
majowy pracownik,VERB,negative,- s,2
majster,VERB,positive,+ s,2
majster-klepka,VERB,negative,- m,4
majsterski,ADV,positive,+ m,2
majstersko,ADJ,positive,+ s,3
majsterstwo,VERB,positive,+ s,2
majstersztyk,VERB,positive,+ m,2
majątek,VERB,positive,+ s,4
majętny,ADV,positive,+ s,2
makabra,VERB,negative,- m,2
makabreska,VERB,negative,- s,2
makabrycznie,ADJ,negative,- s,7
makabryczny,ADV,negative,- s,6
makaroniarski,ADV,negative,- s,1
makiawelicznie,ADJ,negative,- s,2
makiaweliczny,ADV,negative,- m,4
makiawelista,VERB,negative,- m,2
makiawelistyczny,ADV,negative,- s,5
makiawelizm,VERB,negative,- s,2
makiawelski,ADV,negative,- m,4
makietowy,ADV,negative,- s,2
makolągwa,VERB,negative,- s,2
maksymalizm,VERB,negative,- s,2
makulatura,VERB,negative,- s,2
malarski,ADV,positive,+ s,2
malarsko,ADJ,positive,+ s,2
malarskość,VERB,positive,+ m,2
malaryczny,ADV,negative,- s,4
malec,VERB,positive,+ s,2
maleńki,ADV,negative,- s,2
maleństwo,VERB,positive,+ s,2
maligna,VERB,negative,- m,1
malizna,VERB,positive,+ s,2
malkontencki,ADV,negative,- s,5
malkontencko,ADJ,negative,- s,4
malkontenctwo,VERB,negative,- s,3
malkontent,VERB,negative,- m,2
malowana lala,VERB,negative,- s,2
malowniczo,ADJ,positive,+ s,4
malowniczość,VERB,positive,+ m,4
malowniczy,ADV,positive,+ s,6
maluch,VERB,negative,- s,2
maluchny,ADV,positive,+ s,1
maluczcy,VERB,negative,- s,2
maluczki,ADV,negative,- s,2
maluczkość,VERB,negative,- s,2
malusi,ADV,positive,+ s,6
malusieńki,ADV,negative,- s,3
maluszek,VERB,positive,+ s,3
maluteńki,ADV,negative,- s,2
malutki,ADV,negative,- s,2
maluśki,ADV,negative,- s,2
malwersacja,VERB,negative,- m,2
malwersant,VERB,negative,- m,2
mamer,VERB,negative,- s,3
mamiciel,VERB,negative,- m,2
maminsynek,VERB,negative,- s,2
mamlas,VERB,negative,- m,2
mamona,VERB,negative,- s,1
mamusia,VERB,positive,+ s,1
mandacik,VERB,negative,- s,2
mandat,VERB,negative,- s,1
mandat karny,VERB,negative,- s,1
manekin,VERB,negative,- s,5
manewrowość,VERB,positive,+ s,2
manewrowy,ADV,positive,+ s,2
mania wielkości,VERB,negative,- m,2
maniacki,ADV,negative,- s,6
maniacko,ADJ,negative,- s,2
maniak,VERB,negative,- m,2
maniakalnie,ADJ,negative,- s,4
maniakalny,ADV,negative,- s,5
maniera,VERB,negative,- s,3
manieryczność,VERB,negative,- m,2
manieryczny,ADV,negative,- s,6
manifestacja,VERB,negative,- s,1
manifestacyjnie,ADJ,negative,- s,2
manifestacyjność,VERB,negative,- s,1
manifestacyjny,ADV,negative,- s,2
manipulacja,VERB,negative,- s,3
manipulacyjnie,ADJ,negative,- m,2
manipulacyjność,VERB,negative,- s,2
manipulacyjny,ADV,negative,- m,2
manipulant,VERB,negative,- m,2
manipulator,VERB,negative,- m,2
manipulatorski,ADV,negative,- m,2
manipulatorsko,ADJ,negative,- m,4
manipulować,NOUN,negative,- s,6
mankament,VERB,negative,- s,2
manko,VERB,negative,- m,2
manna z nieba,VERB,positive,+ s,3
manowce,VERB,negative,- s,2
mantyka,VERB,negative,- s,2
mara,VERB,negative,- s,2
maraton,VERB,negative,- s,1
maratoński,ADV,negative,- s,2
marazm,VERB,negative,- m,2
marcepanowo,ADJ,positive,+ s,2
marcepanowy,ADV,positive,+ m,2
marchewka,VERB,negative,- s,2
marchołt,VERB,negative,- s,2
marchwiane ręce,VERB,negative,- s,2
marcowy docent,VERB,negative,- m,2
marcowy kawaler,VERB,negative,- s,2
marginalizacja,VERB,negative,- s,2
marginalnie,ADJ,negative,- s,1
marginalny,ADV,positive,+ s,1
margines,VERB,negative,- s,3
margines społeczny,VERB,negative,- s,3
marginesowo,ADJ,negative,- s,1
marines,VERB,positive,+ s,1
marionetka,VERB,negative,- m,2
marionetkowość,VERB,negative,- s,2
marionetkowy,ADV,negative,- s,3
markierant,VERB,negative,- m,2
markietanka,VERB,negative,- s,2
markotnie,ADJ,negative,- s,2
markotno,ADJ,negative,- s,2
markotność,VERB,negative,- s,2
markotny,ADV,negative,- s,5
markowy,ADV,positive,+ s,2
marmurowy,ADV,positive,+ s,4
marmuzela,VERB,negative,- s,2
marnie,ADJ,negative,- s,9
marno,ADJ,negative,- s,4
marnota,VERB,negative,- m,2
marnotrawca,VERB,negative,- m,2
marnotrawczy,ADV,negative,- m,2
marnotrawny,ADV,negative,- s,10
marnotrawstwo,VERB,negative,- m,2
marnować,NOUN,negative,- m,4
marnować się,NOUN,negative,- s,5
marność,VERB,negative,- s,4
marny,ADV,negative,- s,10
marny grosz,VERB,negative,- m,2
mars,VERB,negative,- m,2
marsjański,ADV,negative,- s,2
marsowaty,ADV,negative,- s,2
marsowo,ADJ,negative,- s,2
marsowy,ADV,negative,- m,2
marszczyć się,NOUN,negative,- s,1
martwa cisza,VERB,negative,- m,3
martwa litera,VERB,negative,- s,1
martwe prawo,VERB,negative,- s,1
martwo,ADJ,negative,- s,11
martwota,VERB,negative,- s,4
martwość,VERB,negative,- s,1
martwy,ADV,negative,- s,11
martwy poród,VERB,negative,- m,1
martwy przepis,VERB,negative,- s,1
martwy sezon,VERB,negative,- s,2
martyrologicznie,ADJ,negative,- s,2
martyrologiczny,ADV,negative,- s,2
maruda,VERB,negative,- s,6
maruder,VERB,negative,- s,2
maruderstwo,VERB,negative,- m,2
marudnie,ADJ,negative,- s,6
marudność,VERB,negative,- m,4
marudny,ADV,negative,- s,9
marudzenie,VERB,negative,- s,2
marudztwo,VERB,negative,- m,4
marzenie,VERB,positive,+ s,3
marzenie ściętej głowy,VERB,negative,- s,3
marznięcie,VERB,negative,- s,1
marzycielski,ADV,positive,+ s,4
marzycielsko,ADJ,positive,+ s,6
marzyć,NOUN,positive,+ s,2
marzyć się,NOUN,positive,+ s,2
masakra,VERB,negative,- m,2
masakrycznie,ADJ,negative,- m,2
masakryczny,ADV,positive,+ s,10
maska,VERB,positive,+ s,5
maskowaty,ADV,negative,- s,1
masochista,VERB,negative,- m,2
masowy morderca,VERB,negative,- m,2
masoństwo,VERB,negative,- s,1
masy,VERB,negative,- s,1
masywność,VERB,negative,- s,1
masywny,ADV,positive,+ s,2
maszkara,VERB,negative,- m,4
matacz,VERB,negative,- m,2
matać,NOUN,negative,- s,1
matczyność,VERB,positive,+ s,2
matczyny,ADV,positive,+ s,2
matczysko,VERB,negative,- s,2
mateczka,VERB,positive,+ s,2
matematycznie,ADJ,positive,+ s,2
matematyczny,ADV,positive,+ s,2
matematyczny analfabeta,VERB,negative,- s,1
materialista,VERB,negative,- m,2
materialistyczny,ADV,negative,- s,2
materializm,VERB,negative,- s,3
materiałochłonnie,ADJ,negative,- s,1
materiałooszczędny,ADV,positive,+ s,1
matka,VERB,positive,+ s,2
matkobójca,VERB,negative,- m,2
matkobójstwo,VERB,negative,- m,2
matowo,ADJ,negative,- s,1
matoł,VERB,negative,- m,2
matołkowato,ADJ,negative,- s,2
matołkowaty,ADV,negative,- s,4
mazepa,VERB,negative,- s,4
mazgaj,VERB,negative,- s,2
mazgajowaty,ADV,negative,- m,2
mazgajski,ADV,negative,- s,2
maziowaty,ADV,negative,- s,2
mało,ADJ,negative,- s,6
małodusznie,ADJ,negative,- s,2
małoduszność,VERB,negative,- m,4
małoduszny,ADV,negative,- s,7
małokalibrowy,ADV,negative,- s,2
małolat,VERB,negative,- s,2
małomiasteczkowość,VERB,negative,- s,2
małomieszczanin,VERB,negative,- s,2
małomieszczański,ADV,negative,- s,2
małomieszczańsko,ADJ,negative,- s,2
małostkowo,ADJ,negative,- s,2
małostkowość,VERB,negative,- m,2
małostkowy,ADV,negative,- s,4
małowartościowy,ADV,negative,- s,2
małowierny,ADV,negative,- s,2
małość,VERB,negative,- s,7
małpa,VERB,negative,- m,2
małpi,ADV,negative,- s,2
małpi gaj,VERB,negative,- s,3
małpio,ADJ,negative,- s,2
małpiszon,VERB,negative,- s,2
małpolud,VERB,negative,- m,2
małpowaty,ADV,negative,- m,2
mały,ADV,negative,- s,7
małżeńska ruletka,VERB,negative,- s,2
mańkuctwo,VERB,negative,- s,2
mańkut,VERB,negative,- s,2
maślanie,ADJ,negative,- s,4
maślany,ADV,negative,- s,1
maź,VERB,negative,- s,2
mdlący,ADV,negative,- s,2
mdławo,ADJ,negative,- s,6
mdławy,ADV,negative,- s,4
mdło,ADJ,negative,- s,8
mdłosłodki,ADV,negative,- s,2
mdłości,VERB,negative,- s,2
mdły,ADV,negative,- s,6
meander,VERB,negative,- s,2
meandrowaty,ADV,negative,- s,2
meandryczny,ADV,negative,- s,2
mecenas,VERB,positive,+ s,1
mechanizacja,VERB,positive,+ s,1
medal,VERB,positive,+ s,2
medalik,VERB,positive,+ s,1
medalista,VERB,positive,+ s,2
medalistka,VERB,positive,+ s,2
medalowy,ADV,positive,+ s,3
medialnie,ADJ,positive,+ s,2
medialność,VERB,positive,+ s,2
medialny,ADV,positive,+ s,7
medytacyjnie,ADJ,positive,+ s,2
medytacyjny,ADV,positive,+ s,1
mefisto,VERB,negative,- s,2
mefistofelesowski,ADV,negative,- s,2
mefistofelesowy,ADV,negative,- s,2
mefistofeliczny,ADV,negative,- s,2
mefistofelowy,ADV,negative,- s,2
megagwiazda,VERB,positive,+ m,2
megagwiazdor,VERB,positive,+ m,2
megaloman,VERB,negative,- m,2
megalomania,VERB,negative,- m,2
megalomański,ADV,negative,- s,4
megalomańsko,ADJ,negative,- s,2
megiera,VERB,negative,- m,2
mekka,VERB,positive,+ s,1
melancholia,VERB,negative,- m,2
melancholicznie,ADJ,negative,- s,4
melancholiczność,VERB,negative,- s,2
melancholiczny,ADV,negative,- s,5
melancholijnie,ADJ,negative,- s,3
melancholijność,VERB,negative,- s,2
melancholijny,ADV,negative,- s,4
melancholik,VERB,negative,- s,1
melepeta,VERB,negative,- m,2
melina,VERB,negative,- s,7
meliniarz,VERB,negative,- m,2
melodia,VERB,positive,+ s,2
melodramat,VERB,negative,- s,2
melodramatycznie,ADJ,negative,- s,2
melodramatyczny,ADV,negative,- s,6
melodyjnie,ADJ,positive,+ s,3
melodyjność,VERB,positive,+ s,3
melodyjny,ADV,positive,+ s,2
menda,VERB,negative,- m,1
mendowaty,ADV,negative,- m,2
menel,VERB,negative,- m,2
menelarnia,VERB,negative,- m,2
menelstwo,VERB,negative,- m,2
mentor,VERB,negative,- s,3
mentorski,ADV,negative,- s,2
mentorstwo,VERB,negative,- s,2
merkantylista,VERB,negative,- s,2
merkantylnie,ADJ,negative,- s,1
merkantylny,ADV,negative,- s,1
merytorycznie,ADJ,positive,+ s,2
merytoryczny,ADV,positive,+ s,2
meta,VERB,negative,- s,2
metafizyczność,VERB,positive,+ s,1
metafizyczny,ADV,negative,- s,2
metodycznie,ADJ,positive,+ s,2
metodyczność,VERB,positive,+ s,2
metodyczny,ADV,positive,+ s,2
metropolia,VERB,positive,+ s,1
mewka,VERB,negative,- s,2
mgielny,ADV,positive,+ s,3
mglisto,ADJ,negative,- s,4
mglistość,VERB,negative,- m,2
mglisty,ADV,negative,- s,2
mgliście,ADJ,negative,- s,5
mgła,VERB,negative,- s,2
mgławicowo,ADJ,negative,- s,2
mgławicowość,VERB,negative,- s,1
mgławicowy,ADV,negative,- s,2
mgławo,ADJ,negative,- s,6
mgławy,ADV,positive,+ s,4
mianowaniec,VERB,negative,- s,3
miara,VERB,positive,+ s,2
miarodajnie,ADJ,positive,+ s,2
miarodajność,VERB,positive,+ s,4
miarodajny,ADV,positive,+ s,4
miarowy,ADV,positive,+ s,4
miastowiec,VERB,negative,- s,3
miastowy,ADV,positive,+ s,2
miazmatyczny,ADV,negative,- s,3
miałki,ADV,negative,- s,6
miałko,ADJ,negative,- s,4
miałkość,VERB,negative,- s,2
miażdżyca,VERB,negative,- s,1
miażdżąco,ADJ,negative,- m,2
miażdżący,ADV,negative,- m,3
michnikowszczyzna,VERB,negative,- s,2
midasowy,ADV,negative,- s,5
miecz damoklesa,VERB,negative,- s,2
miecz damoklesowy,VERB,negative,- s,2
miecz obosieczny,VERB,negative,- s,2
mieniać,NOUN,negative,- s,1
mienić się,NOUN,positive,+ s,1
miernie,ADJ,negative,- s,8
miernota,VERB,negative,- s,4
mierny,ADV,negative,- s,4
mierzalnie,ADJ,positive,+ s,2
mierzalny,ADV,positive,+ s,2
mieszaniec,VERB,negative,- s,2
mieszany,ADV,negative,- s,2
mieszać,NOUN,negative,- s,13
mieszać się,NOUN,negative,- s,9
mieszać z błotem,NOUN,negative,- m,2
mieszczanin,VERB,negative,- s,2
mieszczański,ADV,negative,- s,2
mieszczańsko,ADJ,negative,- s,4
mieszczuch,VERB,negative,- s,3
mieszkanko,VERB,positive,+ m,1
mieć seks,NOUN,positive,+ s,1
mieć w czubie,NOUN,negative,- s,2
mieścina,VERB,negative,- s,2
mieścinka,VERB,negative,- s,2
migacz,VERB,negative,- s,2
migawkowo,ADJ,negative,- s,1
migiem,ADJ,positive,+ s,2
migotać,NOUN,positive,+ s,4
migusiem,ADJ,positive,+ s,4
mijać,NOUN,negative,- s,4
mijać się,NOUN,negative,- s,4
mikroskopijnie,ADJ,negative,- s,1
mikrus,VERB,positive,+ s,2
mikry,ADV,negative,- s,10
milczek,VERB,negative,- s,2
milczenie,VERB,negative,- s,3
milczkowaty,ADV,negative,- s,4
mile,ADJ,positive,+ s,4
mileńki,ADV,positive,+ m,2
milionkrotnie,ADJ,positive,+ s,3
milionkrotny,ADV,positive,+ m,2
milowy krok,VERB,positive,+ s,3
miluchno,ADJ,positive,+ s,4
miluchny,ADV,positive,+ m,6
milusi,ADV,positive,+ s,8
milusieńki,ADV,positive,+ s,9
milusieńko,ADJ,positive,+ s,6
milusio,ADJ,positive,+ s,6
milusińska,VERB,positive,+ s,2
milusiński,ADV,positive,+ s,8
milusiński,VERB,positive,+ s,2
milusińsko,ADJ,positive,+ s,4
milusińskość,VERB,positive,+ s,2
miluteńki,ADV,positive,+ s,8
miluteńko,ADJ,positive,+ s,6
milutki,ADV,positive,+ s,7
milutko,ADJ,positive,+ s,4
miluśki,ADV,positive,+ s,9
miluśko,ADJ,positive,+ s,4
mimowolny,ADV,negative,- s,2
mimoza,VERB,negative,- s,2
mimozowatość,VERB,negative,- s,3
mimozowaty,ADV,negative,- m,2
mina,VERB,negative,- s,4
mineralny,ADV,positive,+ s,1
miniasty,ADV,negative,- s,2
minimum egzystencji,VERB,negative,- m,1
minoderia,VERB,negative,- m,2
minoderyjność,VERB,negative,- m,2
minoderyjny,ADV,negative,- s,2
minorowy,ADV,negative,- s,3
minus,VERB,negative,- s,4
minusowo,ADJ,negative,- s,2
minusowy,ADV,negative,- s,3
minuta ciszy,VERB,negative,- s,3
minąć,NOUN,positive,+ s,2
minąć się,NOUN,negative,- s,4
miodnie,ADJ,positive,+ m,2
miodno,ADJ,positive,+ m,2
miodny,ADV,positive,+ s,3
miodobranie,VERB,positive,+ s,1
miodopłynny,ADV,positive,+ m,2
miodousty,ADV,positive,+ s,2
miodowy miesiąc,VERB,positive,+ s,2
mir domowy,VERB,positive,+ s,1
miraż,VERB,negative,- s,3
misiek,VERB,negative,- s,1
misiowato,ADJ,positive,+ s,2
misiowaty,ADV,positive,+ s,3
misiowy,ADV,positive,+ s,2
misja,VERB,positive,+ s,6
miska,VERB,positive,+ s,1
miska soczewicy,VERB,negative,- s,2
miss,VERB,positive,+ m,2
mister,VERB,positive,+ s,2
misternie,ADJ,positive,+ s,4
misterność,VERB,positive,+ m,4
misterny,ADV,positive,+ s,2
mistrz,VERB,positive,+ s,7
mistrz pióra,VERB,positive,+ m,2
mistrz wszechwag,VERB,positive,+ s,2
mistrzostwo,VERB,positive,+ m,4
mistrzowski,ADV,positive,+ s,5
mistrzowsko,ADJ,positive,+ m,2
mistrzu,VERB,positive,+ s,1
mistrzyni,VERB,positive,+ s,2
mistyfikacyjny,ADV,negative,- s,1
mistyfikator,VERB,negative,- m,2
mistyfikować,NOUN,negative,- s,4
mistyka,VERB,positive,+ s,2
misyjnie,ADJ,positive,+ s,1
misyjność,VERB,positive,+ s,1
misyjny,ADV,positive,+ s,1
miszmasz,VERB,negative,- s,1
mitologicznie,ADJ,negative,- s,2
mitologiczny,ADV,negative,- s,2
mitologizować,NOUN,negative,- s,1
mitologizować się,NOUN,negative,- s,1
mitoman,VERB,negative,- m,2
mitycznie,ADJ,negative,- s,2
mizandria,VERB,negative,- m,1
mizantrop,VERB,negative,- m,2
mizantropia,VERB,negative,- s,1
mizantropiczny,ADV,negative,- s,4
mizantropijny,ADV,negative,- s,4
mizeractwo,VERB,negative,- s,2
mizerak,VERB,negative,- s,2
mizeria,VERB,negative,- s,3
mizernie,ADJ,negative,- s,14
mizerniutki,ADV,negative,- s,6
mizerny,ADV,negative,- s,13
mizerota,VERB,negative,- s,2
mizoandria,VERB,negative,- m,1
mizoandryzm,VERB,negative,- m,1
mizogin,VERB,negative,- m,2
mizoginia,VERB,negative,- m,2
mizoginiczny,ADV,negative,- s,7
mizoginista,VERB,negative,- m,2
mizoginistyczny,ADV,negative,- s,7
mizoginizm,VERB,negative,- m,2
mięciuchno,ADJ,positive,+ s,17
mięciuchny,ADV,positive,+ s,10
mięciusieńki,ADV,positive,+ s,4
mięciusieńko,ADJ,positive,+ s,12
mięciuteńko,ADJ,positive,+ s,3
mięciutki,ADV,positive,+ s,11
mięciutko,ADJ,positive,+ s,12
mięczak,VERB,negative,- s,2
mięczakowaty,ADV,negative,- m,2
między nami,ADJ,positive,+ s,2
między palcami,ADJ,negative,- s,3
między wierszami,ADJ,positive,+ s,2
miękki,ADV,negative,- s,14
miękkie lądowanie,VERB,positive,+ s,4
miękko,ADJ,positive,+ s,14
miękkość,VERB,negative,- s,8
mięsistość,VERB,positive,+ s,3
mięsisty,ADV,negative,- s,4
mięsko,VERB,positive,+ s,2
mięsność,VERB,positive,+ s,1
mięso armatnie,VERB,negative,- m,2
mięszać,NOUN,negative,- s,7
mięszać się,NOUN,negative,- s,5
mięszać z błotem,NOUN,negative,- s,2
miła,VERB,positive,+ m,2
miło,ADJ,positive,+ s,4
miłosierdzie,VERB,positive,+ m,2
miłosiernie,ADJ,positive,+ s,2
miłosierność,VERB,positive,+ m,2
miłosierny,ADV,positive,+ s,5
miłosny,ADV,positive,+ m,2
miłościwie,ADJ,positive,+ s,2
miłościwość,VERB,positive,+ s,2
miłościwy,ADV,positive,+ s,5
miłośnictwo,VERB,positive,+ s,3
miłośniczka,VERB,positive,+ s,1
miłośnie,ADJ,positive,+ s,2
miłość,VERB,positive,+ s,10
miłość bliźniego,VERB,positive,+ m,2
miłość do ojczyzny,VERB,positive,+ m,2
miłość własna,VERB,negative,- s,3
miły,ADV,positive,+ s,10
miły,VERB,positive,+ m,2
mknąć,NOUN,negative,- s,3
mleczność,VERB,positive,+ s,1
mobbing,VERB,negative,- m,2
mobilizacja,VERB,positive,+ s,2
mobilizować,NOUN,positive,+ s,2
mobilizująco,ADJ,positive,+ s,2
mobilizujący,ADV,positive,+ s,2
moc wytwórcza,VERB,positive,+ s,1
mocarny,ADV,negative,- s,5
mocarstwowy,ADV,negative,- s,3
mocarz,VERB,positive,+ m,6
mocna głowa,VERB,positive,+ s,2
mocno,ADJ,positive,+ s,6
mocny,ADV,positive,+ s,19
mocny łeb,VERB,positive,+ s,2
modelka,VERB,positive,+ s,1
modelować,NOUN,positive,+ s,3
modelować się,NOUN,positive,+ s,1
modelowo,ADJ,positive,+ s,3
modelowy,ADV,positive,+ m,2
modernizacja,VERB,positive,+ s,2
modliszka,VERB,negative,- m,2
modliszkowaty,ADV,negative,- m,2
modlitwa,VERB,positive,+ s,1
modnie,ADJ,positive,+ s,2
modniś,VERB,negative,- m,2
modność,VERB,positive,+ s,2
modny,ADV,positive,+ s,4
mogilny,ADV,negative,- s,3
mogiła,VERB,negative,- s,1
moher,VERB,negative,- s,3
moherowy beret,VERB,negative,- s,2
mokra robota,VERB,negative,- s,2
mokruteńki,ADV,positive,+ s,2
mokrutki,ADV,positive,+ s,3
mokrzuteńki,ADV,positive,+ s,3
mokrzutki,ADV,positive,+ s,3
moloch,VERB,negative,- s,3
momentalność,VERB,positive,+ s,1
momentalny,ADV,positive,+ s,2
monarchicznie,ADJ,positive,+ s,2
mongoł,VERB,negative,- m,2
monitorować,NOUN,positive,+ s,2
monolit,VERB,negative,- s,2
monolitowy,ADV,positive,+ s,1
monolityczny,ADV,positive,+ s,1
monotematycznie,ADJ,negative,- s,2
monotematyczny,ADV,negative,- s,2
monotonia,VERB,negative,- s,2
monotonnie,ADJ,negative,- s,2
monotonny,ADV,negative,- s,2
monstrualnie,ADJ,negative,- s,3
monstrualny,ADV,negative,- m,2
monstrum,VERB,negative,- m,4
monumentalizm,VERB,positive,+ m,2
monumentalnie,ADJ,positive,+ m,2
monumentalność,VERB,positive,+ m,2
monumentalny,ADV,positive,+ s,3
moralista,VERB,negative,- s,2
moralistyczny,ADV,negative,- s,2
moralistyka,VERB,negative,- s,2
moralitetowy,ADV,positive,+ s,2
moralizator,VERB,negative,- s,2
moralizatorski,ADV,negative,- s,2
moralizatorsko,ADJ,negative,- s,2
moralizatorstwo,VERB,negative,- s,2
moralizowanie,VERB,negative,- s,2
moralnie,ADJ,positive,+ s,2
moralność,VERB,positive,+ s,4
moralny,ADV,positive,+ s,5
morał,VERB,positive,+ s,1
mord,VERB,negative,- m,4
morderca,VERB,negative,- m,2
morderczo,ADJ,positive,+ s,13
morderczy,ADV,negative,- m,8
morderstwo,VERB,negative,- m,2
mordka,VERB,positive,+ s,3
mordobicie,VERB,negative,- s,5
mordować,NOUN,negative,- s,11
mordować się,NOUN,negative,- s,2
mordownia,VERB,negative,- s,3
morduchna,VERB,positive,+ m,1
morfeusz,VERB,positive,+ s,1
morowo,ADJ,positive,+ s,2
morowy,ADV,negative,- s,2
mortus,VERB,negative,- m,2
morświnowaty,ADV,negative,- s,2
most,VERB,positive,+ s,2
motor,VERB,positive,+ s,2
motor napędowy,VERB,positive,+ s,3
motoryzacja,VERB,positive,+ s,1
motywacja,VERB,positive,+ s,2
motywacyjnie,ADJ,positive,+ s,2
motywator,VERB,positive,+ s,2
motywować,NOUN,positive,+ s,2
motywująco,ADJ,positive,+ s,2
motywujący,ADV,positive,+ s,2
motłoch,VERB,negative,- m,2
mowny,ADV,positive,+ s,2
mozolnie,ADJ,negative,- s,2
mozolność,VERB,negative,- m,2
mozolny,ADV,negative,- s,3
mołojec,VERB,positive,+ s,2
mołojecki,ADV,positive,+ s,2
mołojecko,ADJ,positive,+ s,2
możliwości,VERB,positive,+ s,2
możliwość,VERB,positive,+ s,3
możliwy,ADV,positive,+ s,1
możność,VERB,positive,+ s,2
możny,ADV,positive,+ s,2
mrocznawy,ADV,negative,- s,5
mrocznie,ADJ,negative,- s,8
mroczno,ADJ,negative,- s,4
mroczność,VERB,negative,- m,2
mroczny,ADV,negative,- m,4
mrok,VERB,negative,- s,6
mrowie,VERB,negative,- s,1
mrozoodpornie,ADJ,positive,+ s,2
mroźnie,ADJ,negative,- s,2
mroźno,ADJ,negative,- s,2
mroźność,VERB,negative,- s,2
mroźny,ADV,negative,- s,3
mrożący krew w żyłach,ADV,negative,- m,2
mruczando,VERB,positive,+ s,1
mruczenie,VERB,negative,- s,2
mruk,VERB,negative,- s,2
mrukliwie,ADJ,negative,- s,2
mrukliwy,ADV,negative,- s,4
mrukowaty,ADV,negative,- m,2
mrzonka,VERB,negative,- s,2
mrzygłód,VERB,negative,- s,3
mrówczy,ADV,negative,- s,1
mrówka,VERB,negative,- m,2
mugol,VERB,negative,- s,2
mulasty,ADV,negative,- m,2
mulda,VERB,positive,+ s,1
mulić,NOUN,negative,- s,10
mumia,VERB,negative,- s,4
mumiowy,ADV,negative,- s,2
mur,VERB,positive,+ s,4
murowanie,ADJ,positive,+ s,2
murowany,ADV,positive,+ s,2
murzyniątko,VERB,positive,+ s,1
murzyński,ADV,negative,- s,5
mus,VERB,negative,- s,2
muskularnie,ADJ,positive,+ s,2
muskularny,ADV,positive,+ s,2
muslim,VERB,negative,- m,2
musztarda po obiedzie,VERB,negative,- s,2
mutant,VERB,negative,- s,2
muza,VERB,positive,+ m,4
muzycznie,ADJ,positive,+ s,4
muzyczność,VERB,positive,+ s,1
muzyczny,ADV,positive,+ s,1
muzykalnie,ADJ,positive,+ s,2
muzykalność,VERB,positive,+ s,2
muzykalny,ADV,positive,+ s,3
muzykować,NOUN,positive,+ s,1
muł,VERB,negative,- m,2
mułowaty,ADV,negative,- m,4
muśnięcie,VERB,positive,+ s,2
mużyk,VERB,negative,- s,2
mydełko,VERB,positive,+ s,1
mydłek,VERB,negative,- s,2
mydłkowaty,ADV,negative,- s,4
mydło i powidło,VERB,negative,- s,2
mykać,NOUN,negative,- s,2
myknąć,NOUN,negative,- s,2
mylić się,NOUN,negative,- s,2
mylnie,ADJ,negative,- s,2
mylność,VERB,negative,- m,2
mylny,ADV,negative,- s,2
myszka,VERB,negative,- s,3
myszkować,NOUN,negative,- s,1
myśl,VERB,positive,+ s,1
myśleć,NOUN,positive,+ s,3
myślący,ADV,positive,+ s,4
mówność,VERB,positive,+ s,2
mózg,VERB,positive,+ s,4
mózgowaty,ADV,positive,+ s,3
mózgowiec,VERB,negative,- s,1
móżdżek,VERB,negative,- s,2
mąciciel,VERB,negative,- s,2
mąciwoda,VERB,negative,- s,2
mącić,NOUN,negative,- s,17
mącić się,NOUN,negative,- s,7
mącić wodę,NOUN,negative,- s,2
mądra głowa,VERB,positive,+ m,2
mądraliński,ADV,negative,- s,4
mądraliński,VERB,negative,- s,2
mądrościowy,ADV,positive,+ s,2
mądrość,VERB,positive,+ m,2
mądry,ADV,positive,+ s,11
mądrze,ADJ,positive,+ s,4
mąż,VERB,positive,+ m,2
mąż opatrznościowy,VERB,positive,+ m,2
mąż stanu,VERB,positive,+ m,2
mąż zaufania,VERB,positive,+ m,2
męczarnia,VERB,negative,- m,2
męczennica,VERB,negative,- s,4
męczennik,VERB,negative,- m,2
męczeński,ADV,negative,- m,4
męczeńsko,ADJ,negative,- s,4
męczybuła,VERB,negative,- s,2
męczyciel,VERB,negative,- s,4
męczyć,NOUN,negative,- s,8
męczyć się,NOUN,negative,- s,7
męczący,ADV,negative,- s,2
mędrek,VERB,negative,- s,2
mędrzec,VERB,positive,+ m,2
męka,VERB,negative,- s,5
męka pańska,VERB,negative,- m,2
męsko,ADJ,positive,+ s,2
męskość,VERB,positive,+ s,2
męt,VERB,negative,- m,2
mętlik,VERB,negative,- s,2
mętnawo,ADJ,negative,- s,4
mętnawy,ADV,negative,- s,3
mętniak,VERB,negative,- m,2
mętnie,ADJ,negative,- s,10
mętno,ADJ,negative,- s,8
mętnoszary,ADV,negative,- s,2
mętność,VERB,negative,- s,3
mętny,ADV,negative,- s,6
męty społeczne,VERB,negative,- m,2
mężnie,ADJ,positive,+ s,3
mężny,ADV,positive,+ m,4
mężobójstwo,VERB,negative,- s,3
mężowski,ADV,positive,+ s,1
mężowy,ADV,positive,+ s,1
młoda krew,VERB,positive,+ s,1
młoda para,VERB,positive,+ s,2
młode wilki,VERB,positive,+ s,2
młodnieć,NOUN,positive,+ s,3
młody,ADV,positive,+ s,3
młody gniewny,VERB,negative,- s,1
młodzi,VERB,positive,+ s,1
młodziak,VERB,negative,- s,1
młodzieńczo,ADJ,positive,+ s,4
młodzieńczy,ADV,positive,+ s,1
młodzieżowość,VERB,positive,+ s,1
młodzieżowy,ADV,positive,+ s,1
młodzieżówa,VERB,negative,- s,2
młodzieżówka,VERB,negative,- s,2
młodzik,VERB,negative,- s,2
młodziuchno,ADJ,positive,+ s,1
młodziuchny,ADV,positive,+ s,1
młodziusieńki,ADV,positive,+ s,1
młodziusieńko,ADJ,positive,+ s,2
młodziuteńki,ADV,positive,+ s,1
młodziuteńko,ADJ,positive,+ s,2
młodziutki,ADV,positive,+ s,1
młodziutko,ADJ,positive,+ s,2
młodzić,NOUN,positive,+ s,2
młodzić się,NOUN,positive,+ s,2
młokos,VERB,negative,- s,2
młot,VERB,negative,- m,2
młotkowy,ADV,negative,- s,2
młotowaty,ADV,negative,- m,2
mściciel,VERB,negative,- m,1
mściwie,ADJ,negative,- s,2
mściwość,VERB,negative,- m,2
mściwy,ADV,negative,- m,4
n-ty,ADV,negative,- s,2
na abarot,ADJ,negative,- s,2
na aby aby,ADJ,negative,- s,2
na aby-aby,ADJ,negative,- s,2
na bani,ADV,negative,- s,2
na bank,ADJ,positive,+ m,1
na bezczelnego,ADJ,negative,- s,2
na białe niedźwiedzie,ADJ,negative,- s,2
na bieżąco,ADJ,positive,+ s,1
na blachę,ADJ,positive,+ s,2
na blaszkę,ADJ,positive,+ s,2
na boku,ADJ,negative,- s,2
na brud,ADJ,negative,- s,2
na całej linii,ADJ,negative,- s,1
na chama,ADJ,negative,- s,5
na chodzie,ADV,positive,+ s,4
na chybcika,ADJ,negative,- s,2
na chybił trafił,ADJ,negative,- s,1
na chłodno,ADJ,positive,+ s,1
na chłopski rozum,ADJ,positive,+ s,2
na cito,ADJ,positive,+ s,2
na czarno,ADJ,negative,- s,2
na czas,ADJ,positive,+ s,2
na czasie,ADV,positive,+ s,2
na czysto,ADJ,positive,+ s,2
na drobno,ADJ,positive,+ s,1
na dwa fronty,ADJ,negative,- s,2
na dziko,ADJ,negative,- s,2
na gapę,ADJ,negative,- s,2
na gazie,ADV,negative,- s,2
na gorąco,ADJ,positive,+ s,2
na gorącym uczynku,ADJ,positive,+ s,1
na gotowo,ADJ,positive,+ s,1
na gwałt,ADJ,negative,- s,2
na gwizdek,ADJ,negative,- s,2
na głodnego,ADJ,negative,- s,2
na głodniaka,ADJ,negative,- s,2
na handel,ADJ,positive,+ s,1
na hura,ADJ,negative,- s,2
na hurra,ADJ,negative,- s,2
na jasia,ADJ,negative,- s,2
na jaw,ADJ,positive,+ s,1
na jedną modłę,ADJ,negative,- s,2
na językach,ADJ,negative,- s,2
na kartę rowerową,ADJ,negative,- s,2
na kocią łapę,ADJ,negative,- s,2
na kolanie,ADJ,negative,- s,2
na krechę,ADJ,negative,- s,2
na kreskę,ADJ,negative,- s,2
na krucho,ADJ,positive,+ s,2
na krzywy ryj,ADJ,negative,- s,2
na krótką metę,ADJ,negative,- s,2
na książęco,ADJ,positive,+ s,2
na lewo,ADJ,negative,- s,2
na lewo i prawo,ADJ,negative,- s,1
na luźno,ADJ,positive,+ s,2
na martwo,ADJ,negative,- s,2
na medal,ADJ,positive,+ m,2
na medal,ADV,positive,+ s,2
na miarę,ADJ,positive,+ s,2
na miarę,ADV,positive,+ s,4
na modłę,ADJ,negative,- s,2
na najniższym poziomie,ADV,negative,- s,4
na najwyższym poziomie,ADV,positive,+ s,2
na nerwowo,ADJ,negative,- s,2
na nic,ADV,negative,- s,3
na niebiesko,ADJ,negative,- s,2
na nielegalu,ADJ,negative,- s,2
na niskim poziomie,ADV,negative,- s,4
na odczepnego,ADJ,negative,- s,2
na odpierdol,ADJ,negative,- m,2
na odpierdol się,ADJ,negative,- m,2
na odwal,ADJ,negative,- m,2
na odwal się,ADJ,negative,- m,2
na odwrót,ADJ,negative,- s,3
na odwyrtkę,ADJ,negative,- s,3
na okrągło,ADJ,negative,- s,2
na opak,ADJ,negative,- s,2
na ostatnich nogach,ADJ,negative,- s,2
na ostro,ADJ,positive,+ s,1
na oślep,ADJ,negative,- s,4
na pamięć,ADJ,positive,+ s,1
na pasku,ADJ,negative,- s,2
na pewno,ADJ,positive,+ s,1
na pełnej petardzie,ADJ,positive,+ m,2
na podorędziu,ADJ,positive,+ s,2
na podwójnym gazie,ADJ,negative,- s,3
na pokaz,ADJ,negative,- s,2
na poważnie,ADJ,positive,+ s,1
na poziomie,ADV,positive,+ s,6
na pozór,ADJ,negative,- s,2
na prawo i lewo,ADJ,negative,- s,1
na przekór,ADJ,negative,- s,2
na próżno,ADJ,negative,- s,3
na pół gwizdka,ADJ,negative,- s,2
na pół gwizdka,ADV,negative,- s,2
na rumiano,ADJ,positive,+ s,2
na różowo,ADJ,positive,+ s,4
na schwał,ADJ,positive,+ m,2
na schwał,ADV,positive,+ s,5
na siłę,ADJ,negative,- s,4
na smutno,ADJ,negative,- s,4
na sucho,ADJ,negative,- s,2
na szaro,ADJ,negative,- s,4
na sznurku,ADJ,negative,- s,2
na sztywno,ADJ,negative,- s,2
na szybko,ADJ,negative,- s,3
na słowo honoru,ADJ,negative,- s,2
na tip-top,ADJ,positive,+ s,3
na trzeźwo,ADJ,positive,+ s,2
na trzy wiatry,ADJ,negative,- s,2
na ty,ADJ,positive,+ s,2
na umór,ADJ,negative,- s,3
na wagę złota,ADV,positive,+ m,2
na waleta,ADJ,negative,- s,2
na wariackich papierach,ADJ,negative,- s,2
na wariata,ADJ,negative,- s,2
na wczoraj,ADJ,negative,- s,2
na wesoło,ADJ,positive,+ s,2
na wspak,ADJ,negative,- s,2
na wyciągnięcie ręki,ADJ,positive,+ s,2
na wylot,ADJ,positive,+ s,1
na wyrost,ADJ,negative,- s,2
na wysokim poziomie,ADV,positive,+ s,4
na wyścigi,ADJ,negative,- s,1
na własne życzenie,ADJ,negative,- s,2
na własną prośbę,ADJ,negative,- s,2
na zapalenie pęcherza,ADJ,negative,- s,2
na zapalenie płuc,ADJ,negative,- s,2
na zbity pysk,ADJ,negative,- m,2
na zeszyt,ADJ,negative,- s,1
na złamanie karku,ADJ,negative,- s,3
na łapu-capu,ADJ,negative,- s,2
na łeb na szyję,ADJ,negative,- s,6
na ślepo,ADJ,negative,- s,4
na śpiewająco,ADJ,positive,+ s,1
na śpiąco,ADJ,negative,- s,2
na świeżo,ADJ,positive,+ s,2
na święte nigdy,ADJ,negative,- s,2
na świętego dygdy,ADJ,negative,- s,2
na świętego nigdy,ADJ,negative,- s,2
na żywca,ADJ,negative,- s,2
nababrać,NOUN,negative,- s,12
nababrać się,NOUN,negative,- s,4
nabawiać,NOUN,negative,- s,2
nabawiać się,NOUN,negative,- s,2
nabawić,NOUN,negative,- s,2
nabawić się,NOUN,negative,- s,7
nabazgrać,NOUN,negative,- s,12
nabazgrolić,NOUN,negative,- s,12
nabałaganić,NOUN,negative,- s,4
nabiec,NOUN,negative,- s,2
nabiegać,NOUN,negative,- s,2
nabiegać się,NOUN,negative,- s,12
nabiegły,ADV,negative,- s,2
nabieracz,VERB,negative,- m,2
nabierać,NOUN,negative,- s,6
nabijać,NOUN,negative,- s,10
nabijać się,NOUN,negative,- s,4
nabić,NOUN,negative,- s,17
nabić się,NOUN,negative,- s,3
nabojka,VERB,negative,- s,1
nabolały,ADV,negative,- m,2
nabożeństwo,VERB,positive,+ s,3
nabożniś,VERB,negative,- s,2
nabożny,ADV,positive,+ s,3
nabrać,NOUN,negative,- s,5
nabrać się,NOUN,negative,- s,4
nabrzmiały,ADV,negative,- m,2
nabuzowany,ADV,negative,- s,8
nabytek,VERB,positive,+ s,1
nabzdyczanie się,VERB,negative,- m,2
nachalnie,ADJ,negative,- s,4
nachalność,VERB,negative,- s,5
nachalny,ADV,negative,- s,6
nachalstwo,VERB,negative,- s,3
nachapać,NOUN,positive,+ s,2
nachapać się,NOUN,positive,+ s,1
nachmurzony,ADV,negative,- s,4
nachodzić,NOUN,negative,- s,13
nachodzić się,NOUN,positive,+ s,11
nachód,VERB,negative,- s,2
naciek,VERB,negative,- s,2
nacierać,NOUN,negative,- s,2
nacieszyć oczy,NOUN,positive,+ s,3
nacieszyć oko,NOUN,positive,+ s,3
nacieszyć wzrok,NOUN,positive,+ s,3
nacinać się,NOUN,negative,- s,2
nacisk,VERB,negative,- s,1
naciągacz,VERB,negative,- m,2
naciąć,NOUN,negative,- s,2
nacjonalistycznie,ADJ,negative,- s,1
nacjonalistyczny,ADV,negative,- s,1
nacjonalizm,VERB,negative,- s,2
naczekać się,NOUN,negative,- s,8
naczytać,NOUN,positive,+ s,1
nadaktywność,VERB,negative,- s,1
nadaktywny,ADV,negative,- s,6
nadaremnie,ADJ,negative,- s,3
nadaremno,ADJ,negative,- s,2
nadaremność,VERB,negative,- s,2
nadaremny,ADV,negative,- s,3
nadawać,NOUN,positive,+ s,5
nadawać kształt,NOUN,positive,+ s,1
nadawać się,NOUN,positive,+ s,2
nadać kształt,NOUN,positive,+ s,1
nadczułość,VERB,negative,- s,2
nadczuły,ADV,negative,- s,2
naderwać,NOUN,negative,- s,4
naderwać się,NOUN,negative,- s,1
nadgniły,ADV,negative,- s,2
nadgorliwie,ADJ,negative,- s,2
nadgorliwiec,VERB,negative,- m,2
nadgorliwość,VERB,negative,- s,2
nadgorliwy,ADV,negative,- s,4
nadgradzać,NOUN,positive,+ s,2
nadgrodzić,NOUN,positive,+ s,2
nadludzie,VERB,negative,- s,4
nadmiar,VERB,negative,- s,2
nadmiarowo,ADJ,negative,- s,1
nadmiarowy,ADV,negative,- s,2
nadmiernie,ADJ,negative,- s,4
nadmierność,VERB,negative,- s,2
nadmierny,ADV,negative,- s,2
nadnaturalność,VERB,negative,- s,1
nadobność,VERB,positive,+ s,1
nadobny,ADV,positive,+ s,2
nadopiekuńczo,ADJ,negative,- s,2
nadopiekuńczość,VERB,negative,- s,2
nadopiekuńczy,ADV,negative,- s,3
nadplanowy,ADV,negative,- s,1
nadpleśniały,ADV,negative,- s,2
nadpobudliwie,ADJ,negative,- s,2
nadpobudliwość,VERB,negative,- s,2
nadpobudliwy,ADV,negative,- s,5
nadpodaż,VERB,negative,- s,1
nadprodukcja,VERB,negative,- s,1
nadprzyrodzoność,VERB,negative,- s,1
nadpsuty,ADV,negative,- s,2
nadpękać,NOUN,negative,- s,2
nadpęknąć,NOUN,negative,- s,2
nadrabiać,NOUN,positive,+ s,2
nadrealność,VERB,negative,- s,1
nadreprezentacja,VERB,negative,- s,1
nadrobić,NOUN,positive,+ s,4
nadrywać,NOUN,negative,- s,6
nadrywać się,NOUN,negative,- s,1
nadskakujący,ADV,negative,- s,2
nadspodziewany,ADV,positive,+ m,2
nadsterownie,ADJ,negative,- s,1
nadsterowność,VERB,negative,- s,2
nadtapiać,NOUN,positive,+ s,1
nadtapiać się,NOUN,positive,+ s,1
nadtopić,NOUN,positive,+ s,1
nadtopić się,NOUN,positive,+ s,1
nadumieralność,VERB,negative,- m,1
nadużycie,VERB,negative,- m,2
nadwaga,VERB,negative,- s,2
nadwiędły,ADV,negative,- s,4
nadwrażliwie,ADJ,negative,- s,4
nadwrażliwiec,VERB,negative,- s,2
nadwrażliwość,VERB,negative,- m,2
nadwrażliwy,ADV,negative,- s,3
nadzieja,VERB,positive,+ s,2
nadziemski,ADV,positive,+ s,2
nadziemsko,ADJ,positive,+ s,2
nadziemskość,VERB,positive,+ m,2
nadzwyczajnie,ADJ,positive,+ s,1
nadzwyczajność,VERB,positive,+ m,2
nadąsany,ADV,negative,- s,2
nadęcie,VERB,negative,- m,2
nadęto,ADJ,negative,- s,2
nadętość,VERB,negative,- m,2
nadęty,ADV,negative,- s,8
nadźwigać,NOUN,negative,- s,2
nadźwigać się,NOUN,negative,- s,2
nadżółkły,ADV,negative,- s,2
naftalinowy,ADV,negative,- s,2
nagabywacz,VERB,negative,- s,2
nagana,VERB,negative,- m,2
naganiacz,VERB,negative,- s,4
nagannie,ADJ,negative,- s,4
naganny,ADV,negative,- m,2
naglić,NOUN,negative,- s,2
nagląco,ADJ,negative,- s,1
naglący,ADV,negative,- s,2
nagminnie,ADJ,negative,- s,3
nagminność,VERB,negative,- s,2
nagminny,ADV,negative,- s,2
nago,ADJ,negative,- s,2
nagonka,VERB,negative,- m,2
nagość,VERB,negative,- s,2
nagradzać,NOUN,positive,+ s,2
nagroda,VERB,positive,+ s,3
nagroda pocieszenia,VERB,positive,+ s,1
nagrodowy,ADV,positive,+ s,1
nagrodzić,NOUN,positive,+ s,2
nagrodzony,VERB,positive,+ s,2
nagromadzenie,VERB,negative,- s,3
nagryzmolić,NOUN,negative,- s,12
nagrzany,ADV,negative,- s,3
nagrzebać,NOUN,negative,- s,2
nagrzebać się,NOUN,negative,- s,6
nagus,VERB,negative,- s,2
nagły,ADV,negative,- s,2
naharować się,NOUN,negative,- s,2
naiwniactwo,VERB,negative,- m,2
naiwniak,VERB,negative,- m,2
naiwnie,ADJ,negative,- s,4
naiwniutki,ADV,negative,- s,2
naiwność,VERB,negative,- s,2
naiwny,ADV,negative,- s,5
najarany,ADV,negative,- s,3
najazd,VERB,negative,- s,3
najbliżsi,VERB,positive,+ s,2
najdroższy,VERB,positive,+ m,2
najebany jak messerschmitt,ADV,negative,- m,2
najedzony,ADV,positive,+ s,2
najemnik,VERB,negative,- s,2
najezdnik,VERB,negative,- s,3
najeźdźca,VERB,negative,- m,3
najeźdźczy,ADV,negative,- m,2
najeżdżać,NOUN,negative,- s,3
najeżony,ADV,negative,- s,1
najkorzystniejszy,ADV,positive,+ m,2
najlepszy,ADV,positive,+ s,4
najmilszy,ADV,positive,+ s,2
najodować,NOUN,positive,+ s,1
najodować się,NOUN,positive,+ s,1
najpewniej,ADJ,positive,+ s,6
najpierwszy,ADV,positive,+ s,1
najstarszy zawód świata,VERB,negative,- s,2
najważniejszy,ADV,positive,+ s,1
najwyższego lotu,ADV,positive,+ s,3
najwyższej próby,ADV,positive,+ m,2
najwyższych lotów,ADV,positive,+ s,3
najście,VERB,negative,- s,1
najść,NOUN,negative,- s,7
nakarmić,NOUN,positive,+ s,7
nakaz,VERB,negative,- m,1
nakopać się,NOUN,negative,- s,4
nakreślać,NOUN,positive,+ s,1
nakreślić,NOUN,positive,+ s,2
nakruszyć,NOUN,negative,- s,2
nakręcać się jak dziad na czereśnie,NOUN,negative,- s,2
nakładka,VERB,negative,- s,1
nalatać się,NOUN,negative,- s,10
nalatywać,NOUN,negative,- s,2
naleciały,ADV,negative,- s,1
należeć się,NOUN,positive,+ s,2
należnie,ADJ,positive,+ s,2
należny,ADV,positive,+ s,2
należyty,ADV,positive,+ s,2
nalot,VERB,negative,- m,2
namacalnie,ADJ,positive,+ s,2
namacalny,ADV,positive,+ s,1
namaszczenie,VERB,positive,+ s,2
namaszczony,ADV,negative,- s,2
namiar,VERB,positive,+ s,1
namiastkowy,ADV,negative,- s,2
namiestnik chrystusa,VERB,positive,+ s,1
namieszać,NOUN,negative,- s,2
namieszać się,NOUN,negative,- s,2
namięszać,NOUN,negative,- s,1
namiętnie,ADJ,positive,+ s,4
namiętnostka,VERB,positive,+ s,2
namiętność,VERB,positive,+ m,3
namiętny,ADV,positive,+ s,8
namokły,ADV,negative,- s,1
namolnie,ADJ,negative,- s,2
namolny,ADV,negative,- s,4
namordować,NOUN,negative,- s,4
namordować się,NOUN,negative,- s,6
namysł,VERB,positive,+ s,2
naocznie,ADJ,positive,+ s,2
naoczny,ADV,positive,+ s,2
naoglądać się,NOUN,negative,- s,6
naokoło,ADJ,negative,- s,2
naoliwić,NOUN,positive,+ s,1
naorać,NOUN,negative,- s,2
naorać się,NOUN,negative,- s,2
napad,VERB,negative,- m,2
napad rabunkowy,VERB,negative,- m,2
napadać,NOUN,negative,- s,2
napaleniec,VERB,negative,- s,6
napalony,ADV,negative,- s,2
naparzanka,VERB,negative,- m,2
napastliwie,ADJ,negative,- s,3
napastliwość,VERB,negative,- m,2
napastliwy,ADV,negative,- m,4
napastniczka,VERB,negative,- s,2
napastniczo,ADJ,negative,- s,7
napastniczy,ADV,negative,- s,6
napastnik,VERB,negative,- m,2
napaść,NOUN,negative,- s,3
napaść,VERB,negative,- s,3
napierdolony jak messerschmitt,ADV,negative,- m,2
napierdzielać,NOUN,negative,- s,12
napitka,VERB,negative,- s,2
napity,ADV,negative,- s,3
napięcie,VERB,negative,- s,3
napięcie lękowe,VERB,negative,- m,1
napięty,ADV,negative,- s,3
napluć,NOUN,negative,- s,4
napompować,NOUN,negative,- s,2
napompować się,NOUN,negative,- s,4
naprawa,VERB,positive,+ s,3
naprawdę,ADJ,positive,+ s,1
naprawiać,NOUN,positive,+ s,2
naprać,NOUN,negative,- s,11
naprać się,NOUN,negative,- s,3
naprowadzać,NOUN,positive,+ s,2
naprowadzić,NOUN,positive,+ s,2
napruty,ADV,negative,- m,2
naprzykrzać się,NOUN,negative,- s,2
naprzykrzony,ADV,negative,- s,2
naprzykrzyć,NOUN,negative,- s,2
naprzykrzyć się,NOUN,negative,- s,4
naprzód,ADJ,positive,+ s,3
naprężony,ADV,negative,- m,2
napuszenie,ADJ,negative,- s,2
napuszoność,VERB,negative,- s,2
napuszony,ADV,negative,- s,4
napuszysty,ADV,negative,- s,2
narażenie,VERB,negative,- s,1
narcystycznie,ADJ,negative,- s,2
narcystyczny,ADV,negative,- s,4
narcyz,VERB,negative,- m,2
narcyzm,VERB,negative,- m,2
narcyzowaty,ADV,negative,- s,4
narcyzowy,ADV,negative,- m,1
nareszcie,ADJ,positive,+ s,2
narkobiznes,VERB,negative,- m,2
narkodolar,VERB,negative,- s,2
narkomania,VERB,negative,- s,2
narkotycznie,ADJ,negative,- s,2
narkotyczny,ADV,negative,- s,3
narobić,NOUN,negative,- s,4
narobić się,NOUN,negative,- s,6
narobić w gacie,NOUN,negative,- s,3
narodowy,ADV,positive,+ s,3
narodziny,VERB,positive,+ s,1
narosnąć,NOUN,negative,- s,2
narowisty,ADV,negative,- s,7
narowiście,ADJ,negative,- s,4
narożnica,VERB,negative,- s,2
narwanie,VERB,negative,- m,2
narwaniec,VERB,negative,- m,2
narwany,ADV,negative,- s,4
narybek,VERB,positive,+ s,1
narzekacz,VERB,negative,- s,2
narzekanie,VERB,negative,- s,2
narzekać,NOUN,negative,- s,2
narzucać,NOUN,negative,- s,2
narzygać,NOUN,negative,- s,3
narzędzie,VERB,negative,- m,2
narów,VERB,negative,- s,2
narąbany jak messerschmitt,ADV,negative,- m,2
nasiadówka,VERB,negative,- s,2
naskakiwać,NOUN,negative,- s,3
naskórkowo,ADJ,negative,- s,2
naskórkowy,ADV,negative,- s,4
nastawiać,NOUN,negative,- s,3
nastawiać się,NOUN,negative,- s,6
nastawić się,NOUN,positive,+ s,1
nastrojowiec,VERB,negative,- s,1
nastrojowo,ADJ,positive,+ s,2
nastrojowy,ADV,positive,+ s,2
nastrzępić jęzor,NOUN,negative,- s,2
nastrzępić język,NOUN,negative,- s,2
następca,VERB,positive,+ s,1
nasycać,NOUN,positive,+ s,5
nasycenie,VERB,positive,+ s,4
nasycić,NOUN,positive,+ s,4
nasz człowiek,VERB,positive,+ m,2
naszukać się,NOUN,positive,+ s,1
nasępić,NOUN,negative,- s,4
nasępić się,NOUN,negative,- s,3
nasłaniec,VERB,negative,- s,2
nasłannik,VERB,negative,- s,2
natarcie,VERB,negative,- s,2
natarczywie,ADJ,negative,- s,2
natarczywość,VERB,negative,- s,4
natarczywy,ADV,negative,- s,7
natchnienie,VERB,positive,+ s,5
natchniony,ADV,positive,+ m,2
natchnąć,NOUN,positive,+ s,8
natleniać się,NOUN,positive,+ s,1
natlenić się,NOUN,positive,+ s,2
natręctwo,VERB,negative,- s,4
natręt,VERB,negative,- s,3
natrętnie,ADJ,negative,- s,4
natrętnik,VERB,negative,- s,3
natrętny,ADV,negative,- s,7
naturalistycznie,ADJ,negative,- s,2
naturalistyczny,ADV,negative,- s,2
naturalizm,VERB,negative,- s,2
naturalnie,ADJ,positive,+ s,4
naturalność,VERB,positive,+ m,2
naturalny,ADV,positive,+ s,6
natychmiastowość,VERB,positive,+ s,1
natychmiastowy,ADV,positive,+ s,2
natyrać się,NOUN,negative,- s,2
natłok,VERB,negative,- s,3
natłumaczyć się,NOUN,negative,- s,8
nauczka,VERB,negative,- s,3
nauka,VERB,positive,+ s,1
naukawy,ADV,negative,- s,1
naukowo,ADJ,positive,+ s,1
naukowy,ADV,positive,+ s,3
nawalanka,VERB,negative,- s,5
nawalny,ADV,negative,- s,2
nawalony jak messerschmitt,ADV,negative,- m,2
nawał,VERB,negative,- m,2
nawała,VERB,negative,- s,5
nawałnica,VERB,negative,- s,3
nawałny,ADV,negative,- s,2
nawiedzany,ADV,negative,- s,1
nawiedzony,VERB,negative,- m,2
nawieźć,NOUN,positive,+ s,1
nawilgły,ADV,negative,- s,1
nawitaminizować,NOUN,positive,+ s,2
nawitaminizować się,NOUN,positive,+ s,1
nawiązywać,NOUN,positive,+ s,1
nawlec,NOUN,negative,- s,5
nawlec się,NOUN,negative,- s,11
nawozić,NOUN,positive,+ s,3
nawozić się,NOUN,negative,- s,2
nawrót choroby,VERB,negative,- m,1
nawycinać,NOUN,positive,+ s,1
nawycinać się,NOUN,negative,- s,6
nawłóczyć,NOUN,negative,- s,4
nawłóczyć się,NOUN,negative,- s,2
nazabijać,NOUN,negative,- m,2
nazbierać,NOUN,positive,+ s,9
nazista,VERB,negative,- m,2
nazistowsko,ADJ,negative,- s,2
nazwisko,VERB,positive,+ s,2
nazywać się,NOUN,positive,+ s,2
nałogowo,ADJ,negative,- s,2
nałogowość,VERB,negative,- s,2
nałogowy,ADV,negative,- s,9
nałykać,NOUN,positive,+ s,4
nałykać się,NOUN,negative,- s,8
nałóg,VERB,negative,- m,2
naśladowczo,ADJ,negative,- s,1
naśladowczy,ADV,negative,- s,2
naśladowniczy,ADV,negative,- s,2
naśmiać się,NOUN,positive,+ s,3
naśmiewać się,NOUN,negative,- s,3
naświetlać,NOUN,positive,+ s,1
neandertal,VERB,negative,- m,2
neandertalczyk,VERB,negative,- m,2
neandertalski,ADV,negative,- s,4
neandertalsko,ADJ,negative,- s,3
negacjonista,VERB,negative,- s,2
negatyw,VERB,negative,- s,3
negatywista,VERB,negative,- s,2
negatywistyczny,ADV,negative,- s,2
negatywizm,VERB,negative,- s,2
negatywnie,ADJ,negative,- s,5
negatywny,ADV,negative,- s,10
negocjowalny,ADV,positive,+ s,2
nekrofilski,ADV,negative,- s,3
nekrofilsko,ADJ,negative,- s,2
nemrod,VERB,positive,+ s,1
neofaszysta,VERB,negative,- s,4
neoficko,ADJ,negative,- s,2
neofob,VERB,negative,- s,2
neohitlerowiec,VERB,negative,- s,1
neokolonialista,VERB,negative,- s,1
neonazista,VERB,negative,- s,2
nepot,VERB,negative,- s,2
nepotyczny,ADV,negative,- m,2
nerd,VERB,negative,- s,3
nerw,VERB,positive,+ s,2
nerwicogenny,ADV,negative,- m,1
nerwicowiec,VERB,negative,- s,2
nerwicowo,ADJ,negative,- s,2
nerwicowość,VERB,negative,- s,2
nerwoból,VERB,negative,- s,2
nerwować,NOUN,negative,- s,1
nerwować się,NOUN,negative,- s,2
nerwowo,ADJ,negative,- s,6
nerwowość,VERB,negative,- m,2
nerwowy,ADV,negative,- s,10
nerwus,VERB,negative,- s,2
nerwy,VERB,negative,- s,2
nerwy ze stali,VERB,positive,+ m,2
nerwówka,VERB,negative,- s,2
nestor,VERB,positive,+ s,2
neurasteniczny,ADV,negative,- s,1
neurotyczny,ADV,negative,- s,2
neurotyk,VERB,negative,- m,2
neutralnie,ADJ,positive,+ s,1
neutralność,VERB,positive,+ s,2
neutralny,ADV,positive,+ s,3
newralgiczny,ADV,negative,- s,2
news,VERB,positive,+ s,1
ni cholery,ADJ,negative,- s,6
ni chuj,ADJ,negative,- s,5
ni chuja,ADJ,negative,- m,4
ni w ząb,ADJ,negative,- s,2
niania,VERB,positive,+ s,1
nic,VERB,negative,- m,2
nicestwo,VERB,negative,- s,3
nicować,NOUN,negative,- s,3
nicość,VERB,negative,- m,2
nicpoń,VERB,negative,- s,2
niczyj,ADV,negative,- m,2
nie bez kozery,ADJ,positive,+ s,2
nie od parady,ADJ,positive,+ s,2
nie w sosie,ADV,negative,- s,2
nie z tej ziemi,ADV,negative,- s,2
nieadekwatnie,ADJ,negative,- s,2
nieadekwatność,VERB,negative,- m,2
nieadekwatny,ADV,negative,- m,2
nieagresja,VERB,positive,+ s,2
nieaktualnie,ADJ,negative,- s,1
nieaktualność,VERB,negative,- s,4
nieaktualny,ADV,negative,- s,4
nieakuratność,VERB,negative,- s,4
nieapetyczność,VERB,negative,- m,2
nieapetyczny,ADV,negative,- s,2
nieatrakcyjnie,ADJ,negative,- s,2
nieatrakcyjność,VERB,negative,- s,2
nieatrakcyjny,ADV,negative,- s,3
nieautentyczność,VERB,negative,- s,2
nieautentyczny,ADV,negative,- s,7
nieautonomiczność,VERB,negative,- s,1
niebacznie,ADJ,negative,- s,4
niebaczność,VERB,negative,- s,6
niebaczny,ADV,negative,- s,7
niebagatelny,ADV,positive,+ s,3
niebanalnie,ADJ,positive,+ s,2
niebanalny,ADV,positive,+ s,4
niebezpieczeństwo,VERB,negative,- m,2
niebezpiecznie,ADJ,negative,- s,8
niebezpieczność,VERB,negative,- s,2
niebezpieczny,ADV,negative,- s,10
niebiański,ADV,positive,+ s,3
niebiańsko,ADJ,positive,+ s,4
niebieski ptak,VERB,negative,- m,2
niebieski ptaszek,VERB,negative,- s,2
niebiesko,ADJ,negative,- s,2
niebieściutki,ADV,positive,+ s,2
niebiosa,VERB,positive,+ s,2
niebiosy,VERB,positive,+ s,2
niebo,VERB,positive,+ s,1
niebo w gębie,VERB,positive,+ m,2
niebogato,ADJ,negative,- s,2
niebogaty,ADV,negative,- s,2
niebojowy,ADV,negative,- m,2
niebolesny,ADV,positive,+ s,6
nieboleśnie,ADJ,positive,+ s,4
niebolszewicko,ADJ,negative,- s,2
nieborak,VERB,negative,- s,2
nieboskie stworzenie,VERB,negative,- s,2
niebotyczny,ADV,negative,- m,3
niebożę,VERB,negative,- s,2
niebrzydki,ADV,positive,+ s,2
niebrzydko,ADJ,positive,+ s,2
niebudowlany,ADV,negative,- s,2
niebłahy,ADV,positive,+ s,2
niecelnie,ADJ,negative,- s,4
niecelność,VERB,negative,- s,2
niecelny,ADV,negative,- s,4
niecelowy,ADV,negative,- s,2
niecenzuralnie,ADJ,negative,- s,2
niecenzuralny,ADV,negative,- s,4
niech to diabli,VERB,negative,- s,2
niech to dunder świśnie,VERB,negative,- s,2
niech to licho,VERB,negative,- s,2
niech to licho porwie,VERB,negative,- s,2
niech to piorun trzaśnie,VERB,negative,- s,2
niech to pioruny biją,VERB,negative,- s,2
niech to szlag,VERB,negative,- s,2
niechciuch,VERB,negative,- m,2
niechlubnie,ADJ,negative,- s,2
niechlubny,ADV,negative,- m,2
niechluj,VERB,negative,- m,2
niechluja,VERB,negative,- m,2
niechlujnie,ADJ,negative,- s,4
niechlujny,ADV,negative,- s,11
niechybność,VERB,negative,- s,2
niechybny,ADV,negative,- s,2
niechętny,ADV,negative,- s,4
niechęć,VERB,negative,- m,2
nieciekawie,ADJ,negative,- s,8
nieciekawość,VERB,negative,- s,2
nieciekawy,ADV,negative,- s,8
niecierpliwie,ADJ,negative,- s,4
niecierpliwiec,VERB,negative,- s,2
niecierpliwość,VERB,negative,- s,2
niecierpliwy,ADV,negative,- s,4
niecnie,ADJ,negative,- s,2
niecność,VERB,negative,- s,4
niecny,ADV,negative,- s,4
niecywilizowany,ADV,negative,- m,2
nieczucie,VERB,negative,- m,2
nieczule,ADJ,negative,- s,2
nieczułość,VERB,negative,- m,2
nieczuły,ADV,negative,- s,4
nieczynność,VERB,negative,- s,8
nieczynny,ADV,negative,- s,1
nieczysto,ADJ,negative,- s,18
nieczystość,VERB,negative,- m,2
nieczysty,ADV,negative,- s,23
nieczytelnie,ADJ,negative,- s,6
nieczytelny,ADV,negative,- s,6
nieczęsty,ADV,positive,+ s,2
nieczłowieczy,ADV,negative,- m,4
niedbale,ADJ,negative,- s,4
niedbalstwo,VERB,negative,- s,2
niedbaluch,VERB,negative,- m,2
niedbały,ADV,negative,- s,8
niedelikatnie,ADJ,negative,- s,8
niedelikatność,VERB,negative,- m,2
niedelikatny,ADV,negative,- s,13
niedemokratycznie,ADJ,negative,- s,4
niedemokratyczny,ADV,negative,- s,3
niedobrany,ADV,negative,- s,3
niedobrowolnie,ADJ,negative,- s,2
niedobrowolny,ADV,negative,- s,2
niedobry,ADV,negative,- s,24
niedobrze,ADJ,negative,- s,18
niedobór,VERB,negative,- s,2
niedochodowość,VERB,negative,- s,2
niedochodowy,ADV,negative,- m,2
niedogarek,VERB,negative,- s,1
niedogodność,VERB,negative,- s,2
niedogodny,ADV,negative,- s,2
niedojda,VERB,negative,- m,2
niedojdowaty,ADV,negative,- s,2
niedojrzale,ADJ,negative,- s,3
niedojrzało,ADJ,negative,- s,1
niedojrzałość,VERB,negative,- s,6
niedojrzały,ADV,negative,- s,6
niedokrwisty,ADV,negative,- s,4
niedokuczliwy,ADV,positive,+ s,2
niedokładnie,ADJ,negative,- s,2
niedokładność,VERB,negative,- m,2
niedokładny,ADV,negative,- s,6
niedola,VERB,negative,- m,2
niedomiar,VERB,negative,- s,2
niedomykalność,VERB,negative,- s,2
niedomyślność,VERB,negative,- s,2
niedomyślny,ADV,negative,- s,2
niedookreśloność,VERB,negative,- s,2
niedopasowanie,VERB,negative,- s,2
niedopasowanie przestrzenne,VERB,negative,- s,1
niedopasowanie seksualne,VERB,negative,- m,1
niedopasowany,ADV,negative,- s,3
niedopasowany seksualnie,ADV,negative,- s,3
niedopatrzenie,VERB,negative,- s,2
niedopałek,VERB,negative,- s,1
niedopieczony,ADV,negative,- s,2
niedopuszczalnie,ADJ,negative,- m,2
niedopuszczalny,ADV,negative,- m,2
niedopłata,VERB,negative,- s,1
niedorajda,VERB,negative,- m,2
niedorobek,VERB,negative,- s,2
niedorostek,VERB,negative,- s,2
niedorosłość,VERB,negative,- s,2
niedorosły,ADV,negative,- s,2
niedorozwinięty,ADV,negative,- s,2
niedorozwój,VERB,negative,- s,2
niedorozwój umysłowy,VERB,negative,- s,1
niedorośle,ADJ,negative,- s,2
niedorzecznie,ADJ,negative,- s,4
niedorzeczność,VERB,negative,- m,2
niedorzeczny,ADV,negative,- m,4
niedosięgły,ADV,negative,- s,3
niedosiężność,VERB,negative,- s,2
niedosiężny,ADV,negative,- s,3
niedoskonale,ADJ,negative,- s,1
niedoskonałość,VERB,negative,- s,2
niedoskonały,ADV,negative,- s,2
niedospany,ADV,negative,- s,4
niedostatecznie,ADJ,negative,- s,4
niedostateczny,ADV,negative,- m,2
niedostateczny,VERB,positive,+ s,1
niedostatek,VERB,negative,- s,6
niedostępnie,ADJ,negative,- s,4
niedostępność,VERB,negative,- s,6
niedostępny,ADV,negative,- s,7
niedosyt,VERB,negative,- s,2
niedoszły,ADV,negative,- s,1
niedosłyszący,ADV,negative,- s,1
niedotykalność,VERB,positive,+ s,2
niedotykalny,ADV,positive,+ s,1
niedotykalski,ADV,negative,- m,2
niedotykalski,VERB,negative,- s,2
niedouczek,VERB,negative,- m,2
niedouk,VERB,negative,- m,2
niedowaga,VERB,negative,- s,2
niedowarzony,ADV,negative,- s,8
niedowiarek,VERB,negative,- s,2
niedowiarstwo,VERB,negative,- s,2
niedowidzący,ADV,negative,- s,2
niedowierzający,ADV,negative,- s,3
niedowierzanie,VERB,negative,- s,2
niedołęga,VERB,negative,- m,4
niedołężny,ADV,negative,- s,10
niedościgle,ADJ,positive,+ s,2
niedościgniony,ADV,positive,+ m,4
niedościgły,ADV,positive,+ s,5
niedoświadczenie,VERB,negative,- s,2
niedożywienie,VERB,negative,- s,1
niedożywiony,ADV,negative,- s,1
niedrogo,ADJ,positive,+ s,2
niedrożny,ADV,negative,- s,3
niedwuznaczny,ADV,negative,- s,2
niedyplomatyczność,VERB,negative,- s,2
niedyplomatyczny,ADV,negative,- s,2
niedyskrecja,VERB,negative,- s,4
niedyskretnie,ADJ,negative,- s,2
niedyskretność,VERB,negative,- s,4
niedyskretny,ADV,negative,- s,6
niedysponowanie,VERB,negative,- s,2
niedysponowany,ADV,negative,- s,2
niedyspozycyjność,VERB,negative,- s,2
niedzielny kierowca,VERB,negative,- s,2
niedzisiejszy,ADV,negative,- s,4
niedługi,ADV,negative,- s,2
niedźwiedzi,ADV,negative,- s,3
niedźwiedzio,ADJ,negative,- s,2
niedźwiedziowato,ADJ,negative,- s,1
niedźwiedziowaty,ADV,positive,+ s,3
niedźwiedź,VERB,negative,- m,2
nieefektownie,ADJ,negative,- s,2
nieefektowność,VERB,negative,- s,2
nieefektowny,ADV,negative,- s,2
nieefektywnie,ADJ,negative,- s,2
nieefektywność,VERB,negative,- s,2
nieefektywny,ADV,negative,- s,2
nieegoistyczny,ADV,positive,+ s,2
nieekwiwalentny,ADV,negative,- s,2
nieelastyczny,ADV,negative,- s,4
nieelegancki,ADV,negative,- s,7
nieelegancko,ADJ,negative,- s,4
nieemisyjny,ADV,negative,- s,2
nieestetycznie,ADJ,negative,- s,2
nieestetyczny,ADV,negative,- s,2
nieetycznie,ADJ,negative,- s,2
nieetyczny,ADV,negative,- s,2
niefachowiec,VERB,negative,- s,2
niefachowo,ADJ,negative,- s,2
niefachowość,VERB,negative,- m,2
niefachowy,ADV,negative,- s,4
niefajnie,ADJ,negative,- s,2
niefajno,ADJ,negative,- s,2
niefajny,ADV,negative,- s,4
niefart,VERB,negative,- m,2
niefartowność,VERB,negative,- s,2
niefartowny,ADV,negative,- s,8
nieforemnie,ADJ,negative,- s,2
niefortunnie,ADJ,negative,- s,2
niefortunność,VERB,negative,- s,2
niefortunny,ADV,negative,- s,2
niefrasobliwie,ADJ,negative,- s,2
niefrasobliwość,VERB,negative,- m,2
niefrasobliwy,ADV,negative,- m,4
niefunkcjonalnie,ADJ,negative,- s,2
niefunkcjonalny,ADV,negative,- s,2
niegasnący,ADV,positive,+ s,1
niegodnie,ADJ,negative,- s,2
niegodny,ADV,negative,- s,7
niegodziwie,ADJ,negative,- s,2
niegodziwiec,VERB,negative,- m,2
niegodziwość,VERB,negative,- s,7
niegodziwy,ADV,negative,- m,4
niegospodarczo,ADJ,negative,- s,2
niegospodarczy,ADV,negative,- s,2
niegospodarnie,ADJ,negative,- s,2
niegospodarność,VERB,negative,- m,2
niegospodarny,ADV,negative,- s,4
niegotowość,VERB,negative,- s,3
niegotowy,ADV,negative,- s,6
niegościnność,VERB,negative,- s,2
niegościnny,ADV,negative,- s,6
niegramatycznie,ADJ,negative,- s,2
niegramatyczność,VERB,negative,- m,2
niegramatyczny,ADV,negative,- s,1
niegroźnie,ADJ,positive,+ s,4
niegroźny,ADV,positive,+ s,6
niegrzecznie,ADJ,negative,- s,4
niegrzeczność,VERB,negative,- m,2
niegrzeczny,ADV,negative,- s,9
niegustownie,ADJ,negative,- s,4
niegustowność,VERB,negative,- s,4
niegustowny,ADV,negative,- s,6
niegładko,ADJ,negative,- s,2
niegłupi,ADV,positive,+ s,6
niegłupio,ADJ,positive,+ s,4
niegłęboki,ADV,negative,- s,3
nieharmonicznie,ADJ,negative,- s,4
nieharmoniczny,ADV,negative,- s,2
nieharmonijnie,ADJ,negative,- s,4
nieharmonijność,VERB,negative,- s,1
nieharmonijny,ADV,negative,- s,7
niehigienicznie,ADJ,negative,- s,6
niehigieniczny,ADV,negative,- s,8
niehonor,VERB,negative,- m,2
niehonorowo,ADJ,negative,- s,4
niehonorowy,ADV,negative,- s,7
niehumanitarnie,ADJ,negative,- s,3
niehumanitarny,ADV,negative,- m,2
nieingerencja,VERB,positive,+ s,1
nieinteligentny,ADV,negative,- m,4
nieinteresująco,ADJ,negative,- s,2
nieinteresujący,ADV,negative,- s,2
nieinterwencja,VERB,positive,+ s,1
nieinwazyjność,VERB,positive,+ s,2
nieistotnie,ADJ,negative,- s,1
nieistotny,ADV,negative,- s,4
niejadalny,ADV,negative,- s,3
niejasno,ADJ,negative,- s,4
niejasność,VERB,negative,- s,4
niejasny,ADV,negative,- s,5
niejawność,VERB,negative,- s,2
niejednakowy,ADV,negative,- s,1
niejednolicie,ADJ,negative,- s,2
niejednomyślność,VERB,negative,- s,4
niejednomyślny,ADV,negative,- s,1
niejednoznaczność,VERB,negative,- s,1
niekanonicznie,ADJ,negative,- s,1
niekaralność,VERB,positive,+ s,2
niekiepski,ADV,positive,+ s,8
niekiepsko,ADJ,positive,+ s,6
nieklarowność,VERB,negative,- s,2
nieklarowny,ADV,negative,- s,3
niekoleżeński,ADV,negative,- s,4
niekoleżeńskość,VERB,negative,- s,2
niekomfortowo,ADJ,negative,- s,4
niekomfortowy,ADV,negative,- s,4
niekompatybilny,ADV,negative,- s,2
niekompetencja,VERB,negative,- m,2
niekompetentność,VERB,negative,- m,2
niekompetentny,ADV,negative,- s,5
niekompletnie,ADJ,negative,- s,2
niekompletność,VERB,negative,- s,2
niekompletny,ADV,negative,- s,2
niekomunikatywny,ADV,negative,- s,4
niekonfliktowość,VERB,positive,+ s,2
niekonfliktowy,ADV,positive,+ s,2
niekonkretnie,ADJ,negative,- s,2
niekonkretność,VERB,negative,- s,4
niekonkretny,ADV,negative,- s,7
niekonkurencyjny,ADV,negative,- s,2
niekonsekwencja,VERB,negative,- s,2
niekonsekwentnie,ADJ,negative,- s,2
niekonsekwentność,VERB,negative,- s,5
niekonsekwentny,ADV,negative,- s,2
niekonstruktywność,VERB,negative,- m,2
niekonsumpcyjny,ADV,positive,+ s,2
niekorzystny,ADV,negative,- s,8
niekorzyść,VERB,negative,- s,3
niekrępujący,ADV,positive,+ s,6
niekulturalność,VERB,negative,- m,2
niekulturalny,ADV,negative,- s,5
niekumaty,ADV,negative,- s,2
niekwalifikowany,ADV,negative,- s,2
niekłamanie,ADJ,positive,+ s,2
niekłopotliwie,ADJ,positive,+ s,2
niekłopotliwość,VERB,positive,+ s,2
niekłopotliwy,ADV,positive,+ s,2
niekłótliwość,VERB,positive,+ s,2
niekłótliwy,ADV,positive,+ s,2
nielegalny,ADV,negative,- m,2
nielekki,ADV,negative,- s,3
nielekko,ADJ,negative,- s,2
nielichy,ADV,positive,+ s,4
nielitościwość,VERB,negative,- s,3
nielitościwy,ADV,negative,- m,6
nielogicznie,ADJ,negative,- s,2
nielogiczność,VERB,negative,- m,2
nielogiczny,ADV,negative,- m,2
nielojalny,ADV,negative,- s,6
nielotny,ADV,negative,- s,4
nielubiany,ADV,negative,- s,3
nieludzki,ADV,negative,- m,4
niemały,ADV,positive,+ s,1
niemelodyjny,ADV,negative,- s,1
niemerytoryczność,VERB,negative,- m,2
niemerytoryczny,ADV,negative,- s,2
niemiarowy,ADV,negative,- s,2
niemieć,NOUN,negative,- s,2
niemiłosiernie,ADJ,negative,- m,2
niemiłosierny,ADV,negative,- m,6
niemiły,ADV,negative,- s,6
niemoc,VERB,negative,- m,2
niemocny,ADV,negative,- s,4
niemodny,ADV,negative,- s,2
niemoralnie,ADJ,negative,- m,2
niemoralny,ADV,negative,- s,8
niemota,VERB,negative,- m,2
niemowa,VERB,negative,- s,2
niemożebność,VERB,negative,- s,2
niemożebny,ADV,negative,- s,6
niemożliwość,VERB,negative,- s,3
niemożliwy,ADV,negative,- s,5
niemożność,VERB,negative,- s,2
niemrawiec,VERB,negative,- s,2
niemrawość,VERB,negative,- s,4
niemrawy,ADV,negative,- s,6
niemuzykalność,VERB,negative,- s,2
niemy,ADV,negative,- s,2
niemądry,ADV,negative,- s,4
niemęski,ADV,negative,- s,2
niemęsko,ADJ,negative,- s,2
niemęskość,VERB,negative,- s,2
nienaganny,ADV,positive,+ s,2
nienajlepszy,ADV,negative,- s,2
nienależny,ADV,negative,- s,3
nienależyty,ADV,negative,- m,2
nienaruszalność,VERB,positive,+ s,2
nienaruszalny,ADV,positive,+ s,3
nienaruszony,ADV,positive,+ s,4
nienasycenie,VERB,negative,- s,2
nienasyceniec,VERB,negative,- m,2
nienaturalność,VERB,negative,- s,2
nienaturalny,ADV,negative,- s,7
nienaukowość,VERB,negative,- m,2
nienaukowy,ADV,negative,- s,2
nienawistnik,VERB,negative,- m,2
nienawistny,ADV,negative,- m,4
nienawiść,VERB,negative,- m,2
nienazwany,ADV,negative,- s,1
nieneutralność,VERB,negative,- s,2
nieneutralny,ADV,negative,- s,4
nienormalnie,ADJ,negative,- s,2
nienormalność,VERB,negative,- s,4
nienormalny,ADV,negative,- s,8
nienormalny,VERB,negative,- s,2
nienowoczesność,VERB,negative,- s,3
nieobecność,VERB,negative,- s,2
nieobeznanie,VERB,negative,- s,2
nieobfitość,VERB,negative,- s,2
nieobiektywność,VERB,negative,- s,2
nieobiektywny,ADV,negative,- s,6
nieobliczalny,ADV,negative,- m,1
nieobojętność,VERB,positive,+ s,6
nieobojętny,ADV,negative,- s,5
nieobowiązkowy,ADV,negative,- s,2
nieobowiązujący,ADV,positive,+ s,1
nieobrazowy,ADV,negative,- s,2
nieobrotność,VERB,negative,- s,2
nieobrotny,ADV,negative,- s,2
nieobyczajność,VERB,negative,- s,2
nieobyczajny,ADV,negative,- s,4
nieobyty,ADV,negative,- s,2
nieobywatelski,ADV,negative,- s,1
nieoceniony,ADV,positive,+ m,2
nieodbity,ADV,negative,- s,2
nieodgadniony,ADV,negative,- s,2
nieodparty,ADV,positive,+ s,2
nieodporność,VERB,negative,- s,4
nieodporny,ADV,negative,- s,7
nieodpowiedni,ADV,negative,- s,5
nieodpowiedzialność,VERB,negative,- m,2
nieodpowiedzialny,ADV,negative,- s,5
nieodpłatny,ADV,positive,+ s,1
nieodwołalny,ADV,negative,- s,2
nieodwracalność,VERB,negative,- s,1
nieodwracalny,ADV,negative,- m,1
nieodzownie,ADJ,positive,+ s,1
nieodzowny,ADV,positive,+ s,1
nieodżałowany,ADV,negative,- m,2
nieoficjalny,ADV,positive,+ s,2
nieogar,VERB,negative,- m,4
nieogarniony,ADV,negative,- m,2
nieogarnięty,ADV,negative,- s,4
nieoględny,ADV,negative,- s,4
nieograniczoność,VERB,positive,+ s,1
nieograniczony,ADV,positive,+ s,2
nieokreśloność,VERB,negative,- s,4
nieokrzesanie,VERB,negative,- m,2
nieokrzesaniec,VERB,negative,- s,2
nieokrzesany,ADV,negative,- m,2
nieomylność,VERB,positive,+ s,3
nieomylny,ADV,positive,+ s,4
nieopanowanie,VERB,negative,- m,2
nieopanowany,ADV,negative,- s,2
nieopatrzny,ADV,negative,- s,4
nieopierzony,ADV,negative,- s,2
nieopisany,ADV,negative,- m,2
nieoptymalny,ADV,negative,- s,1
nieopłacalność,VERB,negative,- s,3
nieopłacalny,ADV,negative,- s,2
nieoryginalność,VERB,negative,- s,2
nieoryginalny,ADV,negative,- s,6
nieosiągalność,VERB,negative,- s,2
nieosiągalny,ADV,negative,- s,9
nieostrość,VERB,positive,+ s,4
nieostrożność,VERB,negative,- s,4
nieostrożny,ADV,negative,- s,4
nieostry,ADV,positive,+ s,18
nieoswojony,ADV,negative,- s,1
nieoszacowany,ADV,positive,+ m,2
nieoszczędność,VERB,negative,- s,4
nieoszczędny,ADV,negative,- s,7
nieoświecony,ADV,negative,- s,2
niepamięć,VERB,negative,- s,2
nieparlamentarny,ADV,negative,- s,2
niepartnerski,ADV,negative,- s,2
niepatologiczny,ADV,positive,+ s,2
niepatriotyczny,ADV,negative,- s,2
niepewność,VERB,negative,- s,4
niepewny,ADV,negative,- s,10
niepełnosprawność,VERB,negative,- s,2
niepełnosprawność intelektualna,VERB,negative,- s,1
niepełnosprawny,ADV,negative,- s,2
niepełnowartościowy,ADV,negative,- s,4
niepełny,ADV,negative,- s,2
niepięknie,ADJ,negative,- s,2
niepiękny,ADV,negative,- s,4
niepobożność,VERB,negative,- s,2
niepobożny,ADV,negative,- s,1
niepochlebny,ADV,negative,- s,3
niepoczciwy,ADV,negative,- s,4
niepoczesny,ADV,negative,- s,4
niepodatny,ADV,positive,+ s,3
niepodległość,VERB,positive,+ s,2
niepodległy,ADV,positive,+ s,5
niepodważalność,VERB,positive,+ m,2
niepodważalny,ADV,positive,+ s,1
niepohamowanie,VERB,negative,- s,2
niepohamowany,ADV,negative,- s,2
niepojętość,VERB,negative,- s,2
niepokalaność,VERB,positive,+ s,2
niepokalany,ADV,positive,+ s,7
niepokaźny,ADV,negative,- s,3
niepokojący,ADV,negative,- s,2
niepokonany,ADV,positive,+ m,2
niepokój,VERB,negative,- s,4
niepolski,ADV,negative,- s,1
niepomyślność,VERB,negative,- s,2
niepomyślny,ADV,negative,- s,3
niepoprawność,VERB,negative,- s,3
niepoprawny,ADV,negative,- s,5
niepopularność,VERB,negative,- s,4
niepopularny,ADV,negative,- s,5
nieporadność,VERB,negative,- s,2
nieporadny,ADV,negative,- s,4
nieporozumienie,VERB,negative,- s,7
nieporuszony,ADV,negative,- m,2
nieporządek,VERB,negative,- s,2
nieporządność,VERB,negative,- s,2
nieporządny,ADV,negative,- s,12
nieporównanie,ADJ,positive,+ s,3
nieporównany,ADV,positive,+ s,4
nieporównywalnie,ADJ,positive,+ s,3
nieporęczność,VERB,negative,- s,2
nieporęczny,ADV,negative,- s,6
nieposzlakowany,ADV,positive,+ s,7
nieposłuszeństwo,VERB,negative,- s,3
nieposłuszny,ADV,negative,- s,5
niepotrzebnie,ADJ,negative,- s,2
niepotrzebny,ADV,negative,- s,2
niepowabny,ADV,negative,- s,2
niepoważność,VERB,negative,- m,2
niepoważny,ADV,negative,- s,6
niepowetowany,ADV,negative,- m,2
niepowodzenie,VERB,negative,- m,2
niepowołany,ADV,negative,- s,1
niepowtarzalny,ADV,positive,+ s,3
niepozorność,VERB,negative,- s,1
niepozorny,ADV,negative,- s,2
niepośledni,ADV,positive,+ s,2
niepożytość,VERB,positive,+ s,3
niepożądany,ADV,negative,- s,3
niepraktyczność,VERB,negative,- s,4
niepraktyczny,ADV,negative,- s,6
nieprawda,VERB,negative,- m,1
nieprawdopodobność,VERB,negative,- s,2
nieprawdopodobny,ADV,negative,- s,1
nieprawdziwie,ADJ,negative,- s,2
nieprawdziwość,VERB,negative,- s,5
nieprawdziwy,ADV,negative,- s,12
nieprawego łoża,ADV,negative,- s,2
nieprawidłowość,VERB,negative,- s,6
nieprawidłowy,ADV,negative,- s,5
nieprawny,ADV,negative,- s,3
nieprawomyślny,ADV,negative,- s,2
niepraworządność,VERB,negative,- s,2
nieprawość,VERB,negative,- s,5
nieprawy,ADV,negative,- s,6
nieprecyzyjność,VERB,negative,- m,2
nieprecyzyjny,ADV,negative,- s,4
nieproduktywność,VERB,negative,- s,2
nieproduktywny,ADV,negative,- m,4
nieprofesjonalista,VERB,negative,- s,2
nieprofesjonalnie,ADJ,negative,- s,2
nieprofesjonalność,VERB,negative,- s,4
nieprofesjonalny,ADV,negative,- s,2
nieproporcjonalnie,ADJ,negative,- s,2
nieproporcjonalny,ADV,negative,- s,4
nieprzebłagany,ADV,negative,- s,4
nieprzeciętny,ADV,positive,+ s,2
nieprzejednany,ADV,negative,- m,2
nieprzejrzystość,VERB,negative,- s,2
nieprzejrzysty,ADV,negative,- s,2
nieprzekonujący,ADV,negative,- s,2
nieprzekraczalny,ADV,negative,- s,2
nieprzekupność,VERB,positive,+ s,2
nieprzekupny,ADV,positive,+ s,2
nieprzemakalny,ADV,positive,+ s,1
nieprzemijający,ADV,positive,+ m,2
nieprzemożony,ADV,negative,- m,1
nieprzemyślany,ADV,negative,- m,2
nieprzenikliwość,VERB,negative,- s,2
nieprzenikliwy,ADV,negative,- s,2
nieprzenikniony,ADV,negative,- s,2
nieprzepisowy,ADV,negative,- s,2
nieprzespany,ADV,negative,- s,2
nieprzewidywalność,VERB,negative,- s,2
nieprzewidzialność,VERB,negative,- s,2
nieprzezwyciężalny,ADV,negative,- s,3
nieprześcigniony,ADV,positive,+ m,2
nieprzychylność,VERB,negative,- m,2
nieprzychylny,ADV,negative,- s,6
nieprzydatnie,ADJ,negative,- s,2
nieprzydatny,ADV,negative,- s,2
nieprzyjaciel,VERB,negative,- s,1
nieprzyjacielski,ADV,negative,- m,2
nieprzyjacielskość,VERB,negative,- m,2
nieprzyjaciółka,VERB,negative,- s,2
nieprzyjazność,VERB,negative,- s,4
nieprzyjazny,ADV,negative,- s,10
nieprzyjaźń,VERB,negative,- m,2
nieprzyjemność,VERB,negative,- s,4
nieprzyjemny,ADV,negative,- s,7
nieprzymuszony,ADV,positive,+ s,2
nieprzystojny,ADV,negative,- s,2
nieprzystosowalność,VERB,negative,- s,2
nieprzystosowanie,VERB,negative,- s,2
nieprzystępność,VERB,negative,- s,2
nieprzystępny,ADV,negative,- s,4
nieprzyswajalność,VERB,negative,- s,2
nieprzyswajalny,ADV,negative,- s,1
nieprzytomnie,ADJ,negative,- s,2
nieprzytomność,VERB,negative,- s,2
nieprzytomny,ADV,negative,- s,9
nieprzytulność,VERB,negative,- s,2
nieprzytulny,ADV,negative,- s,2
nieprzyzwoitość,VERB,negative,- s,7
nieprzyzwoity,ADV,negative,- s,6
nieprzyzwyczajenie,VERB,negative,- s,2
nieprędki,ADV,negative,- s,2
niepunktualność,VERB,negative,- m,2
niepunktualny,ADV,negative,- s,2
niepłodność,VERB,negative,- s,2
niepłodny,ADV,negative,- s,2
niepłonny,ADV,positive,+ s,2
niepłynność,VERB,negative,- s,4
nieracjonalność,VERB,negative,- s,4
nieracjonalny,ADV,negative,- s,2
nierealistyczność,VERB,negative,- s,2
nierealistyczny,ADV,negative,- s,4
nierealność,VERB,negative,- s,2
nierealny,ADV,negative,- m,2
niereformowalny,ADV,negative,- m,1
nieregulaminowy,ADV,negative,- s,2
nieregularność,VERB,negative,- s,4
nieregularny,ADV,negative,- s,2
nierentowność,VERB,negative,- s,3
nierentowny,ADV,negative,- s,2
nierogaty,ADV,positive,+ s,2
nierozeznanie,VERB,negative,- s,2
nierozgarnięcie,VERB,negative,- m,2
nierozgarnięty,ADV,negative,- s,2
nierozpoznawalność,VERB,negative,- s,2
nierozrzutny,ADV,positive,+ s,4
nierozstrzygalność,VERB,negative,- s,2
nierozsądek,VERB,negative,- s,2
nierozsądność,VERB,negative,- m,2
nierozsądny,ADV,negative,- m,4
nieroztropność,VERB,negative,- m,2
nieroztropny,ADV,negative,- m,4
nierozum,VERB,negative,- s,2
nierozumnie,ADJ,negative,- s,3
nierozumność,VERB,negative,- m,4
nierozumny,ADV,negative,- s,9
nierozwaga,VERB,negative,- m,2
nierozważność,VERB,negative,- s,2
nierozważny,ADV,negative,- s,5
nierozwikłany,ADV,negative,- s,1
nierozwiązalność,VERB,negative,- s,2
nierozwiązalny,ADV,negative,- s,5
nierozwiązywalność,VERB,negative,- s,2
nierozłączny,ADV,positive,+ s,3
nieruchawość,VERB,negative,- m,2
nieruchawy,ADV,negative,- s,2
nieruchliwość,VERB,negative,- m,2
nieruchliwy,ADV,negative,- s,2
nierycerski,ADV,negative,- s,2
nierychliwość,VERB,negative,- s,3
nierychliwy,ADV,negative,- s,2
nierygorystyczność,VERB,positive,+ s,2
nierygorystyczny,ADV,positive,+ s,1
nierzeczowy,ADV,negative,- s,2
nierzeczywistość,VERB,negative,- s,2
nierzeczywisty,ADV,negative,- s,2
nierzetelność,VERB,negative,- m,2
nierzetelny,ADV,negative,- m,4
nierząd,VERB,negative,- m,2
nierządnica,VERB,negative,- m,2
nierób,VERB,negative,- m,2
nieróbstwo,VERB,negative,- m,2
nierównoprawny,ADV,negative,- s,3
nierównorzędny,ADV,negative,- s,2
nierównoważny,ADV,negative,- s,2
nierówność,VERB,negative,- s,3
nierówność społeczna,VERB,negative,- m,1
nierówny,ADV,negative,- s,4
niesakramentalny,ADV,negative,- s,1
niesamodzielność,VERB,negative,- s,2
niesamodzielny,ADV,negative,- s,7
niesamolubny,ADV,positive,+ s,2
niesamowitość,VERB,positive,+ m,1
niesamowystarczalność,VERB,negative,- s,2
niesforny,ADV,negative,- s,4
nieskalaność,VERB,positive,+ s,2
nieskalany,ADV,positive,+ m,6
nieskazitelny,ADV,positive,+ m,8
nieskażony,ADV,positive,+ s,2
nieskończoność,VERB,negative,- s,1
nieskromność,VERB,negative,- s,4
nieskromny,ADV,negative,- s,8
nieskrępowanie,VERB,positive,+ s,2
nieskrępowany,ADV,positive,+ s,2
nieskutecznie,ADJ,negative,- s,3
nieskuteczność,VERB,negative,- s,4
nieskuteczny,ADV,negative,- m,4
nieskwapliwość,VERB,negative,- s,4
nieskładnie,ADJ,negative,- s,2
nieskładność,VERB,negative,- s,2
nieskładny,ADV,negative,- s,2
niesmaczny,ADV,negative,- s,4
niesmak,VERB,negative,- m,2
niesnaska,VERB,negative,- s,2
niesnaski,VERB,negative,- s,2
niesolidarność,VERB,negative,- m,2
niesolidarny,ADV,negative,- s,3
niesolidność,VERB,negative,- s,3
niesolidny,ADV,negative,- s,4
niespecjalista,VERB,negative,- s,2
niespecjalistyczny,ADV,negative,- s,2
niespełnialność,VERB,negative,- s,2
niespodzianka,VERB,positive,+ s,2
niespoisty,ADV,negative,- s,2
niespokojność,VERB,negative,- s,6
niespokojny,ADV,negative,- s,11
niesportowy,ADV,negative,- s,2
niespożytość,VERB,positive,+ s,3
niespożyty,ADV,positive,+ s,4
niespracowany,ADV,positive,+ s,3
niesprawdzalny,ADV,negative,- s,2
niesprawiedliwość,VERB,negative,- m,6
niesprawiedliwy,ADV,negative,- m,4
niesprawność,VERB,negative,- s,4
niesprawny,ADV,negative,- s,10
niesprecyzowany,ADV,negative,- s,1
niespójność,VERB,negative,- s,4
niespójny,ADV,negative,- s,2
niespłacalność,VERB,negative,- s,1
niespłacalny,ADV,positive,+ s,4
niespłacony,ADV,positive,+ s,3
niesrogi,ADV,positive,+ s,2
niestabilnie,ADJ,negative,- s,2
niestabilność,VERB,negative,- s,4
niestabilny,ADV,negative,- s,5
niestanowczość,VERB,negative,- s,4
niestaranny,ADV,negative,- s,2
niestateczność,VERB,negative,- s,2
niestateczny,ADV,negative,- s,2
niestałość,VERB,negative,- s,2
niestały,ADV,negative,- s,4
niesterowny,ADV,negative,- s,1
niestosowność,VERB,negative,- s,4
niestosowny,ADV,negative,- s,3
niestrawny,ADV,negative,- s,2
niestronniczy,ADV,positive,+ s,4
niestrudzony,ADV,positive,+ s,5
niestworzony,ADV,negative,- m,2
niesubordynowany,ADV,negative,- m,2
niesubtelność,VERB,negative,- s,2
niesubtelny,ADV,negative,- s,2
niesumienność,VERB,negative,- m,2
niesumienny,ADV,negative,- s,2
niesurowy,ADV,negative,- s,7
niesuwerenny,ADV,negative,- s,1
nieswój,ADV,negative,- s,4
niesympatyczność,VERB,negative,- s,4
niesympatyczny,ADV,negative,- s,6
niesystematyczność,VERB,negative,- s,3
niesystematyczny,ADV,negative,- s,4
niesyty,ADV,negative,- s,3
nieszczególny,ADV,negative,- s,2
nieszczelność,VERB,negative,- s,1
nieszczelny,ADV,negative,- s,2
nieszczerość,VERB,negative,- s,2
nieszczery,ADV,negative,- s,4
nieszczęsny,ADV,negative,- s,9
nieszczęście,VERB,negative,- m,4
nieszczęśliwiec,VERB,negative,- m,2
nieszczęśliwy,ADV,negative,- s,12
nieszczęśnik,VERB,negative,- m,2
nieszkodliwy,ADV,positive,+ s,4
nieszlachetnie,ADJ,negative,- s,2
nieszlachetność,VERB,negative,- s,2
nieszlachetny,ADV,negative,- s,4
nieszpetny,ADV,positive,+ s,2
niesława,VERB,negative,- m,2
niesławny,ADV,negative,- s,5
niesłodki,ADV,negative,- s,2
niesłony,ADV,positive,+ s,2
niesłowność,VERB,negative,- m,2
niesłowny,ADV,negative,- s,2
niesłuszność,VERB,negative,- s,6
niesłuszny,ADV,negative,- s,5
niesłychany,ADV,negative,- m,1
nietakt,VERB,negative,- s,2
nietaktowność,VERB,negative,- s,2
nietaktowny,ADV,negative,- s,4
nieterminowość,VERB,negative,- m,2
nieterminowy,ADV,negative,- s,4
nietknięty,ADV,positive,+ s,4
nietolerancja,VERB,negative,- m,2
nietolerancyjność,VERB,negative,- m,2
nietolerancyjny,ADV,negative,- s,4
nietowarzyski,ADV,negative,- s,3
nietrafność,VERB,negative,- s,3
nietrafny,ADV,negative,- s,4
nietrudny,ADV,positive,+ s,6
nietrwałość,VERB,negative,- m,2
nietrwały,ADV,negative,- s,4
nietrzeźwy,ADV,negative,- s,3
nietutejszy,ADV,negative,- s,1
nietuzinkowość,VERB,positive,+ s,1
nietuzinkowy,ADV,positive,+ s,2
nietwarzowość,VERB,negative,- s,2
nietwarzowy,ADV,negative,- s,2
nietwórczy,ADV,negative,- s,4
nietykalność,VERB,positive,+ s,1
nietęgi,ADV,negative,- s,2
nieubłagalność,VERB,negative,- m,2
nieubłagany,ADV,negative,- m,4
nieuchronność,VERB,negative,- m,2
nieuchronny,ADV,negative,- m,2
nieuchwytność,VERB,negative,- s,2
nieuchwytny,ADV,negative,- s,5
nieuctwo,VERB,negative,- m,2
nieucywilizowany,ADV,negative,- m,2
nieuczciwość,VERB,negative,- s,6
nieuczciwy,ADV,negative,- s,4
nieuczynność,VERB,negative,- s,2
nieuczynny,ADV,negative,- s,2
nieudacznik,VERB,negative,- m,2
nieudaczność,VERB,negative,- s,3
nieudaczny,ADV,negative,- s,4
nieudany,ADV,negative,- s,7
nieudałota,VERB,negative,- m,2
nieudały,ADV,negative,- s,2
nieudolność,VERB,negative,- s,4
nieudolny,ADV,negative,- s,4
nieufność,VERB,negative,- s,2
nieufny,ADV,negative,- s,4
nieujarzmiony,ADV,negative,- s,2
nieuk,VERB,negative,- m,2
nieukojony,ADV,negative,- m,2
nieuleczalność,VERB,negative,- m,2
nieuleczalny,ADV,negative,- s,2
nieulękły,ADV,positive,+ m,2
nieumiarkowanie,VERB,negative,- s,2
nieumiarkowany,ADV,negative,- s,6
nieumiejętność,VERB,negative,- s,4
nieumiejętny,ADV,negative,- s,4
nieumyty,ADV,negative,- m,1
nieumyślny,ADV,negative,- s,1
nieuniknioność,VERB,negative,- m,2
nieunikniony,ADV,negative,- m,2
nieuporządkowany,ADV,negative,- s,2
nieuprzedzony,ADV,positive,+ m,2
nieuprzejmość,VERB,negative,- m,2
nieuprzejmy,ADV,negative,- s,5
nieurodzajność,VERB,negative,- m,2
nieurodzajny,ADV,negative,- s,2
nieustraszony,ADV,positive,+ s,2
nieusuwalny,ADV,negative,- s,1
nieuszkodzony,ADV,positive,+ s,2
nieutulony,ADV,negative,- m,2
nieuwaga,VERB,negative,- s,2
nieuważność,VERB,negative,- s,2
nieuważny,ADV,negative,- s,2
nieuzasadniony,ADV,negative,- s,2
nieużyteczność,VERB,negative,- m,2
nieużytek,VERB,negative,- s,1
nieużyty,ADV,negative,- s,3
nieużywalność,VERB,negative,- m,2
niewart,ADV,negative,- m,2
niewartościowy,ADV,negative,- m,4
nieważki,ADV,negative,- s,2
nieważność,VERB,negative,- s,2
nieważny,ADV,negative,- s,6
niewdzięcznik,VERB,negative,- m,2
niewdzięczność,VERB,negative,- m,2
niewdzięczny,ADV,negative,- s,6
nieweryfikowalność,VERB,negative,- s,1
nieweryfikowalny,ADV,negative,- s,2
niewesoły,ADV,negative,- s,13
niewiadomość,VERB,negative,- s,2
niewiadomy,ADV,negative,- s,1
niewiara,VERB,negative,- s,2
niewiarygodny,ADV,negative,- m,3
niewidzący,ADV,negative,- s,2
niewiedza,VERB,negative,- s,3
niewierność,VERB,negative,- s,5
niewierny,ADV,negative,- s,6
niewierny,VERB,negative,- s,2
niewierny tomasz,VERB,negative,- s,2
niewieściuch,VERB,negative,- s,2
niewinna krew,VERB,negative,- m,2
niewinność,VERB,positive,+ s,3
niewinny,ADV,positive,+ s,4
niewola,VERB,negative,- s,5
niewola egipska,VERB,negative,- m,2
niewolnictwo,VERB,negative,- m,2
niewolniczy,ADV,negative,- s,6
niewolnik,VERB,negative,- m,2
niewprawność,VERB,negative,- s,2
niewprawny,ADV,negative,- s,4
niewrażliwość,VERB,negative,- s,4
niewskazany,ADV,negative,- s,2
niewspółczesność,VERB,negative,- s,2
niewspółczesny,ADV,negative,- s,2
niewspółmierny,ADV,negative,- s,2
niewybaczalny,ADV,negative,- m,2
niewybredny,ADV,positive,+ s,4
niewybuchowy,ADV,positive,+ s,2
niewychowany,ADV,negative,- m,2
niewyczerpalność,VERB,positive,+ s,3
niewyczerpalny,ADV,positive,+ m,2
niewyczerpujący,ADV,negative,- s,2
niewydajność,VERB,negative,- s,2
niewydarzony,ADV,negative,- m,6
niewydolność,VERB,negative,- s,4
niewydolny,ADV,negative,- s,3
niewygoda,VERB,negative,- s,4
niewygodny,ADV,negative,- s,5
niewyjaśniony,ADV,negative,- s,2
niewykonalność,VERB,negative,- s,2
niewykonalny,ADV,negative,- s,1
niewykształcony,ADV,negative,- s,2
niewyleczalny,ADV,negative,- s,3
niewymiarowy,ADV,negative,- s,2
niewymuszony,ADV,positive,+ s,2
niewymyślność,VERB,positive,+ s,2
niewymyślny,ADV,negative,- s,2
niewyparzona buzia,VERB,negative,- s,2
niewyparzona gęba,VERB,negative,- m,2
niewyparzona morda,VERB,negative,- m,2
niewyparzony jęzor,VERB,negative,- m,2
niewyparzony język,VERB,negative,- m,2
niewyparzony pysk,VERB,negative,- m,2
niewypał,VERB,negative,- s,2
niewypłacalność,VERB,negative,- m,2
niewypłacalny,ADV,negative,- s,3
niewypłakany,ADV,negative,- m,2
niewyrazistość,VERB,negative,- s,2
niewyraźność,VERB,negative,- s,4
niewyraźny,ADV,negative,- s,10
niewyrobiony,ADV,negative,- s,4
niewyrozumiały,ADV,negative,- m,2
niewyspanie,VERB,negative,- s,2
niewyspany,ADV,negative,- s,4
niewystarczający,ADV,negative,- s,2
niewyszukany,ADV,negative,- s,1
niewytrawny,ADV,negative,- s,2
niewytrzymałość,VERB,negative,- s,2
niewytłumaczalny,ADV,negative,- s,3
niewyżyty,ADV,negative,- m,2
niewzajemność,VERB,negative,- s,4
niewątpliwość,VERB,positive,+ s,3
niewątpliwy,ADV,positive,+ s,1
niewładny,ADV,negative,- s,2
niewłaściwy,ADV,negative,- s,7
niezabawny,ADV,negative,- s,2
niezachwiany,ADV,positive,+ m,4
niezadowalający,ADV,negative,- s,3
niezadowolenie,VERB,negative,- s,3
niezadowolony,ADV,negative,- s,4
niezadłużony,ADV,positive,+ s,1
niezagrażający,ADV,positive,+ s,2
niezajmujący,ADV,negative,- s,2
niezakłócony,ADV,positive,+ s,2
niezależność,VERB,positive,+ s,7
niezależny,ADV,positive,+ m,3
niezamierzony,ADV,negative,- s,1
niezamożnie,ADJ,negative,- s,2
niezamożność,VERB,negative,- s,2
niezamożny,ADV,negative,- s,2
niezamącony,ADV,positive,+ s,2
niezapobiegliwy,ADV,negative,- m,2
niezapomniany,ADV,positive,+ m,2
niezaprzeczony,ADV,positive,+ s,2
niezaradność,VERB,negative,- s,2
niezaradny,ADV,negative,- s,2
niezasadniczy,ADV,negative,- s,2
niezasadnie,ADJ,negative,- s,2
niezasadność,VERB,negative,- m,1
niezasadny,ADV,negative,- s,2
niezastąpiony,ADV,positive,+ m,1
niezasłużony,ADV,negative,- s,2
niezatapialny,ADV,positive,+ s,2
niezauważalność,VERB,positive,+ s,2
niezawisłość,VERB,positive,+ s,4
niezawisły,ADV,positive,+ s,5
niezawodność,VERB,positive,+ m,4
niezawodny,ADV,positive,+ s,6
niezbadany,ADV,negative,- s,1
niezbity,ADV,positive,+ s,2
niezborny,ADV,negative,- s,2
niezbyt,ADV,negative,- s,2
niezbywalny,ADV,positive,+ s,1
niezbłagany,ADV,negative,- s,3
niezdara,VERB,negative,- s,2
niezdarność,VERB,negative,- s,2
niezdarny,ADV,negative,- s,3
niezdarstwo,VERB,negative,- s,2
niezdecydowany,ADV,negative,- s,4
niezdolność,VERB,negative,- s,2
niezdolny,ADV,negative,- s,4
niezdrowy,ADV,negative,- s,11
niezdyscyplinowany,ADV,negative,- m,2
niezgodność,VERB,negative,- s,5
niezgodny,ADV,negative,- s,6
niezgorszy,ADV,positive,+ s,4
niezgorzej,ADJ,positive,+ s,1
niezgraba,VERB,negative,- m,2
niezgrabiasz,VERB,negative,- m,2
niezgrabność,VERB,negative,- s,7
niezgrabny,ADV,negative,- s,6
niezgrabstwo,VERB,negative,- m,2
niezgulstwo,VERB,negative,- s,2
niezguła,VERB,negative,- m,2
niezgułowaty,ADV,negative,- s,2
niezgłębioność,VERB,positive,+ m,1
niezgłębiony,ADV,negative,- s,2
nieziemski,ADV,positive,+ m,2
nieziemsko,ADJ,positive,+ m,2
nieziemskość,VERB,negative,- s,1
nieziszczalność,VERB,negative,- s,2
nieziszczalny,ADV,negative,- s,3
niezmordowany,ADV,positive,+ s,2
niezmożony,ADV,negative,- s,6
niezmącony,ADV,positive,+ s,4
nieznaczący,ADV,negative,- s,2
nieznajomość,VERB,negative,- s,2
nieznany,ADV,negative,- s,2
niezniszczalność,VERB,positive,+ m,2
niezniszczalny,ADV,positive,+ s,4
nieznośny,ADV,negative,- m,4
nieznużony,ADV,positive,+ s,4
niezobowiązujący,ADV,positive,+ s,2
niezorganizowany,ADV,negative,- s,2
niezrażony,ADV,positive,+ s,2
niezrozumialstwo,VERB,negative,- s,2
niezrozumiałość,VERB,negative,- s,2
niezrozumiały,ADV,negative,- s,7
niezrozumienie,VERB,negative,- s,5
niezrównanie,ADJ,positive,+ s,2
niezrównany,ADV,positive,+ s,4
niezrównoważony,ADV,negative,- s,5
niezręczność,VERB,negative,- s,10
niezręczny,ADV,negative,- s,11
niezwalczony,ADV,positive,+ s,2
niezwietrzały,ADV,positive,+ s,1
niezwyciężalny,ADV,positive,+ s,3
niezwyciężony,ADV,positive,+ m,2
niezwyczajny,ADV,negative,- s,1
niezwykłość,VERB,positive,+ m,1
niezwłocznie,ADJ,positive,+ s,2
niezwłoczność,VERB,positive,+ s,2
niezwłoczny,ADV,positive,+ s,2
niezyskowność,VERB,negative,- s,2
niezłomność,VERB,positive,+ m,2
niezłomny,ADV,positive,+ m,4
niezłożony,ADV,positive,+ s,2
niezły,ADV,positive,+ s,12
nieład,VERB,negative,- s,2
nieładnie,ADJ,negative,- s,2
nieładny,ADV,negative,- s,4
niełaska,VERB,negative,- m,2
niełaskawość,VERB,negative,- s,3
niełaskawy,ADV,negative,- s,6
niełatwie,ADJ,negative,- s,2
niełatwo,ADJ,negative,- s,2
niełatwość,VERB,negative,- s,2
niełatwy,ADV,negative,- s,7
nieścisłość,VERB,negative,- s,4
nieścisły,ADV,negative,- s,4
nieściągalność,VERB,negative,- s,1
nieściągalny,ADV,negative,- s,1
nieślubny,ADV,negative,- s,2
nieśmiałość,VERB,negative,- s,3
nieśmiały,ADV,negative,- s,4
nieśmiertelność,VERB,positive,+ s,3
nieśmiertelny,ADV,positive,+ s,4
nieśmieszny,ADV,negative,- s,2
nieśpieszność,VERB,negative,- s,2
nieświadomość,VERB,negative,- s,1
nieświadomy,ADV,negative,- s,8
nieświeży,ADV,negative,- s,15
nieźle,ADJ,positive,+ s,6
nieżyciowy,ADV,negative,- s,4
nieżyczliwość,VERB,negative,- s,4
nieżyczliwy,ADV,negative,- s,7
nieżyt,VERB,negative,- s,1
nieżywość,VERB,negative,- s,1
nieżywy,ADV,negative,- m,2
nigdzie,ADJ,negative,- s,2
nihilista,VERB,negative,- s,2
nihilistka,VERB,negative,- s,1
nihilizm,VERB,negative,- s,2
nijak,ADJ,negative,- s,2
nijaki,ADV,negative,- s,2
nijako,ADJ,negative,- s,2
nikczemnego wzrostu,ADV,negative,- s,2
nikczemnie,ADJ,negative,- m,2
nikczemnik,VERB,negative,- m,2
nikczemność,VERB,negative,- m,6
nikczemny,ADV,negative,- s,9
nikczemny wzrost,VERB,negative,- s,2
nikt,VERB,negative,- m,2
nikły,ADV,negative,- s,2
nimb,VERB,positive,+ m,1
niskawy,ADV,negative,- s,9
niski,ADV,negative,- s,12
niskiego lotu,ADV,negative,- s,2
niskodochodowy,ADV,negative,- s,2
niskonakładowy,ADV,negative,- s,1
niskopłatny,ADV,negative,- s,3
niskowartościowy,ADV,negative,- s,2
niskowydajny,ADV,negative,- s,6
niskość,VERB,negative,- s,2
niszczyciel,VERB,negative,- m,2
niszczycielka,VERB,negative,- m,2
niszczycielski,ADV,negative,- m,1
niszczyć,NOUN,negative,- m,6
niszczący,ADV,negative,- s,5
niunia,VERB,negative,- s,5
niuńka,VERB,negative,- s,3
niwelować,NOUN,positive,+ s,1
nizać,NOUN,negative,- s,2
niziołek,VERB,negative,- s,2
niziuchny,ADV,negative,- s,2
niziusieńki,ADV,negative,- s,4
niziuteńki,ADV,negative,- s,8
niziutki,ADV,negative,- s,9
niziuśki,ADV,negative,- s,4
niż demograficzny,VERB,negative,- s,1
niższość,VERB,negative,- s,2
nobel,VERB,positive,+ s,2
nobilitacja,VERB,positive,+ m,2
noblista,VERB,positive,+ m,2
nobliwy,ADV,positive,+ s,4
noga,VERB,negative,- m,2
nomenklatura,VERB,negative,- s,1
nomenklatura partyjna,VERB,negative,- s,1
nominacja,VERB,positive,+ s,1
nonkonformistyczny,ADV,positive,+ s,1
nonsens,VERB,negative,- m,2
nonsensownie,ADJ,negative,- s,3
nonsensowność,VERB,negative,- m,2
nonsensowny,ADV,negative,- m,2
nonszalancja,VERB,negative,- m,2
nonszalancki,ADV,negative,- m,4
noob,VERB,negative,- s,2
nora,VERB,negative,- m,2
normalnieć,NOUN,positive,+ s,2
normalność,VERB,positive,+ s,2
normalny,ADV,positive,+ s,2
normik,VERB,negative,- s,2
normować,NOUN,positive,+ s,2
nosaty,ADV,negative,- s,1
nostalgia,VERB,negative,- m,2
nostalgiczny,ADV,negative,- s,3
nostalgik,VERB,negative,- s,2
notabl,VERB,positive,+ s,2
notoryczność,VERB,negative,- s,2
notoryczny,ADV,negative,- s,3
nowatorski,ADV,positive,+ s,2
nowelizacja,VERB,positive,+ s,1
nowicjusz,VERB,negative,- s,1
nowicjuszka,VERB,negative,- s,1
nowinka,VERB,positive,+ s,2
nowinkarz,VERB,negative,- s,1
nowiuchny,ADV,positive,+ s,4
nowiusi,ADV,positive,+ s,2
nowiusieńki,ADV,positive,+ s,3
nowiuteńki,ADV,positive,+ s,3
nowiutki,ADV,positive,+ s,2
nowiuśki,ADV,positive,+ s,2
nowobogacki,ADV,negative,- m,2
nowobogacki,VERB,negative,- m,2
nowobogackość,VERB,negative,- s,2
nowoczesność,VERB,positive,+ m,2
nowoczesny,ADV,positive,+ s,2
nowomodny,ADV,positive,+ s,2
nowomowa,VERB,negative,- s,2
nowotworowy,ADV,negative,- s,2
nowożeńcy,VERB,positive,+ s,1
nowy,ADV,positive,+ s,3
nośny,ADV,positive,+ s,2
nożownik,VERB,negative,- m,2
nożęta,VERB,positive,+ s,1
nrd-owski futbol,VERB,negative,- s,2
nuda,VERB,negative,- m,2
nudnawy,ADV,negative,- s,4
nudnie,ADJ,negative,- s,4
nudno,ADJ,negative,- s,4
nudności,VERB,negative,- s,1
nudność,VERB,negative,- m,2
nudny,ADV,negative,- s,6
nudzenie,VERB,negative,- s,2
nudziara,VERB,negative,- m,2
nudziarka,VERB,negative,- s,2
nudziarski,ADV,negative,- s,2
nudziarstwo,VERB,negative,- s,2
nudziarz,VERB,negative,- s,2
nudzić,NOUN,negative,- s,6
nudzić się,NOUN,negative,- s,2
numer,VERB,negative,- s,2
numer obozowy,VERB,negative,- s,1
numerant,VERB,negative,- s,2
nuworysz,VERB,negative,- m,2
nużący,ADV,negative,- s,2
nygus,VERB,negative,- m,2
nówka,VERB,positive,+ s,2
nówka nieśmiganka,VERB,positive,+ s,3
nówka sztuka,VERB,positive,+ s,3
nóżęta,VERB,positive,+ s,1
nęcąco,ADJ,positive,+ s,2
nęcący,ADV,positive,+ s,2
nędza,VERB,negative,- s,6
nędzarz,VERB,negative,- m,2
nędznie,ADJ,negative,- s,14
nędznik,VERB,negative,- m,2
nędzny,ADV,negative,- m,12
o kant dupy potłuc,ADV,negative,- m,2
o kant dupy rozbić,ADV,negative,- m,2
oaza,VERB,positive,+ s,2
obadać,NOUN,positive,+ s,6
obawa,VERB,negative,- m,2
obcałować,NOUN,positive,+ s,2
obcałowywać,NOUN,positive,+ s,1
obcesowość,VERB,negative,- m,2
obcesowy,ADV,negative,- s,4
obchodzić,NOUN,positive,+ s,8
obchodzić się,NOUN,positive,+ s,6
obchód,VERB,positive,+ s,1
obciachowy,ADV,negative,- s,2
obcierać,NOUN,positive,+ s,3
obcierać się,NOUN,negative,- s,4
obcinać,NOUN,negative,- s,9
obcinać kupony,NOUN,positive,+ s,1
obcinać się,NOUN,negative,- s,2
obciskać,NOUN,negative,- s,2
obciskać się,NOUN,negative,- s,1
obciąć,NOUN,negative,- s,12
obciąć się,NOUN,positive,+ s,3
obciążenie,VERB,negative,- s,5
obco,ADJ,negative,- s,2
obcy,ADV,negative,- s,3
obcy,VERB,negative,- s,2
obczytać,NOUN,positive,+ s,2
obczytać się,NOUN,positive,+ s,2
obczytywać,NOUN,positive,+ s,2
obczytywać się,NOUN,positive,+ s,4
obczyzna,VERB,negative,- s,1
obdarować,NOUN,positive,+ s,3
obdarowywać,NOUN,positive,+ s,1
obdartus,VERB,negative,- m,2
obdarty,ADV,negative,- m,4
obdarzyć,NOUN,positive,+ s,2
obdrapaniec,VERB,negative,- s,4
obdzieracz,VERB,negative,- m,2
obdzierać,NOUN,negative,- s,9
obecny,ADV,positive,+ s,3
obedrzeć,NOUN,negative,- s,7
obejrzeć,NOUN,positive,+ s,2
obejrzeć się,NOUN,positive,+ s,8
obejść,NOUN,positive,+ s,4
obejść się,NOUN,positive,+ s,5
obelga,VERB,negative,- m,2
obelżywość,VERB,negative,- m,2
oberwaniec,VERB,negative,- m,2
oberwany,ADV,negative,- s,4
oberwus,VERB,negative,- m,2
obeschnąć,NOUN,negative,- s,5
obetrzeć,NOUN,positive,+ s,4
obetrzeć się,NOUN,negative,- s,4
obezwładniający,ADV,negative,- s,2
obfitość,VERB,positive,+ s,4
obfity,ADV,positive,+ s,1
obiadek,VERB,positive,+ s,2
obibok,VERB,negative,- m,2
obiec,NOUN,positive,+ s,1
obiecanka,VERB,negative,- s,2
obiecać,NOUN,positive,+ s,3
obiecujący,ADV,positive,+ s,3
obiegnąć,NOUN,positive,+ s,1
obiekt westchnień,VERB,positive,+ s,2
obiektywizacja,VERB,positive,+ s,2
obiektywizm,VERB,positive,+ s,2
obiektywny,ADV,positive,+ s,4
obieżyświat,VERB,positive,+ s,1
obijacz,VERB,negative,- s,2
obijaczka,VERB,negative,- s,1
obijać,NOUN,negative,- s,8
obijać się,NOUN,negative,- s,9
obipięta,VERB,negative,- s,2
obić,NOUN,negative,- s,7
obić się,NOUN,negative,- s,7
objaśniać,NOUN,positive,+ s,2
objaśnić,NOUN,positive,+ s,2
objechać,NOUN,negative,- s,7
objeżdżać,NOUN,negative,- s,6
objęcia morfeusza,VERB,positive,+ s,1
oblany,ADV,positive,+ s,1
oblatany,ADV,positive,+ s,2
oblazły,ADV,negative,- s,5
oblech,VERB,negative,- m,2
oblegający,VERB,negative,- m,2
oblewać,NOUN,positive,+ s,2
obleśny,ADV,negative,- m,6
obliczalny,ADV,positive,+ s,3
oblicze,VERB,positive,+ s,2
obliczność,VERB,positive,+ s,2
oblubienica,VERB,positive,+ m,2
oblubieniec,VERB,positive,+ m,2
oblubieńczy,ADV,positive,+ s,1
oblężenie,VERB,negative,- m,3
oblężeniec,VERB,negative,- m,2
obmierzłość,VERB,negative,- m,4
obmierzły,ADV,negative,- s,7
obmokły,ADV,negative,- s,2
obmowa,VERB,negative,- s,2
obmywać,NOUN,positive,+ s,2
obmyć,NOUN,positive,+ s,2
obnoszenie,VERB,negative,- s,2
obnoszenie się,VERB,negative,- m,2
obojętnie,ADJ,negative,- s,2
obojętność,VERB,negative,- m,2
obojętny,ADV,negative,- s,2
obolałość,VERB,negative,- s,2
obolały,ADV,negative,- s,8
obosieczny,ADV,negative,- s,2
obowiązkowość,VERB,positive,+ s,2
obowiązkowy,ADV,positive,+ s,3
obrabiać,NOUN,negative,- s,4
obrabiać się,NOUN,positive,+ s,2
obradować się,NOUN,positive,+ s,1
obradowywać się,NOUN,positive,+ s,1
obraniać,NOUN,positive,+ s,8
obrastać,NOUN,positive,+ s,2
obraz,VERB,positive,+ s,1
obraza,VERB,negative,- m,4
obraza majestatu,VERB,negative,- s,2
obraza munduru,VERB,negative,- m,2
obrazić,NOUN,negative,- s,5
obrazić się,NOUN,negative,- s,3
obrazoburczy,ADV,negative,- m,1
obrazowość,VERB,positive,+ m,2
obrazowy,ADV,positive,+ s,2
obraźliwość,VERB,negative,- m,2
obraźliwy,ADV,negative,- s,2
obrażalski,ADV,negative,- m,2
obrażalski,VERB,negative,- s,2
obrażalskość,VERB,negative,- s,2
obrażać,NOUN,negative,- s,5
obrażać się,NOUN,negative,- s,3
obrażenie,VERB,negative,- s,4
obrażony,ADV,negative,- s,2
obrobiony,ADV,positive,+ s,2
obrobić,NOUN,negative,- s,5
obrobić się,NOUN,positive,+ s,2
obronić,NOUN,positive,+ s,14
obronny,ADV,positive,+ s,2
obrotność,VERB,positive,+ m,2
obrotny,ADV,positive,+ s,3
obrończy,ADV,positive,+ s,2
obrzezaniec,VERB,negative,- m,2
obrzyd,VERB,negative,- m,2
obrzydlistwo,VERB,negative,- s,2
obrzydliwiec,VERB,negative,- m,2
obrzydliwość,VERB,negative,- s,7
obrzydliwy,ADV,negative,- m,8
obrzydzać,NOUN,negative,- m,4
obrzydzenie,VERB,negative,- m,1
obrzydzić,NOUN,negative,- m,2
obrzydłość,VERB,negative,- s,2
obrzydły,ADV,negative,- s,3
obrzygać,NOUN,negative,- s,3
obrzygiwać,NOUN,negative,- s,2
obrzępała,VERB,negative,- m,1
obscena,VERB,negative,- s,3
obsceniczny,ADV,negative,- m,2
obserwacja,VERB,positive,+ s,1
obserwowalny,ADV,positive,+ s,2
obsesja,VERB,negative,- s,2
obsesyjność,VERB,negative,- m,2
obsesyjny,ADV,negative,- s,5
obskakiwać,NOUN,negative,- s,7
obskoczyć,NOUN,negative,- s,11
obskurancki,ADV,negative,- s,2
obskurant,VERB,negative,- s,2
obskurantyzm,VERB,negative,- s,2
obskurny,ADV,negative,- m,2
obstawiać,NOUN,positive,+ s,8
obstawić,NOUN,positive,+ s,8
obstrukcja,VERB,negative,- s,2
obstrukcjonista,VERB,negative,- s,2
obsuwa,VERB,negative,- m,2
obsychać,NOUN,negative,- s,3
obsypywanie,VERB,positive,+ s,2
obsypywać,NOUN,positive,+ s,2
obszarpaniec,VERB,negative,- m,2
obszarpany,ADV,negative,- s,4
obszczymur,VERB,negative,- m,2
obszczymurek,VERB,negative,- s,3
obtaczać,NOUN,negative,- s,2
obtoczyć,NOUN,negative,- s,2
obtrąbiać,NOUN,positive,+ s,1
obudzić,NOUN,positive,+ s,2
obumarły,ADV,negative,- s,3
oburkliwie,ADJ,negative,- s,2
oburkliwy,ADV,negative,- s,4
oburzający,ADV,negative,- m,2
oburzać,NOUN,negative,- s,3
oburzać się,NOUN,negative,- s,2
oburzenie,VERB,negative,- m,2
oburzony,ADV,negative,- m,2
oburzyć,NOUN,negative,- s,2
oburzyć się,NOUN,negative,- m,1
obwieś,VERB,negative,- m,2
obwisły,ADV,negative,- s,2
obyczaje,VERB,positive,+ s,2
obyczajność,VERB,positive,+ s,2
obyczajny,ADV,positive,+ s,6
obyty,ADV,positive,+ s,4
obzierać,NOUN,positive,+ s,1
obóz,VERB,negative,- s,2
obóz koncentracyjny,VERB,negative,- s,3
obóz pracy,VERB,negative,- s,3
obóz przesiedleńczy,VERB,negative,- s,3
obóz zagłady,VERB,negative,- m,2
obława,VERB,negative,- m,2
obłożny,ADV,negative,- m,2
obłudnie,ADJ,negative,- s,3
obłudnik,VERB,negative,- m,2
obłudny,ADV,negative,- m,6
obłąkaniec,VERB,negative,- m,2
obłąkany,ADV,negative,- s,12
obłąkańczy,ADV,negative,- s,12
obłęd,VERB,negative,- s,5
obłędnie,ADJ,negative,- s,5
obłędny,ADV,positive,+ m,6
obślizgły,ADV,negative,- s,10
obślizły,ADV,negative,- s,10
obśmiać,NOUN,negative,- s,1
obśmiać się,NOUN,positive,+ s,2
obśmiewać,NOUN,negative,- s,1
obśmiewać się,NOUN,negative,- s,2
obżarciuch,VERB,negative,- s,2
obżarstwo,VERB,negative,- s,3
obżartuch,VERB,negative,- s,2
obżarty,ADV,negative,- s,3
obżer,VERB,negative,- s,2
ocalały,ADV,positive,+ s,2
ocaleć,NOUN,positive,+ s,3
oceniać,NOUN,positive,+ s,2
ocenić,NOUN,positive,+ s,1
ochoczy,ADV,positive,+ s,5
ochotniczy,ADV,positive,+ s,2
ochotnie,ADJ,positive,+ s,2
ochotnik,VERB,positive,+ s,2
ochotny,ADV,positive,+ s,3
ochrona,VERB,positive,+ s,5
ochronny,ADV,positive,+ s,2
ochrypły,ADV,negative,- s,2
ochrzcić,NOUN,negative,- s,7
ochędożny,ADV,positive,+ s,1
ochłoda,VERB,positive,+ s,2
ociekły,ADV,negative,- s,1
ocieplać,NOUN,positive,+ s,2
ocieplić,NOUN,positive,+ s,2
ocierać,NOUN,negative,- s,3
ociupinka,VERB,positive,+ s,1
ociężałość,VERB,negative,- s,2
ociężały,ADV,negative,- s,9
octowy,ADV,negative,- s,1
oczajdusza,VERB,negative,- s,2
oczarować,NOUN,positive,+ m,2
oczekiwać,NOUN,positive,+ s,3
oczerniciel,VERB,negative,- m,2
oczko,VERB,positive,+ s,4
oczko w głowie,VERB,positive,+ s,2
oczy bazyliszka,VERB,negative,- s,2
oczyszczający,ADV,positive,+ s,5
oczyszczalny,ADV,positive,+ s,2
oczyszczać,NOUN,positive,+ s,8
oczyszczać się,NOUN,positive,+ s,4
oczytany,ADV,positive,+ s,2
oczytać się,NOUN,positive,+ s,3
oczytywać się,NOUN,positive,+ s,3
oczywistość,VERB,positive,+ s,1
oczyścić,NOUN,positive,+ s,7
oczyścić się,NOUN,positive,+ s,4
od czapy,ADV,negative,- s,2
od siedmiu boleści,ADV,negative,- s,3
odbarwiać,NOUN,negative,- s,3
odbarwiać się,NOUN,negative,- s,2
odbarwić,NOUN,negative,- s,2
odbarwić się,NOUN,negative,- s,2
odbiec,NOUN,negative,- s,2
odbiegać,NOUN,negative,- s,2
odbiegnąć,NOUN,negative,- s,2
odbijać,NOUN,negative,- s,15
odbijać się,NOUN,negative,- s,9
odbić,NOUN,negative,- s,15
odbić się,NOUN,negative,- s,6
odbudowa,VERB,positive,+ s,2
odbudować,NOUN,positive,+ s,2
odbudowywać,NOUN,positive,+ s,2
odchamiać,NOUN,positive,+ s,4
odchamiać się,NOUN,positive,+ s,2
odchamić,NOUN,positive,+ s,4
odchamić się,NOUN,positive,+ s,2
odchodzić,NOUN,negative,- s,6
odchudzać,NOUN,positive,+ s,3
odchudzać się,NOUN,positive,+ s,1
odchudzić,NOUN,positive,+ s,4
odchylenie prawicowo-nacjonalistyczne,VERB,negative,- s,1
odchyleniec,VERB,negative,- s,2
odchył,VERB,negative,- m,2
odcierpieć,NOUN,negative,- m,2
odcinać się,NOUN,negative,- s,2
odciąć kupony,NOUN,negative,- s,1
odciąć się,NOUN,negative,- s,2
odciążać,NOUN,positive,+ s,2
odciążyć,NOUN,positive,+ s,2
odczepiać się,NOUN,positive,+ s,1
odczepić się,NOUN,negative,- s,1
odczytać,NOUN,positive,+ s,1
odczytywać,NOUN,positive,+ s,1
oddalać się,NOUN,negative,- s,5
oddalić się,NOUN,negative,- s,3
oddalony,ADV,negative,- s,1
oddanie,VERB,positive,+ s,2
oddany,ADV,positive,+ m,2
oddać,NOUN,negative,- s,1
oddychać,NOUN,positive,+ s,5
oddział doborowy,VERB,positive,+ s,1
oddział karny,VERB,negative,- s,1
odejmować,NOUN,negative,- s,2
odejście,VERB,negative,- m,2
odejść,NOUN,negative,- s,6
odeprzeć,NOUN,positive,+ s,1
oderwany,ADV,negative,- s,4
odetchnąć,NOUN,positive,+ s,2
odfiltrować,NOUN,positive,+ s,2
odgazować,NOUN,positive,+ s,2
odgazowywać,NOUN,positive,+ s,2
odgraniczać się,NOUN,positive,+ s,3
odgraniczyć się,NOUN,positive,+ s,2
odgrywka,VERB,negative,- s,2
odgrzebać,NOUN,positive,+ s,2
odgrzewać,NOUN,negative,- s,2
odhaczać,NOUN,positive,+ s,3
odhaczyć,NOUN,positive,+ s,3
odium,VERB,negative,- m,2
odizolowany,ADV,negative,- s,2
odjazd,VERB,positive,+ s,1
odjazdowy,ADV,positive,+ m,4
odjechać,NOUN,negative,- s,6
odjeżdżać,NOUN,negative,- s,7
odkleić się,NOUN,negative,- s,6
odklejać się,NOUN,negative,- s,10
odkochać,NOUN,positive,+ s,3
odkochać się,NOUN,negative,- s,3
odkochiwać,NOUN,negative,- s,2
odkochiwać się,NOUN,negative,- s,1
odkrycie,VERB,positive,+ s,4
odkrywać,NOUN,positive,+ s,3
odkrywca,VERB,positive,+ s,2
odkrywczość,VERB,positive,+ s,2
odkrywczy,ADV,positive,+ s,3
odkryć,NOUN,positive,+ s,3
odkupiciel,VERB,positive,+ m,2
odkurzać,NOUN,positive,+ s,1
odkurzyć,NOUN,positive,+ s,1
odkwasić,NOUN,positive,+ s,2
odkwaszać,NOUN,positive,+ s,2
odlepiać się,NOUN,negative,- s,1
odlepić się,NOUN,negative,- s,1
odleźć,NOUN,negative,- s,1
odleżały,ADV,negative,- s,2
odlot,VERB,positive,+ s,1
odlotowy,ADV,positive,+ m,4
odludek,VERB,negative,- m,2
odludny,ADV,negative,- s,2
odludzie,VERB,negative,- s,2
odmawiać pacierz,NOUN,positive,+ s,1
odmieniec,VERB,negative,- s,2
odmowa,VERB,negative,- s,1
odmowny,ADV,negative,- s,3
odmłodnieć,NOUN,positive,+ s,3
odnajdować,NOUN,positive,+ s,2
odnaleźć,NOUN,positive,+ s,1
odnawiać się,NOUN,positive,+ s,2
odnowa,VERB,positive,+ s,3
odnowiciel,VERB,positive,+ s,2
odosobnienie,VERB,negative,- s,4
odosobniony,ADV,positive,+ s,2
odpad,VERB,negative,- s,1
odpadać,NOUN,negative,- s,2
odpadek,VERB,negative,- s,1
odpady,VERB,negative,- s,2
odpasiony,ADV,positive,+ s,2
odpicować,NOUN,positive,+ s,4
odpierać,NOUN,positive,+ s,3
odpierać się,NOUN,positive,+ s,1
odpoczynek,VERB,positive,+ m,2
odpoczywać,NOUN,positive,+ s,2
odpocząć,NOUN,positive,+ s,2
odpompować,NOUN,negative,- s,2
odpompowywać,NOUN,negative,- s,2
odporność,VERB,positive,+ s,6
odporny,ADV,positive,+ s,4
odpowiedni,ADV,positive,+ s,6
odpowiedniość,VERB,positive,+ s,2
odpowiedzialność,VERB,negative,- s,4
odpowiedzialny,ADV,positive,+ s,8
odpowiedź,VERB,positive,+ s,3
odpracować,NOUN,negative,- s,2
odpracowywać,NOUN,negative,- s,2
odprać,NOUN,positive,+ s,1
odprać się,NOUN,positive,+ s,2
odprężać,NOUN,positive,+ s,2
odprężenie,VERB,positive,+ s,3
odpustowy,ADV,negative,- m,2
odpuszczanie,VERB,positive,+ s,1
odpychający,ADV,negative,- m,2
odrabiać,NOUN,positive,+ s,4
odradzać,NOUN,positive,+ s,2
odradzić,NOUN,positive,+ s,2
odrapaniec,VERB,negative,- m,2
odrapany,ADV,negative,- s,2
odraza,VERB,negative,- s,2
odrażający,ADV,negative,- m,4
odreagować,NOUN,positive,+ s,2
odremontować,NOUN,positive,+ s,2
odremontowywać,NOUN,positive,+ s,2
odrestaurować,NOUN,positive,+ s,1
odrobina,VERB,positive,+ s,1
odrobić,NOUN,positive,+ s,7
odrzeć,NOUN,negative,- s,8
odrzucać,NOUN,negative,- s,2
odrzucenie,VERB,negative,- s,2
odrzyskóra,VERB,negative,- m,2
odróżnialny,ADV,positive,+ s,1
odręczny,ADV,positive,+ s,2
odrętwiać,NOUN,negative,- s,6
odrętwiały,ADV,negative,- s,7
odrętwienie,VERB,negative,- s,3
odrętwieć,NOUN,negative,- s,6
odrętwić,NOUN,negative,- s,8
odsapka,VERB,positive,+ s,2
odsiadka,VERB,negative,- s,2
odsiecz,VERB,positive,+ s,3
odskok,VERB,negative,- s,2
odstawiać,NOUN,negative,- s,9
odstawić,NOUN,negative,- s,6
odstraszający,ADV,negative,- m,2
odstraszać,NOUN,positive,+ m,2
odstraszyć,NOUN,positive,+ s,3
odstresować,NOUN,positive,+ s,3
odstresować się,NOUN,positive,+ m,2
odstresowywać,NOUN,positive,+ m,2
odstresowywać się,NOUN,positive,+ m,2
odstręczać,NOUN,negative,- s,4
odstręczać się,NOUN,negative,- s,1
odstręczyć,NOUN,negative,- s,3
odstręczyć się,NOUN,negative,- s,1
odstępca,VERB,negative,- s,2
odstępczy,ADV,negative,- s,2
odsuwać się,NOUN,negative,- s,2
odsypiać,NOUN,positive,+ s,1
odszczepieniec,VERB,negative,- s,3
odszczepieńczy,ADV,negative,- s,2
odszronić,NOUN,positive,+ s,2
odszumiać,NOUN,positive,+ s,2
odszumić,NOUN,positive,+ s,1
odszyfrować,NOUN,positive,+ s,2
odszyfrowywać,NOUN,negative,- s,1
odtoczyć,NOUN,negative,- s,1
odtwarzać się,NOUN,positive,+ s,2
odtwórczość,VERB,negative,- s,2
odtwórczy,ADV,negative,- s,4
odtylny,ADV,negative,- s,2
odtłuszczać,NOUN,positive,+ s,3
odtłuszczać się,NOUN,positive,+ s,1
odtłuścić,NOUN,positive,+ s,2
odtłuścić się,NOUN,positive,+ s,2
odurzający,ADV,positive,+ m,1
odwaga,VERB,positive,+ s,3
odważniak,VERB,negative,- s,2
odważny,ADV,positive,+ s,4
odwet,VERB,negative,- m,2
odwetowiec,VERB,negative,- s,2
odwetowy,ADV,negative,- m,2
odwlec,NOUN,negative,- s,5
odwlekać,NOUN,negative,- s,5
odwojować,NOUN,positive,+ s,6
odwojowywać,NOUN,positive,+ s,5
odwołalny,ADV,positive,+ s,1
odwołać,NOUN,negative,- s,1
odwołać się,NOUN,positive,+ s,2
odwoływać,NOUN,negative,- s,1
odwoływać się,NOUN,positive,+ s,2
odwrót,VERB,negative,- s,1
odwszalnia,VERB,negative,- s,1
odwyk,VERB,positive,+ s,1
odwykowiec,VERB,negative,- s,2
odymiać,NOUN,positive,+ s,2
odymić,NOUN,positive,+ s,2
odyseja,VERB,negative,- s,2
odzierać,NOUN,negative,- s,6
odzierca,VERB,negative,- m,2
odznaczać,NOUN,positive,+ s,2
odznaczać się,NOUN,positive,+ s,4
odznaczenie,VERB,positive,+ s,1
odznaczyć się,NOUN,positive,+ s,3
odzyskać,NOUN,positive,+ s,2
odzyskiwać,NOUN,positive,+ s,1
odęty,ADV,negative,- s,2
odłóg,VERB,negative,- s,1
odśmiać się,NOUN,positive,+ s,2
odśnieżyć,NOUN,positive,+ s,1
odświeżający,ADV,positive,+ s,2
odświeżać,NOUN,positive,+ s,2
odświeżyć,NOUN,positive,+ s,2
odświętność,VERB,positive,+ s,2
odżywać,NOUN,positive,+ s,2
odżywczy,ADV,positive,+ s,4
odżywiać,NOUN,positive,+ s,3
odżywić,NOUN,positive,+ s,8
odżyć,NOUN,positive,+ s,1
ofensywa,VERB,negative,- s,1
ofensywny,ADV,negative,- s,6
oferma,VERB,negative,- s,3
ofermowatość,VERB,negative,- m,2
ofermowaty,ADV,negative,- s,2
offtopować,NOUN,negative,- s,2
ofiara,VERB,negative,- s,5
ofiara losu,VERB,negative,- m,2
ofiarniczy,ADV,negative,- s,1
ofiarnik,VERB,positive,+ s,2
ofiarność,VERB,positive,+ s,2
ofiarny,ADV,positive,+ s,4
ofiarodawca,VERB,positive,+ s,1
ofiarodawczyni,VERB,positive,+ s,2
ofiarować,NOUN,positive,+ s,3
oficjalny,ADV,positive,+ m,1
ofoliować,NOUN,positive,+ s,1
oganiać,NOUN,negative,- s,7
oganiać się,NOUN,negative,- s,5
ogarnięty,ADV,positive,+ m,2
ogień,VERB,negative,- s,5
oglądalność,VERB,positive,+ s,1
oglądalny,ADV,positive,+ s,2
oglądać,NOUN,negative,- s,1
oglądać się,NOUN,positive,+ s,7
oględność,VERB,positive,+ s,4
oględny,ADV,negative,- s,10
ognisko,VERB,positive,+ s,1
ognisko domowe,VERB,positive,+ s,2
ognisko rodzinne,VERB,positive,+ s,2
ognistość,VERB,positive,+ s,2
ognisty,ADV,negative,- s,8
ogniwo,VERB,positive,+ s,2
ognić się,NOUN,negative,- s,3
ogolić,NOUN,negative,- s,2
ogon,VERB,negative,- s,2
ogonić,NOUN,negative,- s,6
ogonić się,NOUN,negative,- s,6
ogołocony,ADV,negative,- m,2
ograniczać,NOUN,negative,- s,3
ograniczenie,VERB,negative,- s,4
ogranicznik,VERB,negative,- s,2
ograniczoność,VERB,negative,- s,4
ograniczony,ADV,negative,- s,8
ograniczyć,NOUN,negative,- m,1
ograny,ADV,negative,- s,2
ogromniasty,ADV,negative,- m,2
ogromny,ADV,positive,+ s,5
ogólnikowość,VERB,negative,- m,2
ogólnikowy,ADV,negative,- s,4
ogórkowy,ADV,negative,- s,2
ogłupiały,ADV,negative,- s,3
ogłuszający,ADV,negative,- m,2
ohyda,VERB,negative,- m,2
ohydny,ADV,negative,- m,10
ohydztwo,VERB,negative,- s,2
ojciec chrzestny,VERB,positive,+ s,3
ojciec święty,VERB,positive,+ s,1
ojcobójca,VERB,negative,- m,2
ojcobójstwo,VERB,negative,- m,2
ojcowie,VERB,positive,+ s,1
ojcowizna,VERB,positive,+ s,1
ojcowski,ADV,positive,+ s,5
ojczyste progi,VERB,positive,+ m,2
ojczysty,ADV,positive,+ s,4
ojczyzna,VERB,positive,+ m,1
ok,ADV,positive,+ s,2
okaleczały,ADV,negative,- s,2
okaleczenie,VERB,negative,- s,1
okaleczeć,NOUN,negative,- s,4
okay,ADV,positive,+ s,2
okazałość,VERB,positive,+ s,4
okazały,ADV,positive,+ s,5
okazja,VERB,positive,+ s,2
okazowy,ADV,positive,+ s,2
okazyjny,ADV,positive,+ s,2
okej,ADV,positive,+ s,2
okiełznać,NOUN,positive,+ s,1
oklapły,ADV,negative,- s,3
oklask,VERB,positive,+ s,2
oklaskiwanie,VERB,positive,+ s,2
oklepaność,VERB,negative,- m,2
oklepany,ADV,negative,- s,2
oko cyklonu,VERB,negative,- s,3
okoliczność łagodząca,VERB,positive,+ s,2
okowy,VERB,negative,- m,2
okrasić,NOUN,positive,+ s,2
okropieństwo,VERB,negative,- m,4
okropnie,ADJ,negative,- m,4
okropność,VERB,negative,- m,6
okropny,ADV,negative,- m,7
okrucieństwo,VERB,negative,- m,2
okruszek,VERB,positive,+ s,2
okrutnie,ADJ,negative,- m,2
okrutnik,VERB,negative,- m,2
okrutny,ADV,negative,- s,10
okrwawić,NOUN,negative,- s,2
okrzesany,ADV,positive,+ s,2
okrągluchny,ADV,positive,+ s,1
okrąglusi,ADV,positive,+ s,1
okrąglutki,ADV,positive,+ s,2
okrągławy,ADV,negative,- s,1
okrągły,ADV,negative,- s,3
okrężność,VERB,negative,- s,2
oktawa,VERB,positive,+ s,1
okularnik,VERB,negative,- s,2
okultystyczny,ADV,negative,- s,3
okup,VERB,negative,- m,1
okupacja,VERB,negative,- s,6
okupacyjny,ADV,negative,- m,2
okupant,VERB,negative,- m,2
okólność,VERB,negative,- s,2
oldschoolowy,ADV,positive,+ s,3
oldskulowy,ADV,positive,+ s,4
oleodrukowy,ADV,negative,- s,2
olewacki,ADV,negative,- m,2
olewactwo,VERB,negative,- s,3
olimpijczyk,VERB,positive,+ m,2
olimpijka,VERB,positive,+ s,1
olśnienie,VERB,positive,+ s,3
olśniewający,ADV,negative,- s,3
olśniewać,NOUN,positive,+ m,2
olśnić,NOUN,positive,+ m,2
omdlały,ADV,negative,- s,6
omijać,NOUN,negative,- s,10
ominąć,NOUN,negative,- s,8
omnipotencja,VERB,negative,- s,2
omszeć,NOUN,negative,- s,4
omywać,NOUN,positive,+ s,2
omyć,NOUN,positive,+ s,2
omyłkowość,VERB,negative,- m,2
omyłkowy,ADV,negative,- s,2
omłot,VERB,negative,- s,3
onanista,VERB,negative,- s,1
onanistyczny,ADV,negative,- s,3
ondyna,VERB,negative,- s,1
onetowy,ADV,negative,- s,2
oniemieć,NOUN,negative,- s,3
onieśmielenie,VERB,negative,- s,2
opaczność,VERB,negative,- s,2
opaczny,ADV,negative,- s,2
opalenizna,VERB,positive,+ s,1
opanowanie,VERB,positive,+ s,3
opanowany,ADV,positive,+ s,4
opanować,NOUN,positive,+ s,3
oparcie,VERB,positive,+ s,3
oparszywiały,ADV,negative,- s,4
opasłość,VERB,negative,- m,2
opasły,ADV,negative,- s,5
opatulać,NOUN,positive,+ s,3
opatulić,NOUN,positive,+ s,4
opały,VERB,negative,- s,2
operatywność,VERB,positive,+ m,2
operatywny,ADV,positive,+ s,4
opicować,NOUN,negative,- s,2
opieka,VERB,positive,+ s,2
opieka społeczna,VERB,positive,+ s,1
opiekować się,NOUN,positive,+ s,2
opiekun,VERB,positive,+ s,2
opiekunka,VERB,positive,+ s,1
opiekuńczość,VERB,positive,+ m,2
opiekuńczy,ADV,positive,+ s,4
opierać się,NOUN,positive,+ s,4
opieszalec,VERB,negative,- s,2
opieszalstwo,VERB,negative,- s,2
opieszałość,VERB,negative,- m,4
opieszały,ADV,negative,- s,4
opiewać,NOUN,positive,+ s,2
opijać,NOUN,negative,- s,2
opijus,VERB,negative,- s,2
opilstwo,VERB,negative,- s,4
opinia,VERB,positive,+ s,2
opiniotwórca,VERB,positive,+ s,1
opiniotwórczy,ADV,positive,+ s,2
opis,VERB,positive,+ s,1
opisywalny,ADV,positive,+ s,1
opity,ADV,negative,- s,2
opiumowy,ADV,negative,- s,1
opić,NOUN,negative,- s,2
opięty,ADV,negative,- s,1
oplewić,NOUN,positive,+ s,2
opluwacz,VERB,negative,- m,2
opoka,VERB,positive,+ s,5
opora,VERB,negative,- s,1
oporność,VERB,negative,- m,2
oporny,ADV,positive,+ s,8
oportunista,VERB,negative,- s,3
oportunistyczny,ADV,negative,- s,4
oportunizm,VERB,negative,- s,3
oporządzać,NOUN,positive,+ s,7
oporządzać się,NOUN,positive,+ s,1
oporządzić,NOUN,positive,+ s,9
oporządzić się,NOUN,positive,+ s,1
opowiadać,NOUN,positive,+ s,1
opracować,NOUN,positive,+ s,1
oprawca,VERB,negative,- m,2
oprawić,NOUN,positive,+ s,1
opresja,VERB,negative,- s,2
opresyjny,ADV,negative,- m,2
oprych,VERB,negative,- s,2
opryskliwość,VERB,negative,- m,2
opryskliwy,ADV,negative,- m,4
opryszek,VERB,negative,- s,2
oprzeć się,NOUN,positive,+ s,8
oprzytomniały,ADV,positive,+ s,1
optimum,VERB,positive,+ s,2
optymalizacja,VERB,positive,+ s,2
optymalizm,VERB,positive,+ s,2
optymalizować,NOUN,positive,+ s,2
optymalność,VERB,positive,+ s,3
optymalny,ADV,positive,+ s,2
optymista,VERB,positive,+ s,3
optymistka,VERB,positive,+ s,2
optymistyczny,ADV,positive,+ s,4
optymizm,VERB,positive,+ m,2
opust,VERB,positive,+ s,1
opustoszały,ADV,negative,- s,1
opuszczony,ADV,negative,- s,4
opój,VERB,negative,- m,2
opór,VERB,negative,- s,2
opóźnienie,VERB,negative,- s,2
opóźnienie umysłowe,VERB,negative,- s,2
opędzać,NOUN,negative,- s,6
opędzać się,NOUN,negative,- s,3
opędzić,NOUN,negative,- s,6
opędzić się,NOUN,negative,- s,4
opętanie,VERB,negative,- s,2
opętaniec,VERB,negative,- s,1
opętany,ADV,negative,- s,6
opętańczy,ADV,negative,- s,9
opłacalność,VERB,positive,+ s,3
opłacalny,ADV,positive,+ m,2
opłakana noc,VERB,negative,- s,3
opłakany,ADV,negative,- m,2
opłotki,VERB,negative,- s,1
opłynąć,NOUN,positive,+ m,2
opływać,NOUN,positive,+ s,4
opływowy,ADV,positive,+ s,1
oratorski,ADV,positive,+ s,2
oratorstwo,VERB,positive,+ m,2
orać,NOUN,negative,- s,2
order,VERB,positive,+ s,1
ordynarność,VERB,negative,- m,4
ordynarny,ADV,negative,- s,7
ordynaryjny,ADV,negative,- s,3
ordynus,VERB,negative,- m,2
organiczny,ADV,negative,- s,5
organizacja terrorystyczna,VERB,negative,- m,2
organizator,VERB,positive,+ s,1
organizatorka,VERB,positive,+ s,1
organizować,NOUN,positive,+ s,10
organizować się,NOUN,positive,+ s,2
orgastyczny,ADV,positive,+ s,7
orgazm,VERB,positive,+ m,1
orgazmiczny,ADV,positive,+ s,7
orgia,VERB,positive,+ s,3
orgiastyczny,ADV,negative,- s,4
orgietka,VERB,negative,- s,2
orientacja,VERB,positive,+ s,3
orka,VERB,negative,- s,3
orlę,VERB,positive,+ s,2
ormo-wiec,VERB,negative,- s,2
ormowiec,VERB,negative,- s,2
ortodoksyjność,VERB,negative,- s,2
ortodoksyjny,ADV,negative,- s,2
orwellowski,ADV,negative,- s,1
oryginalność,VERB,positive,+ m,1
oryginalny,ADV,positive,+ s,4
orzeł,VERB,positive,+ m,2
orzeźwiający,ADV,positive,+ s,2
orzeźwieć,NOUN,positive,+ s,2
orzynać,NOUN,positive,+ s,3
orzynać się,NOUN,negative,- s,2
orędować,NOUN,positive,+ s,2
oręż,VERB,positive,+ m,2
orżnąć,NOUN,positive,+ s,3
orżnąć się,NOUN,negative,- s,3
osad,VERB,negative,- s,2
osamotnienie,VERB,negative,- s,2
osamotniony,ADV,negative,- s,2
oscarowy,ADV,positive,+ s,3
oschłość,VERB,negative,- m,2
oschły,ADV,negative,- s,4
osielstwo,VERB,negative,- s,3
osierociały,ADV,negative,- s,7
osioł,VERB,negative,- m,2
osioł dardanelski,VERB,negative,- m,2
osioł patentowany,VERB,negative,- m,2
osiągalny,ADV,positive,+ s,6
osiągać,NOUN,positive,+ s,6
osiągnąć,NOUN,positive,+ s,6
oskarowy,ADV,positive,+ s,3
oskarżenie,VERB,negative,- s,2
oskarżycielski,ADV,negative,- s,3
oskoma,VERB,positive,+ s,2
osoba,VERB,positive,+ s,2
osobistość,VERB,positive,+ m,2
osobisty,ADV,positive,+ m,1
osobnik,VERB,negative,- s,2
osobowość,VERB,positive,+ m,2
osowaty,ADV,negative,- s,2
osowiałość,VERB,negative,- m,2
osowiały,ADV,negative,- s,2
ospa,VERB,negative,- s,1
ospalstwo,VERB,negative,- s,4
ospałość,VERB,negative,- s,5
ospały,ADV,negative,- s,6
ospowaty,ADV,negative,- s,2
osrany,ADV,negative,- m,2
ostateczność,VERB,negative,- s,7
ostateczny,ADV,negative,- m,1
ostatni,ADV,negative,- s,4
ostatni dzwonek,VERB,negative,- s,2
ostatnia prosta,VERB,positive,+ s,2
ostatnie cielę z obory,VERB,negative,- s,3
ostatnie podrygi,VERB,negative,- s,2
ostatnie podrygi konającej ostrygi,VERB,negative,- s,1
ostatnie podrygi zdychającej ostrygi,VERB,negative,- s,1
ostentacja,VERB,negative,- s,2
ostentacyjny,ADV,negative,- s,2
ostoja,VERB,positive,+ s,2
ostra amunicja,VERB,negative,- s,1
ostracyzm,VERB,negative,- s,2
ostrawy,ADV,negative,- s,16
ostrość,VERB,negative,- m,2
ostrożniactwo,VERB,negative,- m,2
ostrożniś,VERB,negative,- s,2
ostrożny,ADV,positive,+ s,2
ostry,ADV,negative,- s,30
ostry jak brzytwa,ADV,positive,+ s,1
ostygły,ADV,negative,- s,1
oswobodziciel,VERB,positive,+ s,2
oswoić,NOUN,positive,+ s,2
osypywanie,VERB,positive,+ s,2
oszalały,ADV,negative,- s,4
oszaleć,NOUN,negative,- s,6
oszałamiający,ADV,positive,+ m,4
oszałamiać,NOUN,positive,+ s,2
oszczerca,VERB,negative,- m,2
oszczerczy,ADV,negative,- m,2
oszczerstwo,VERB,negative,- s,3
oszczędniś,VERB,negative,- s,2
oszczędności,VERB,positive,+ s,1
oszczędność,VERB,positive,+ s,5
oszczędny,ADV,positive,+ s,6
oszołamiający,ADV,positive,+ m,4
oszołom,VERB,negative,- s,4
oszołomienie,VERB,negative,- s,1
oszołomski,ADV,negative,- m,2
oszołomsko,ADJ,negative,- s,3
oszukaniec,VERB,negative,- m,2
oszukańczy,ADV,negative,- s,8
oszukiwać,NOUN,negative,- s,3
oszust,VERB,negative,- m,2
oszustwo,VERB,negative,- s,2
osądzać,NOUN,negative,- s,2
osłabienie,VERB,negative,- s,2
osłabienie gospodarcze,VERB,negative,- m,2
osłabły,ADV,negative,- s,2
osłaniać,NOUN,positive,+ s,2
osławiony,ADV,negative,- s,2
osłona,VERB,positive,+ s,4
osłonić,NOUN,positive,+ s,1
osłonowy,ADV,positive,+ s,1
osłuchany,ADV,negative,- s,2
osłupienie,VERB,negative,- s,2
otaczać,NOUN,negative,- s,5
otchłanny,ADV,negative,- s,4
otchłań,VERB,negative,- s,5
otoczyć,NOUN,negative,- s,4
otrucie,VERB,negative,- s,3
otrzeć,NOUN,negative,- s,3
otrzeć się,NOUN,positive,+ s,2
otrąbiać,NOUN,positive,+ s,8
otrąbić,NOUN,positive,+ s,8
otucha,VERB,positive,+ m,2
otulać,NOUN,positive,+ s,4
otulać się,NOUN,positive,+ s,1
otulić,NOUN,positive,+ s,4
otumaniony,ADV,negative,- s,3
otwarta głowa,VERB,positive,+ s,2
otwartość,VERB,positive,+ s,7
otwarty,ADV,positive,+ s,9
otwarty umysł,VERB,positive,+ s,2
otworzysty,ADV,positive,+ s,1
otworzyć,NOUN,positive,+ s,2
otynkować,NOUN,negative,- s,2
otyłość,VERB,negative,- s,2
otyły,ADV,negative,- m,1
otępiałość,VERB,negative,- m,2
otępiały,ADV,negative,- s,4
otępienie,VERB,negative,- m,2
owacja,VERB,positive,+ s,2
owdowiały,ADV,negative,- s,2
owieczka,VERB,positive,+ s,1
owoc,VERB,positive,+ s,3
owocny,ADV,positive,+ s,2
owocodajny,ADV,positive,+ s,4
owrzodziały,ADV,negative,- s,3
ozdabiać,NOUN,positive,+ s,2
ozdoba,VERB,positive,+ s,4
ozdobić,NOUN,positive,+ s,5
ozdrowiały,ADV,positive,+ s,1
oziębłość,VERB,negative,- m,2
oziębły,ADV,negative,- m,4
oznaka,VERB,positive,+ s,1
ołowiany,ADV,negative,- s,4
ołów,VERB,negative,- s,2
ościsty,ADV,negative,- s,1
ośla głowa,VERB,negative,- m,2
ośle ucho,VERB,negative,- s,2
oślepiający,ADV,negative,- m,1
ośli łeb,VERB,negative,- m,2
oślizgły,ADV,negative,- s,10
oślizły,ADV,negative,- s,9
ośmiorzędny,ADV,negative,- s,3
oświadczenie,VERB,positive,+ s,1
oświecony,ADV,positive,+ s,5
ożywczy,ADV,positive,+ s,2
ożywiać,NOUN,positive,+ s,2
ożywienie gospodarcze,VERB,positive,+ m,2
ożywiony,ADV,negative,- s,4
ożywić,NOUN,positive,+ s,2
ożyć,NOUN,positive,+ s,2
ożłopać się,NOUN,negative,- s,4
pacan,VERB,negative,- m,2
pachnący,ADV,positive,+ s,2
pacjentka,VERB,negative,- s,1
pacyfikacja,VERB,negative,- s,2
pacykarz,VERB,negative,- m,2
paczka,VERB,positive,+ s,2
padaka,VERB,negative,- s,3
padalcowaty,ADV,negative,- m,2
padalec,VERB,negative,- m,2
padać,NOUN,negative,- s,13
padać trupem,NOUN,negative,- m,1
padół,VERB,negative,- s,2
pajac,VERB,negative,- m,2
pajacowaty,ADV,negative,- s,4
pajdokracja,VERB,negative,- s,2
pajęczarstwo,VERB,negative,- s,2
pajęczarz,VERB,negative,- m,4
paka,VERB,negative,- s,6
pakol,VERB,negative,- m,2
pakowny,ADV,positive,+ s,2
pakt,VERB,positive,+ s,1
palant,VERB,negative,- m,2
palcowaty,ADV,negative,- s,2
paleta,VERB,positive,+ s,1
paliwoda,VERB,negative,- s,4
paliwooszczędny,ADV,positive,+ s,2
paliwożerny,ADV,negative,- s,2
palić,NOUN,negative,- s,25
palić się,NOUN,positive,+ s,15
palić wrotki,NOUN,negative,- s,2
palić łyżwy,NOUN,negative,- s,2
palnąć głupstwo,NOUN,negative,- s,2
paląco,ADJ,negative,- s,3
palący,ADV,negative,- s,6
pamfletowość,VERB,negative,- s,1
pamiątka,VERB,positive,+ s,2
pamiątkowy,ADV,positive,+ s,1
pamiętać,NOUN,positive,+ s,5
pamiętliwy,ADV,negative,- s,2
pamiętniczek,VERB,positive,+ s,1
pamiętnik,VERB,positive,+ s,2
pamięć,VERB,positive,+ s,1
pampuch,VERB,negative,- s,2
pan i władca,VERB,negative,- s,2
panaceum,VERB,positive,+ s,2
pandemiczny,ADV,negative,- m,2
pandemonium,VERB,negative,- m,4
panegiryzm,VERB,negative,- m,2
panek,VERB,negative,- s,2
pani,VERB,positive,+ s,2
panicz,VERB,negative,- m,2
paniczny,ADV,negative,- m,2
paniczątko,VERB,negative,- s,4
panienka,VERB,positive,+ s,4
panienka spod latarni,VERB,negative,- s,2
panika,VERB,negative,- m,2
panikarski,ADV,negative,- s,2
panikarstwo,VERB,negative,- m,2
panikarz,VERB,negative,- s,2
paniusia,VERB,negative,- s,2
paniątko,VERB,negative,- s,2
panna,VERB,positive,+ s,1
panna w wieku poborowym,VERB,positive,+ s,1
pannica,VERB,negative,- s,1
panoczek,VERB,negative,- s,2
panoptikum,VERB,negative,- s,2
panoramiczny,ADV,positive,+ s,1
panseksualny,ADV,negative,- s,1
panteon,VERB,positive,+ s,2
pantofel,VERB,negative,- s,2
pantoflarstwo,VERB,negative,- s,3
pantoflarz,VERB,negative,- s,2
paparazzi,VERB,negative,- s,2
paparazzo,VERB,negative,- s,2
papać,NOUN,positive,+ s,1
papierek lakmusowy,VERB,positive,+ s,1
papierowość,VERB,negative,- s,2
papierowy,ADV,negative,- s,4
papierośnik,VERB,negative,- s,2
papinek,VERB,negative,- s,3
paproch,VERB,negative,- s,1
paproszek,VERB,negative,- s,1
papuga,VERB,negative,- m,2
papugowaty,ADV,negative,- s,6
papuzi,ADV,negative,- s,2
papużka,VERB,positive,+ s,1
papużki nierozłączki,VERB,positive,+ s,1
parabank,VERB,negative,- s,1
paradność,VERB,positive,+ s,2
paradny,ADV,positive,+ s,4
paradoks,VERB,negative,- s,2
paradoksalność,VERB,negative,- m,2
paradoksalny,ADV,negative,- s,2
paradygmatyczny,ADV,positive,+ s,1
parafaszysta,VERB,negative,- s,2
parafia,VERB,positive,+ s,1
parafianin,VERB,negative,- s,2
parafiaństwo,VERB,negative,- s,5
parafiańszczyzna,VERB,negative,- s,2
paralityczny,ADV,negative,- s,2
paralityk,VERB,negative,- s,1
paraliż,VERB,negative,- m,2
paraliż decyzyjny,VERB,negative,- m,2
paraliżujący,ADV,negative,- s,1
paralogiczny,ADV,negative,- s,2
paranaukowy,ADV,negative,- s,2
paranoiczka,VERB,negative,- s,2
paranoiczność,VERB,negative,- m,2
paranoiczny,ADV,negative,- m,2
paranoidalny,ADV,negative,- m,2
paranoik,VERB,negative,- m,1
paranoja,VERB,negative,- m,2
parch,VERB,negative,- s,2
parchaty,ADV,negative,- s,2
parcie na szkło,VERB,negative,- s,2
parias,VERB,negative,- m,2
park sztywnych,VERB,negative,- m,1
parka,VERB,negative,- s,1
parlamentarny,ADV,positive,+ s,4
parnas,VERB,positive,+ s,2
parny,ADV,negative,- s,1
parobas,VERB,negative,- m,2
parobczański,ADV,negative,- s,2
parskać,NOUN,negative,- s,4
parsknąć,NOUN,negative,- s,4
parszywa owca,VERB,negative,- m,2
parszywiec,VERB,negative,- s,3
parszywość,VERB,negative,- m,2
parszywy,ADV,negative,- s,7
partacki,ADV,negative,- m,2
partacz,VERB,negative,- m,2
partia,VERB,negative,- s,1
partia kanapowa,VERB,negative,- s,1
partner,VERB,positive,+ s,2
partnerka,VERB,positive,+ s,1
partnerski,ADV,positive,+ s,2
partnerstwo,VERB,positive,+ s,2
partyjniacki,ADV,negative,- m,2
partyjniactwo,VERB,negative,- m,2
partyjniak,VERB,negative,- s,2
partyjny,VERB,negative,- s,2
partykularysta,VERB,negative,- s,2
partykularyzm,VERB,negative,- m,2
partykularz,VERB,negative,- s,2
partyzancki,ADV,negative,- s,3
partyzantka,VERB,negative,- s,1
parweniusz,VERB,negative,- m,2
parweniuszowski,ADV,negative,- s,2
parówa,VERB,negative,- m,1
parówka,VERB,negative,- m,1
pasek,VERB,negative,- s,2
paser,VERB,negative,- m,2
paserka,VERB,negative,- m,1
paserstwo,VERB,negative,- m,1
pasibrzuch,VERB,negative,- m,4
pasja,VERB,positive,+ s,6
pasjonat,VERB,positive,+ s,3
pasjonatka,VERB,positive,+ s,2
pasjonująco,ADJ,positive,+ s,3
pasjonujący,ADV,positive,+ m,2
paskarstwo,VERB,negative,- s,2
paskarz,VERB,negative,- m,2
paskuda,VERB,negative,- m,4
paskudnie,ADJ,negative,- m,2
paskudnik,VERB,negative,- s,2
paskudny,ADV,negative,- m,10
paskudziarz,VERB,negative,- s,2
paskudzić się,NOUN,negative,- s,2
paskudztwo,VERB,negative,- s,7
pasożyt,VERB,negative,- s,4
pasożytnictwo,VERB,negative,- m,2
pasożytniczy,ADV,negative,- s,6
pasterskość,VERB,positive,+ s,1
pasterz,VERB,positive,+ s,2
pastuch,VERB,negative,- s,2
pasywista,VERB,negative,- s,2
pasywizm,VERB,negative,- m,2
pasywnie,ADJ,negative,- s,2
pasywność,VERB,negative,- s,2
pasywny,ADV,negative,- s,2
paszcza,VERB,negative,- m,1
paszczur,VERB,negative,- m,2
paszkwilancki,ADV,negative,- m,2
paszkwilant,VERB,negative,- m,2
pasztet,VERB,negative,- s,4
pasztetówa,VERB,negative,- m,2
patafian,VERB,negative,- s,3
patatajka,VERB,negative,- s,2
patałach,VERB,negative,- m,2
patelnia,VERB,negative,- s,2
patent,VERB,positive,+ s,1
patentowany,ADV,negative,- s,3
patetyczny,ADV,negative,- s,2
patogeniczny,ADV,negative,- s,3
patogenny,ADV,negative,- s,4
patol,VERB,negative,- m,2
patola,VERB,negative,- m,2
patolnia,VERB,negative,- m,2
patologia,VERB,negative,- s,5
patologicznie,ADJ,negative,- s,3
patologiczny,ADV,negative,- m,8
patos,VERB,positive,+ s,3
patowy,ADV,negative,- m,2
patriarcha,VERB,positive,+ s,2
patriarchalność,VERB,positive,+ s,2
patriota,VERB,positive,+ s,2
patriotka,VERB,positive,+ s,1
patriotyczność,VERB,positive,+ s,2
patriotyczny,ADV,positive,+ s,2
patriotyzm,VERB,positive,+ s,2
patron,VERB,positive,+ s,2
patronat,VERB,positive,+ s,2
patyk,VERB,negative,- m,2
patykowaty,ADV,negative,- s,1
pauperyzacja,VERB,negative,- s,2
pazerność,VERB,negative,- m,2
pazerny,ADV,negative,- s,3
pazur,VERB,negative,- s,5
pała,VERB,negative,- s,9
pałaszować,NOUN,positive,+ s,2
pałka,VERB,negative,- s,4
pałkarz,VERB,negative,- s,2
pałuba,VERB,negative,- s,2
pańcia,VERB,negative,- s,2
pański,ADV,negative,- s,2
pańskość,VERB,negative,- s,2
państwo autorytarne,VERB,negative,- s,2
państwo demokratyczne,VERB,positive,+ s,2
państwo młodzi,VERB,positive,+ s,2
państwo prawne,VERB,positive,+ s,1
państwo totalitarne,VERB,negative,- m,2
państwo w państwie,VERB,negative,- m,1
państwo wyznaniowe,VERB,negative,- s,1
państwowiec,VERB,positive,+ s,1
pańszczyzna,VERB,negative,- s,3
paść,NOUN,negative,- s,21
paść trupem,NOUN,negative,- m,1
pchać,NOUN,negative,- s,7
pchnięcie,VERB,negative,- m,2
pech,VERB,negative,- m,2
pechowiec,VERB,negative,- s,1
pechowość,VERB,negative,- s,2
pechowy,ADV,negative,- s,4
pedagogicznie,ADJ,positive,+ s,1
pedalski,ADV,negative,- m,6
pedalsko,ADJ,negative,- s,3
pedalstwo,VERB,negative,- m,2
pedant,VERB,negative,- s,2
pedanteria,VERB,negative,- s,2
pedantyczność,VERB,negative,- s,2
pedantyczny,ADV,negative,- s,3
pedantyzm,VERB,negative,- s,2
pedał,VERB,negative,- m,2
pederasta,VERB,negative,- m,2
pedofil,VERB,negative,- m,2
pedofilia,VERB,negative,- m,2
pedofilstwo,VERB,negative,- m,2
pedryl,VERB,negative,- s,2
pedzio,VERB,negative,- s,2
peerelowski,ADV,negative,- s,2
pejoratywny,ADV,negative,- s,3
pensjonarski,ADV,negative,- s,2
pensjonarskość,VERB,negative,- s,2
peowiec,VERB,negative,- s,1
pepiniera,VERB,positive,+ s,2
perełka,VERB,positive,+ s,6
perfekcja,VERB,positive,+ m,2
perfekcyjny,ADV,positive,+ m,2
perfidia,VERB,negative,- m,2
perfidny,ADV,negative,- m,4
pergaminowość,VERB,negative,- s,2
pergaminowy,ADV,negative,- s,2
perlistość,VERB,positive,+ s,2
perlisty,ADV,positive,+ s,2
perlić się,NOUN,positive,+ s,3
permanentny,ADV,negative,- s,2
permisywny,ADV,negative,- s,2
personat,VERB,positive,+ s,3
perspektywa,VERB,positive,+ s,1
perspektywiczność,VERB,positive,+ s,2
perspektywiczny,ADV,positive,+ s,4
perturbacja,VERB,negative,- s,2
perwersyjny,ADV,negative,- m,4
perypatetyk,VERB,negative,- s,2
perła,VERB,positive,+ m,2
pesymista,VERB,negative,- m,2
pesymistycznie,ADJ,negative,- s,3
pesymistyczny,ADV,negative,- m,4
pesymizm,VERB,negative,- s,2
pet,VERB,negative,- m,1
petarda,VERB,negative,- m,2
petryfikować,NOUN,negative,- s,2
petryfikować się,NOUN,negative,- s,2
pewien,ADV,positive,+ s,2
pewniak,VERB,positive,+ s,2
pewność,VERB,positive,+ s,6
pewny,ADV,positive,+ s,8
pezetpeerowiec,VERB,negative,- s,1
pezetperowiec,VERB,negative,- s,1
pełnia,VERB,positive,+ s,3
pełniusieńki,ADV,positive,+ s,2
pełniuteńki,ADV,positive,+ s,2
pełniutki,ADV,negative,- s,3
pełnokrwisty,ADV,positive,+ s,4
pełnomocny,ADV,positive,+ s,1
pełnoprawność,VERB,positive,+ s,2
pełnoprawny,ADV,positive,+ s,2
pełnosprawność,VERB,positive,+ s,2
pełnosprawny,ADV,positive,+ s,4
pełnostandardowy,ADV,positive,+ s,2
pełnowartościowość,VERB,positive,+ s,2
pełnowartościowy,ADV,positive,+ s,5
pełnowymiarowy,ADV,positive,+ s,2
pełny,ADV,positive,+ s,2
pełną gębą,ADV,positive,+ s,2
phisher,VERB,negative,- s,2
phreak,VERB,negative,- m,2
phreaker,VERB,negative,- m,2
piaskowy dziadek,VERB,negative,- s,2
pic,VERB,negative,- s,2
picować,NOUN,positive,+ s,6
picuś glancuś,VERB,negative,- m,2
picz,VERB,negative,- m,2
picza,VERB,negative,- m,2
piechota morska,VERB,positive,+ s,1
pieczeniarz,VERB,negative,- m,2
pieczołowitość,VERB,positive,+ s,2
pieczołowity,ADV,positive,+ s,4
piegus,VERB,negative,- s,2
piegusek,VERB,positive,+ s,2
piekielnica,VERB,negative,- s,3
piekielnik,VERB,negative,- s,2
piekielny,ADV,negative,- m,5
pieklisko,VERB,negative,- s,4
piekący,ADV,negative,- s,4
piekło,VERB,negative,- s,5
pieluchowe zapalenie mózgu,VERB,negative,- m,2
pieluszkowe zapalenie mózgu,VERB,negative,- m,2
pielęgnacja,VERB,positive,+ s,4
pielęgnować,NOUN,positive,+ s,2
pieniacki,ADV,negative,- m,6
pieniactwo,VERB,negative,- m,2
pieniacz,VERB,negative,- m,1
pieniaczy,ADV,negative,- m,2
pieniądze,VERB,positive,+ s,3
pieprz,VERB,positive,+ s,2
pieprzny,ADV,positive,+ s,2
pierdel,VERB,negative,- m,4
pierdolić,NOUN,negative,- m,2
pierdolić się,NOUN,negative,- m,2
pierdolnik,VERB,negative,- s,3
pierdoła,VERB,negative,- s,2
pierdoła saska,VERB,negative,- m,2
pierdołowaty,ADV,negative,- s,6
pierdziel,VERB,negative,- m,2
piernikarz,VERB,negative,- s,2
pieron,VERB,negative,- m,2
pieroński,ADV,negative,- m,4
piersiasty,ADV,positive,+ s,4
piersisty,ADV,positive,+ s,2
pierun,VERB,negative,- m,2
pieruński,ADV,negative,- m,2
pierwiosnkowy,ADV,positive,+ s,3
pierworodny,VERB,positive,+ s,2
pierwsza dama,VERB,positive,+ m,2
pierwsza jaskółka,VERB,positive,+ s,2
pierwszej próby,ADV,positive,+ s,3
pierwszej wody,ADV,positive,+ s,1
pierwszeństwo,VERB,positive,+ s,2
pierwszoliniowy,ADV,positive,+ s,2
pierwszorzędny,ADV,positive,+ s,3
pierwszy,ADV,positive,+ m,2
pierwszyzna,VERB,negative,- s,1
pierzch,VERB,negative,- s,2
pierzchliwość,VERB,negative,- s,3
pierzchliwy,ADV,negative,- s,4
pies,VERB,negative,- s,3
pies na baby,VERB,negative,- s,2
pies ogrodnika,VERB,negative,- m,2
pieski los,VERB,negative,- m,2
pieskie życie,VERB,negative,- m,2
pieszczenie,VERB,positive,+ m,2
pieszczoch,VERB,positive,+ s,3
pieszczocha,VERB,positive,+ s,1
pieszczoszek,VERB,positive,+ s,3
pieszczoszka,VERB,positive,+ s,1
pieszczota,VERB,positive,+ s,4
pieszczotka,VERB,positive,+ s,1
pieszczotliwy,ADV,positive,+ m,2
pietystyczny,ADV,negative,- s,4
pietyzm,VERB,positive,+ s,2
pieściwy,ADV,positive,+ s,3
pieścić,NOUN,positive,+ s,2
pigalak,VERB,negative,- s,2
pigmej,VERB,negative,- m,2
pijacki,ADV,negative,- s,8
pijaczek,VERB,negative,- s,2
pijaczy,ADV,negative,- s,2
pijak,VERB,negative,- m,2
pijalny,ADV,positive,+ s,2
pijanica,VERB,negative,- s,2
pijaniusieńki,ADV,negative,- s,2
pijaniuteńki,ADV,negative,- s,2
pijaniutki,ADV,negative,- s,2
pijany,ADV,negative,- s,5
pijany,VERB,negative,- s,2
pijany jak messerschmitt,ADV,negative,- m,2
pijany w drobny mak,ADV,negative,- s,2
pijatyka,VERB,negative,- s,2
pijawka,VERB,negative,- s,3
pijaństwo,VERB,negative,- s,5
pijus,VERB,negative,- s,2
pikantnie,ADJ,positive,+ s,2
pikantny,ADV,positive,+ s,2
pikać,NOUN,negative,- s,2
piknik,VERB,negative,- s,2
piknikowy,ADV,positive,+ s,2
piknąć,NOUN,positive,+ s,4
pilnować,NOUN,positive,+ s,3
pilność,VERB,positive,+ s,2
pilny,ADV,negative,- s,4
pinda,VERB,negative,- m,2
pindzia,VERB,negative,- m,2
pionek,VERB,negative,- m,2
pionier,VERB,positive,+ s,2
pionierka,VERB,positive,+ s,2
pionierski,ADV,positive,+ m,2
pionizować,NOUN,negative,- s,2
piorunny,ADV,negative,- s,2
piorunujący,ADV,negative,- m,2
pioruński,ADV,negative,- m,2
piołun,VERB,negative,- m,2
piołunowy,ADV,negative,- s,4
pipa,VERB,negative,- m,2
pipidówka,VERB,negative,- s,3
piracki,ADV,negative,- s,6
piractwo,VERB,negative,- s,4
piractwo intelektualne,VERB,negative,- s,3
piramida,VERB,negative,- s,2
piramidalny,ADV,negative,- m,2
pirat,VERB,negative,- s,5
pirat drogowy,VERB,negative,- s,3
pirat powietrzny,VERB,negative,- m,2
piratować,NOUN,negative,- s,8
pisanina,VERB,negative,- s,2
pisarczyk,VERB,negative,- m,2
pisarzyna,VERB,negative,- m,2
pisemny,ADV,positive,+ s,1
piskliwy,ADV,negative,- s,7
pisklę,VERB,positive,+ s,2
pismaczyna,VERB,negative,- m,2
pismak,VERB,negative,- m,2
pityjski,ADV,negative,- s,1
piwko,VERB,positive,+ s,2
pizda,VERB,negative,- m,2
piąte koło u wozu,VERB,negative,- s,3
piąte przez dziesiąte,VERB,negative,- s,2
piątka,VERB,positive,+ s,2
piątkowicz,VERB,positive,+ m,2
piątkowy,ADV,positive,+ s,2
pić,NOUN,negative,- s,6
pić się,NOUN,positive,+ s,2
pięciogwiazdkowy,ADV,positive,+ s,2
pięciorzędny,ADV,negative,- s,3
piękne słówka,VERB,negative,- s,2
pięknie,ADJ,positive,+ m,2
pięknieć,NOUN,positive,+ s,2
piękniuchny,ADV,positive,+ m,2
piękniutki,ADV,positive,+ s,5
piękniś,VERB,negative,- m,2
piękno,VERB,positive,+ m,2
pięknoduchowski,ADV,negative,- s,2
pięknolicy,ADV,positive,+ s,3
pięknooki,ADV,positive,+ s,2
pięknowłosy,ADV,positive,+ s,2
piękność,VERB,positive,+ s,5
piękny,ADV,negative,- s,16
piętno,VERB,negative,- m,4
piętno kaina,VERB,negative,- m,1
piła,VERB,negative,- s,2
piśmienny,ADV,positive,+ s,1
piździelec,VERB,negative,- m,2
placówka interwencyjna,VERB,positive,+ s,1
plaga,VERB,negative,- m,2
plaga egipska,VERB,negative,- m,4
plagiator,VERB,negative,- m,2
plagiatorstwo,VERB,negative,- s,3
plagiatowość,VERB,negative,- s,3
plagiatowy,ADV,negative,- s,1
plajta,VERB,negative,- m,4
plakatowy,ADV,negative,- s,2
plama,VERB,negative,- m,4
plama na honorze,VERB,negative,- m,2
plan,VERB,positive,+ s,1
plankton polityczny,VERB,negative,- s,1
planowy,ADV,positive,+ s,4
plastikowość,VERB,negative,- m,2
plastikowy,ADV,negative,- s,2
plastyczność,VERB,positive,+ m,2
plastyczny,ADV,positive,+ s,2
plastyka,VERB,positive,+ m,2
plastykowy,ADV,negative,- s,2
platfus,VERB,negative,- s,4
platoniczny,ADV,negative,- s,2
platynowy,ADV,positive,+ m,2
plebejski,ADV,negative,- m,2
plebejusz,VERB,negative,- m,2
plebejuszowski,ADV,negative,- s,2
plebs,VERB,negative,- m,2
pleciuch,VERB,negative,- s,2
pleciuga,VERB,negative,- s,2
plecki,VERB,positive,+ s,2
plejada,VERB,positive,+ s,1
plenność,VERB,positive,+ s,2
plenny,ADV,positive,+ s,2
plewa,VERB,negative,- s,2
plewić,NOUN,positive,+ s,1
pleśniowy,ADV,negative,- s,2
plociuch,VERB,negative,- s,2
plon,VERB,positive,+ s,2
plonkować,NOUN,negative,- s,1
plotka,VERB,negative,- s,1
plotkarka,VERB,negative,- s,2
plotkarski,ADV,negative,- s,3
plugastwo,VERB,negative,- s,2
plugawiec,VERB,negative,- s,3
plugawość,VERB,negative,- s,6
plugawy,ADV,negative,- m,10
plusowy,ADV,positive,+ s,2
plątanina,VERB,negative,- s,3
plątać się,NOUN,negative,- s,2
po akademicku,ADJ,positive,+ s,1
po amatorsku,ADJ,negative,- s,2
po anielsku,ADJ,positive,+ s,5
po antykatolicku,ADJ,negative,- s,2
po antysemicku,ADJ,negative,- s,2
po arogancku,ADJ,negative,- m,2
po bandycku,ADJ,negative,- m,4
po barbarzyńsku,ADJ,negative,- s,10
po bałaganiarsku,ADJ,negative,- s,2
po benedyktyńsku,ADJ,negative,- s,2
po bestialsku,ADJ,negative,- m,2
po bibliofilsku,ADJ,positive,+ s,1
po bohatersku,ADJ,positive,+ s,3
po bratersku,ADJ,positive,+ s,4
po buddyjsku,ADJ,positive,+ s,1
po buracku,ADJ,negative,- m,2
po błazeńsku,ADJ,negative,- s,2
po chamsku,ADJ,negative,- s,6
po chuligańsku,ADJ,negative,- m,2
po cichu,ADJ,positive,+ s,7
po cichusieńku,ADJ,positive,+ s,7
po cichuteńku,ADJ,positive,+ s,6
po cichutku,ADJ,negative,- s,6
po cichuśku,ADJ,positive,+ s,6
po cudacku,ADJ,negative,- s,2
po cwaniacku,ADJ,negative,- s,2
po czarodziejsku,ADJ,positive,+ s,2
po desperacku,ADJ,negative,- s,2
po diabelsku,ADJ,negative,- s,5
po dobrosąsiedzku,ADJ,positive,+ s,2
po doktrynersku,ADJ,negative,- s,2
po donkichotowsku,ADJ,negative,- s,2
po donkiszotowsku,ADJ,negative,- s,2
po drakońsku,ADJ,negative,- s,2
po dworsku,ADJ,positive,+ s,2
po dyktatorsku,ADJ,negative,- m,2
po dyletancku,ADJ,negative,- s,2
po dysydencku,ADJ,negative,- s,2
po dziadowsku,ADJ,negative,- m,2
po dziennikarsku,ADJ,positive,+ s,1
po dżentelmeńsku,ADJ,positive,+ s,5
po elegancku,ADJ,positive,+ s,6
po epicku,ADJ,positive,+ m,2
po fanfarońsku,ADJ,negative,- s,2
po faszystowsku,ADJ,negative,- m,2
po filipińsku,ADJ,negative,- s,2
po filistersku,ADJ,negative,- s,2
po frajersku,ADJ,negative,- m,2
po gentlemańsku,ADJ,positive,+ m,2
po getlemańsku,ADJ,positive,+ s,2
po goebbelsowsku,ADJ,negative,- m,2
po kretyńsku,ADJ,negative,- m,10
po pedalsku,ADJ,negative,- s,3
po pijacku,ADJ,negative,- s,2
po próżnicy,ADJ,negative,- s,3
po robociarsku,ADJ,negative,- s,2
po sielsku,ADJ,positive,+ s,2
po sodomsku,ADJ,negative,- s,2
po szpanersku,ADJ,negative,- s,2
po łobuzersku,ADJ,negative,- s,3
po-wiec,VERB,negative,- s,1
poatomowy,ADV,negative,- s,1
pobabrać,NOUN,negative,- s,14
pobabrać się,NOUN,negative,- s,11
pobachać się,NOUN,positive,+ s,1
pobadać,NOUN,positive,+ s,12
pobalangować,NOUN,positive,+ s,1
pobalować,NOUN,positive,+ s,2
pobaraszkować,NOUN,positive,+ s,4
pobawić,NOUN,positive,+ s,2
pobawić się,NOUN,positive,+ s,12
pobazgrać,NOUN,negative,- s,7
pobazgrolić,NOUN,negative,- s,6
pobałaganić,NOUN,negative,- s,4
pobeczeć,NOUN,negative,- s,3
pobeczeć się,NOUN,negative,- s,2
pobieleć,NOUN,negative,- s,2
pobiesiadować,NOUN,positive,+ s,2
pobieżny,ADV,negative,- s,6
pobijać,NOUN,positive,+ s,2
pobitewny,ADV,negative,- s,1
pobić,NOUN,positive,+ s,5
pobić się,NOUN,negative,- s,9
poblakły,ADV,negative,- s,2
pobojowisko,VERB,negative,- s,2
pobożne życzenie,VERB,negative,- s,3
pobożniś,VERB,negative,- s,2
pobożny,ADV,positive,+ s,4
pobratymca,VERB,positive,+ s,2
pobratymiec,VERB,positive,+ m,2
pobrykać,NOUN,positive,+ s,7
pobudliwy,ADV,negative,- s,3
pobudzać,NOUN,positive,+ s,2
pobudzić,NOUN,positive,+ s,1
pobudzić się,NOUN,positive,+ s,1
pobłażliwy,ADV,negative,- s,3
pocałować klamkę,NOUN,negative,- s,2
pocałunek,VERB,positive,+ s,2
pochlebca,VERB,negative,- m,2
pochlebczy,ADV,negative,- s,3
pochlebny,ADV,positive,+ s,1
pochlebstwo,VERB,negative,- s,4
pochmiel,VERB,negative,- s,2
pochmurnie,ADJ,negative,- s,2
pochmurno,ADJ,negative,- s,2
pochmurny,ADV,negative,- s,2
pochodzić,NOUN,positive,+ s,2
pochopność,VERB,negative,- s,2
pochopny,ADV,negative,- s,4
pochrapywać,NOUN,negative,- s,3
pochwalać,NOUN,positive,+ s,2
pochwalić,NOUN,positive,+ s,2
pochwalny,ADV,positive,+ m,1
pochwała,VERB,positive,+ s,2
pochłaniać,NOUN,positive,+ s,9
pochłonąć,NOUN,positive,+ s,10
pociecha,VERB,positive,+ s,7
pocieszający,ADV,positive,+ s,2
pocieszyciel,VERB,positive,+ s,1
pocieszycielski,ADV,positive,+ m,2
pocinać,NOUN,positive,+ s,2
pociskać,NOUN,negative,- s,5
pocisnąć,NOUN,negative,- s,8
pocisnąć się,NOUN,negative,- s,2
pociąg fizyczny,VERB,positive,+ s,2
pociągający,ADV,positive,+ s,4
pociągły,ADV,positive,+ s,2
pociąć,NOUN,negative,- s,2
poczciwy,ADV,positive,+ s,6
poczekać,NOUN,negative,- s,2
poczesny,ADV,positive,+ s,4
poczestny,ADV,positive,+ s,1
poczet,VERB,positive,+ s,2
poczet sztandarowy,VERB,positive,+ m,1
poczucie,VERB,positive,+ s,1
poczucie humoru,VERB,positive,+ m,2
poczucie niższości,VERB,negative,- s,2
poczucie winy,VERB,negative,- s,3
poczucie wyższości,VERB,negative,- m,2
poczuwać się,NOUN,positive,+ s,2
poczuć się,NOUN,positive,+ s,2
poczwara,VERB,negative,- m,4
poczwarny,ADV,negative,- m,2
poczynać sobie,NOUN,negative,- s,2
poczytalny,ADV,positive,+ s,2
poczytny,ADV,positive,+ s,4
podareczek,VERB,positive,+ m,1
podarować,NOUN,positive,+ s,2
podatny,ADV,negative,- s,2
podawacz,VERB,negative,- s,2
podbechtać,NOUN,negative,- s,4
podbechtywać,NOUN,negative,- s,4
podbiegły,ADV,negative,- s,1
podbijać,NOUN,negative,- s,11
podbić,NOUN,negative,- s,7
podbić się,NOUN,negative,- s,1
podbramkowy,ADV,negative,- m,2
podbudować,NOUN,positive,+ s,2
podburzać,NOUN,negative,- s,2
podburzyciel,VERB,negative,- m,2
podburzyć,NOUN,negative,- s,2
podbój,VERB,negative,- s,1
podchlebiać,NOUN,negative,- s,2
podchlebić,NOUN,negative,- s,2
podchmielać,NOUN,negative,- s,5
podchmielać się,NOUN,negative,- s,1
podchmielić,NOUN,negative,- s,4
podchmielić się,NOUN,negative,- s,1
podchmielony,ADV,negative,- s,2
podchodzić,NOUN,negative,- s,9
podciep,VERB,negative,- s,2
podcinać,NOUN,negative,- s,10
podcinać gałąź,NOUN,negative,- s,2
"podcinać gałąź, na której się siedzi",NOUN,negative,- s,2
podcinać kolana,NOUN,negative,- s,2
podcinać lawinę,NOUN,negative,- s,1
podcinać się,NOUN,positive,+ s,12
podciągać się,NOUN,positive,+ s,1
podciągnąć się,NOUN,positive,+ s,1
podciąć,NOUN,positive,+ s,10
podciąć gałąź,NOUN,negative,- s,2
"podciąć gałąź, na której się siedzi",NOUN,negative,- s,2
podciąć kolana,NOUN,negative,- s,2
podciąć lawinę,NOUN,negative,- s,1
podciąć się,NOUN,negative,- s,11
podcięty,ADV,negative,- s,2
podczłowiek,VERB,negative,- m,2
poddańczość,VERB,negative,- s,4
poddańczy,ADV,negative,- s,4
poddaństwo,VERB,negative,- s,2
poddenerwować,NOUN,negative,- s,4
poddenerwować się,NOUN,negative,- s,4
podejmować starania,NOUN,positive,+ s,2
podejrzany,ADV,negative,- s,4
podejrzenie,VERB,positive,+ s,3
podejrzliwiec,VERB,negative,- s,2
podejrzliwość,VERB,negative,- m,2
podejrzliwy,ADV,negative,- s,4
podejściowy,ADV,positive,+ s,2
podejść,NOUN,negative,- s,5
podekscytowanie,VERB,positive,+ s,3
podekscytowany,ADV,positive,+ s,2
podelektować się,NOUN,positive,+ s,2
podenerwowany,ADV,negative,- s,2
podenerwować,NOUN,negative,- s,4
podenerwować się,NOUN,negative,- s,4
poderwać,NOUN,negative,- s,2
podeschnąć,NOUN,negative,- s,2
podeszły,ADV,negative,- s,1
podfruwajka,VERB,negative,- s,2
podglądacz,VERB,negative,- s,2
podgniły,ADV,negative,- s,2
podgryzacz,VERB,negative,- s,2
podirytować,NOUN,negative,- s,2
podirytować się,NOUN,negative,- s,2
podjazdowy,ADV,negative,- s,2
podjechać,NOUN,negative,- s,2
podjeżdżać,NOUN,negative,- s,3
podjudzacz,VERB,negative,- m,2
podjudzać,NOUN,negative,- s,6
podjudzić,NOUN,negative,- s,6
podjąć starania,NOUN,positive,+ s,2
podkasany,ADV,negative,- s,1
podkowa,VERB,negative,- s,2
podkrążony,ADV,negative,- s,2
podkuty,ADV,positive,+ s,2
podle,ADJ,negative,- m,2
podlec,VERB,negative,- m,2
podleczać,NOUN,positive,+ s,4
podleczyć,NOUN,positive,+ s,4
podległość,VERB,negative,- s,2
podleć,NOUN,negative,- s,7
podlizać się,NOUN,negative,- s,2
podlizuch,VERB,negative,- s,2
podlizywacz,VERB,negative,- s,2
podlizywać się,NOUN,negative,- s,2
podlotek,VERB,negative,- s,1
podludzie,VERB,negative,- m,2
podmarznąć,NOUN,negative,- s,2
podmawiać,NOUN,negative,- s,2
podmiana,VERB,negative,- s,2
podminowany,ADV,negative,- s,5
podmiotowość,VERB,negative,- s,1
podmówić,NOUN,negative,- s,2
podniebny,ADV,positive,+ s,1
podniecający,ADV,positive,+ m,2
podniecać,NOUN,positive,+ s,1
podniecenie,VERB,negative,- s,2
podniecony,ADV,positive,+ s,1
podnieść,NOUN,positive,+ s,2
podnosić,NOUN,positive,+ s,2
podnóżek,VERB,negative,- m,2
podobłoczny,ADV,positive,+ s,2
podochocony,ADV,negative,- s,2
podocinać,NOUN,negative,- s,4
podostawiać się,NOUN,negative,- s,3
podostrzyć,NOUN,negative,- s,4
podołać,NOUN,positive,+ s,2
podpalacz,VERB,negative,- m,2
podpalać,NOUN,negative,- s,6
podpalić,NOUN,negative,- s,6
podpatrywać,NOUN,negative,- s,3
podpatrzeć,NOUN,positive,+ s,1
podpatrzyć,NOUN,positive,+ s,1
podpierać się,NOUN,positive,+ s,1
podpity,ADV,negative,- s,2
podpora,VERB,positive,+ s,3
podporządkowanie,VERB,negative,- m,1
podporządkować,NOUN,positive,+ s,2
podporządkować się,NOUN,negative,- s,3
podporządkowywać,NOUN,negative,- s,2
podporządkowywać się,NOUN,negative,- s,3
podpowiedzieć,NOUN,positive,+ s,1
podrabiacz,VERB,negative,- m,2
podrabiać,NOUN,negative,- s,6
podrasować,NOUN,positive,+ s,6
podrasowywać,NOUN,positive,+ s,6
podrastać,NOUN,positive,+ s,2
podratować,NOUN,positive,+ s,8
podratowywać,NOUN,positive,+ s,10
podrażniony,ADV,negative,- s,2
podregulować,NOUN,positive,+ s,2
podrobiony,ADV,negative,- m,2
podrobić,NOUN,negative,- s,6
podroczyć,NOUN,negative,- s,1
podroczyć się,NOUN,positive,+ s,2
podrosnąć,NOUN,positive,+ s,1
podrostek,VERB,negative,- s,2
podrzutek,VERB,negative,- s,2
podrzędność,VERB,negative,- s,2
podrzędny,ADV,negative,- s,4
podróba,VERB,negative,- s,2
podróbka,VERB,negative,- s,2
podręcznik,VERB,positive,+ s,1
podręcznikowość,VERB,negative,- s,2
podręcznikowy,ADV,negative,- s,2
podręczny,ADV,positive,+ s,1
podręczyć,NOUN,negative,- s,7
podskakiwacz,VERB,negative,- s,2
podskakiwać,NOUN,negative,- s,2
podstawa,VERB,positive,+ s,1
podstawić,NOUN,negative,- s,3
podstęp,VERB,negative,- s,1
podstępność,VERB,negative,- m,2
podstępny,ADV,negative,- s,6
podsumowanie,VERB,negative,- s,1
podsychać,NOUN,negative,- s,2
podszczuwać,NOUN,negative,- s,2
podszczuć,NOUN,negative,- s,2
podszkalać,NOUN,positive,+ s,1
podszkalać się,NOUN,positive,+ s,1
podszkolić,NOUN,positive,+ s,1
podszkolić się,NOUN,positive,+ s,1
podszlifować,NOUN,positive,+ s,2
podszywacz,VERB,negative,- s,3
podsłuchiwacz,VERB,negative,- s,2
podtaczać,NOUN,negative,- s,2
podtaczać się,NOUN,negative,- s,2
podtapiać,NOUN,negative,- s,6
podtatusiały,ADV,negative,- s,2
podtekst,VERB,negative,- s,1
podtoczyć,NOUN,negative,- s,2
podtoczyć się,NOUN,negative,- s,3
podtopić,NOUN,negative,- s,6
poduczyć,NOUN,positive,+ s,1
podupadły,ADV,negative,- s,5
poduszeczka,VERB,positive,+ s,1
poduszka,VERB,positive,+ s,1
podważalny,ADV,negative,- s,2
podworować,NOUN,negative,- s,2
podwyższyć,NOUN,negative,- s,1
podwórkowy,ADV,negative,- s,2
podwórzowy,ADV,negative,- s,2
podzielić,NOUN,positive,+ s,2
podziemie,VERB,negative,- s,1
podziw,VERB,positive,+ m,1
podziwiać,NOUN,positive,+ s,2
podziękowanie,VERB,positive,+ s,2
podładować,NOUN,positive,+ s,1
podładować akumulatory,NOUN,positive,+ s,2
podładowywać,NOUN,positive,+ s,1
podładowywać akumulatory,NOUN,positive,+ s,2
podłota,VERB,negative,- m,4
podłość,VERB,negative,- m,6
podły,ADV,negative,- m,10
podłączyć,NOUN,positive,+ s,2
podśmiać się,NOUN,negative,- s,2
podśmiewać się,NOUN,negative,- s,2
podśmiewywać się,NOUN,negative,- s,2
podżegacz,VERB,negative,- m,2
podżegać,NOUN,negative,- s,3
poeksperymentować,NOUN,positive,+ s,3
poeta laureatus,VERB,positive,+ s,2
poetycki,ADV,positive,+ s,2
poetyczny,ADV,positive,+ s,2
poezja,VERB,positive,+ s,2
pofałdowany,ADV,negative,- s,1
poflirtować,NOUN,positive,+ s,4
pofruwać,NOUN,positive,+ s,2
poganin,VERB,negative,- s,1
pogarbiony,ADV,negative,- s,2
pogarda,VERB,negative,- m,2
pogardliwość,VERB,negative,- m,2
pogardliwy,ADV,negative,- m,4
pogasić,NOUN,negative,- s,6
pogasnąć,NOUN,negative,- s,3
pogimnastykować,NOUN,positive,+ s,3
pogimnastykować się,NOUN,positive,+ s,3
poglądowość,VERB,positive,+ s,2
pogmatwany,ADV,negative,- s,2
pogniewany,ADV,negative,- s,2
pognębiać,NOUN,negative,- s,5
pognębić,NOUN,negative,- s,7
pogoda,VERB,positive,+ s,2
pogoda ducha,VERB,positive,+ s,2
pogodność,VERB,positive,+ s,6
pogodny,ADV,positive,+ s,12
pogodzenie,VERB,positive,+ s,2
pogodzenie się,VERB,positive,+ s,2
pogorszenie,VERB,negative,- s,2
pogorszyć,NOUN,negative,- s,2
pogorzelec,VERB,negative,- s,2
pogorzelisko,VERB,negative,- s,2
pogotowie,VERB,positive,+ s,3
pogrobowiec,VERB,negative,- s,4
pogrom,VERB,negative,- m,4
pogromca,VERB,positive,+ s,3
pogromczyni,VERB,positive,+ s,1
pogromowy,ADV,negative,- s,2
pogrubiały,ADV,negative,- s,1
pogryzmolić,NOUN,negative,- s,6
pogrzebać,NOUN,positive,+ s,8
pogrzebać się,NOUN,negative,- s,10
pogrążyć się,NOUN,negative,- s,4
pogwałcenie,VERB,negative,- m,1
pogłaskać,NOUN,positive,+ s,2
pogłoska,VERB,negative,- s,1
pogłówkować,NOUN,positive,+ s,2
pogłębiać,NOUN,positive,+ s,1
pohasać,NOUN,positive,+ s,13
pohańbienie,VERB,negative,- m,2
pohitlerowski,ADV,negative,- s,1
poinformować,NOUN,positive,+ s,1
pointelektualizować,NOUN,positive,+ s,2
pojawić się,NOUN,positive,+ s,1
pojaśniać,NOUN,positive,+ s,1
pojaśniały,ADV,positive,+ s,3
pojaśnić,NOUN,positive,+ s,1
pojechać,NOUN,negative,- s,3
pojednanie,VERB,positive,+ s,2
pojednawczy,ADV,positive,+ s,2
pojednać się,NOUN,positive,+ s,3
pojedynek,VERB,negative,- s,2
pojemny,ADV,positive,+ s,2
pojeździć,NOUN,negative,- s,2
pojeżdżać,NOUN,negative,- s,2
pojękiwanie,VERB,negative,- s,2
pojętność,VERB,positive,+ m,2
pojętny,ADV,positive,+ s,2
pokazowość,VERB,negative,- s,2
pokazowy,ADV,negative,- s,3
pokazówka,VERB,negative,- s,2
pokaźny,ADV,positive,+ s,3
pokemonowy,ADV,negative,- s,4
pokibicować,NOUN,positive,+ s,6
pokicać,NOUN,positive,+ s,1
pokierować,NOUN,positive,+ s,1
pokiwać się,NOUN,negative,- s,2
pokochać,NOUN,positive,+ s,3
pokojowy,ADV,positive,+ s,2
pokolenie kanapkowe,VERB,negative,- s,3
pokolenie sandwiczowe,VERB,negative,- s,3
pokolędować,NOUN,negative,- s,2
pokombinować,NOUN,positive,+ s,4
pokomunistyczny,ADV,negative,- s,3
pokonany,VERB,negative,- s,2
pokonać,NOUN,positive,+ s,3
pokontemplować,NOUN,positive,+ s,3
pokonwersować,NOUN,positive,+ s,2
pokonywać,NOUN,positive,+ m,2
pokopany,ADV,negative,- s,2
pokora,VERB,positive,+ s,2
pokołować,NOUN,negative,- s,5
pokpić,NOUN,negative,- s,4
pokpić się,NOUN,negative,- s,2
pokraczny,ADV,negative,- s,7
pokraka,VERB,negative,- m,2
pokraść,NOUN,negative,- s,3
pokrewna dusza,VERB,positive,+ m,2
pokrewny,ADV,positive,+ s,2
pokrwawić,NOUN,negative,- s,4
pokrywać,NOUN,positive,+ s,6
pokryć,NOUN,positive,+ s,4
pokrzepiciel,VERB,positive,+ s,2
pokrzywdzony,VERB,negative,- s,2
pokręcony,ADV,positive,+ s,2
pokrętność,VERB,negative,- s,5
pokrętny,ADV,negative,- s,6
pokupny,ADV,positive,+ s,1
pokusa,VERB,negative,- s,4
pokutniczy,ADV,negative,- s,3
pokwękiwanie,VERB,negative,- s,2
pokój,VERB,positive,+ s,3
pokątny,ADV,negative,- s,8
pokłócić,NOUN,negative,- s,2
pokłócić się,NOUN,negative,- s,2
pola elizejskie,VERB,positive,+ s,1
polakożerca,VERB,negative,- m,2
polakożerczy,ADV,negative,- m,4
pole,VERB,positive,+ s,2
polecać,NOUN,positive,+ s,2
polecić,NOUN,positive,+ s,2
poleczyć,NOUN,positive,+ s,7
poległy,ADV,negative,- s,3
poległy,VERB,negative,- s,1
polemika,VERB,positive,+ s,1
poleniuchować,NOUN,positive,+ s,2
polenić się,NOUN,negative,- s,2
polepszacz,VERB,positive,+ s,2
polepszać,NOUN,positive,+ s,2
polepszenie,VERB,positive,+ s,2
polepszyć,NOUN,positive,+ s,2
polerować,NOUN,positive,+ s,1
polerowny,ADV,positive,+ s,4
polew,VERB,positive,+ s,1
polewka,VERB,positive,+ s,2
policja polityczna,VERB,negative,- s,2
policzalny,ADV,positive,+ s,2
policzek,VERB,negative,- m,2
poliglota,VERB,positive,+ m,2
poliglotyzm,VERB,positive,+ m,2
polihistor,VERB,positive,+ m,2
polimat,VERB,positive,+ m,2
polisa,VERB,positive,+ s,1
politbiuro,VERB,negative,- s,1
politowanie,VERB,negative,- s,2
politpoprawny,ADV,negative,- s,2
politruk,VERB,negative,- s,2
politycznie poprawny,ADV,negative,- s,1
polityka,VERB,positive,+ s,1
politykier,VERB,negative,- s,2
poliwalentny,ADV,positive,+ s,2
polonizator,VERB,negative,- s,3
polonofob,VERB,negative,- m,2
polot,VERB,positive,+ m,2
polotny,ADV,positive,+ s,2
polowanie na czarownice,VERB,negative,- m,2
polskojęzyczny,ADV,negative,- s,2
polubić,NOUN,positive,+ s,4
polubić się,NOUN,positive,+ s,1
polubowny,ADV,positive,+ s,2
polśniewać,NOUN,positive,+ s,2
polśnić,NOUN,positive,+ s,2
pomagać,NOUN,positive,+ s,2
pomagier,VERB,negative,- s,1
pomajstrować,NOUN,positive,+ s,1
pomanewrować,NOUN,positive,+ s,1
pomanipulować,NOUN,negative,- s,6
pomartwić,NOUN,negative,- s,2
pomartwić się,NOUN,negative,- s,4
pomdlały,ADV,negative,- s,2
pomieszanie,VERB,negative,- s,2
pomieszanie z poplątaniem,VERB,negative,- m,2
pomieszany,ADV,negative,- s,4
pomieszać,NOUN,negative,- s,7
pomieszać się,NOUN,negative,- s,8
pomijalny,ADV,positive,+ s,1
pomijać,NOUN,negative,- s,4
pominąć,NOUN,negative,- s,8
pomiotło,VERB,negative,- s,2
pomięszać,NOUN,negative,- s,3
pomięszać się,NOUN,negative,- s,3
pomnik,VERB,positive,+ s,1
pomnikowość,VERB,positive,+ m,2
pomnikowy,ADV,positive,+ s,3
pomny,ADV,positive,+ s,2
pomoc,VERB,positive,+ s,5
pomoc naukowa,VERB,positive,+ s,1
pomocnica,VERB,positive,+ s,2
pomocnictwo,VERB,negative,- s,2
pomocny,ADV,positive,+ m,2
pomocowy,ADV,positive,+ s,2
pomordować,NOUN,negative,- s,9
pompa,VERB,positive,+ s,1
pompatyczność,VERB,negative,- s,2
pompatyczny,ADV,negative,- s,4
pompier,VERB,negative,- m,2
pompować,NOUN,negative,- s,4
pompować się,NOUN,negative,- s,4
pomykać,NOUN,positive,+ s,3
pomyleniec,VERB,negative,- m,4
pomylony,ADV,negative,- s,6
pomylony,VERB,negative,- m,2
pomyszkować,NOUN,negative,- s,1
pomysł,VERB,positive,+ s,1
pomysłodawca,VERB,positive,+ s,2
pomysłodawczyni,VERB,positive,+ s,2
pomysłowość,VERB,positive,+ s,4
pomysłowy,ADV,positive,+ s,4
pomyłka,VERB,negative,- s,2
pomyłkowy,ADV,negative,- s,2
pomyśleć,NOUN,positive,+ s,3
pomyślność,VERB,positive,+ m,2
pomyślny,ADV,positive,+ s,2
pomóc,NOUN,positive,+ s,2
pomówienie,VERB,negative,- s,2
pomęczyć,NOUN,negative,- s,6
pomęczyć się,NOUN,negative,- s,6
ponabawiać,NOUN,negative,- s,2
ponabawiać się,NOUN,negative,- s,2
ponachodzić,NOUN,negative,- s,5
ponadawać,NOUN,negative,- s,4
ponadawać się,NOUN,negative,- s,2
ponadczasowo,ADJ,positive,+ s,2
ponadczasowość,VERB,positive,+ m,2
ponadczasowy,ADV,positive,+ m,2
ponadgabarytowy,ADV,negative,- s,1
ponadplanowy,ADV,negative,- s,1
ponadprzeciętność,VERB,positive,+ m,2
ponarkotyczny,ADV,negative,- s,1
ponastawiać,NOUN,positive,+ s,4
poniewierca,VERB,negative,- s,2
poniżający,ADV,negative,- s,2
poniżej pasa,ADV,negative,- s,3
poniżenie,VERB,negative,- m,4
pontyfikalny,ADV,positive,+ s,1
ponudzić,NOUN,negative,- s,6
ponudzić się,NOUN,negative,- s,2
ponurak,VERB,negative,- s,2
ponurawy,ADV,negative,- s,6
ponuro,ADJ,negative,- s,2
ponurość,VERB,negative,- m,2
ponury,ADV,negative,- s,9
ponury żniwiarz,VERB,negative,- m,3
ponętnie,ADJ,positive,+ s,3
ponętny,ADV,positive,+ m,4
poobchodzić,NOUN,positive,+ s,3
poobcinać,NOUN,negative,- s,7
poobcinać się,NOUN,negative,- s,2
poobciskać,NOUN,negative,- s,2
poobcować,NOUN,positive,+ s,4
poobdzierać,NOUN,negative,- s,2
poobijać,NOUN,negative,- s,6
poobijać się,NOUN,negative,- s,4
poobstawiać,NOUN,positive,+ s,6
poociągać się,NOUN,negative,- s,2
poodbarwiać się,NOUN,negative,- s,1
poodcinać,NOUN,negative,- s,3
poodcinać się,NOUN,negative,- s,1
pooddychać,NOUN,positive,+ s,2
poodkurzać,NOUN,positive,+ s,2
poodstawiać,NOUN,positive,+ s,11
poodstawiać się,NOUN,positive,+ s,2
pookupacyjny,ADV,negative,- s,2
poorany,ADV,negative,- s,3
popapraniec,VERB,negative,- s,3
poparcie,VERB,positive,+ s,3
popas,VERB,positive,+ s,1
popchać,NOUN,negative,- s,2
popielisko,VERB,negative,- s,1
popierać,NOUN,positive,+ s,2
popijawa,VERB,negative,- s,3
popijocha,VERB,negative,- s,2
popiknikować,NOUN,positive,+ s,2
popilnować,NOUN,positive,+ s,1
popiratować,NOUN,negative,- s,4
popisowość,VERB,positive,+ m,2
popisowy,ADV,positive,+ m,2
popisywanie się,VERB,negative,- s,2
popiół,VERB,negative,- m,2
popkulturowy,ADV,positive,+ s,2
poplamiony,ADV,negative,- s,2
poplecznik,VERB,negative,- s,2
poplątany,ADV,negative,- s,2
poprawa,VERB,positive,+ s,3
poprawczak,VERB,negative,- s,2
poprawczy,ADV,positive,+ s,1
poprawiacz,VERB,positive,+ s,2
poprawić,NOUN,positive,+ s,2
poprawka,VERB,negative,- s,1
poprawkowy,ADV,positive,+ s,1
poprawność,VERB,positive,+ s,3
poprawny,ADV,positive,+ s,5
poprać,NOUN,negative,- s,4
poprać się,NOUN,positive,+ s,1
poprowadzić,NOUN,positive,+ s,2
poprzebaczać,NOUN,positive,+ s,2
poprzebarwiać się,NOUN,negative,- s,1
poprzeczka,VERB,negative,- s,2
poprzerabiać,NOUN,positive,+ s,2
poprzerzynać,NOUN,negative,- s,3
poprzestawiać,NOUN,negative,- s,1
poprzestawiać się,NOUN,negative,- s,1
poprzetykać,NOUN,positive,+ s,1
poprzeć,NOUN,positive,+ s,2
poprzycinać się,NOUN,negative,- s,7
popróbować,NOUN,positive,+ s,3
popróchniały,ADV,negative,- s,2
popsujzabawa,VERB,negative,- s,2
popsuty,ADV,negative,- s,4
popsuć,NOUN,negative,- s,12
popsuć się,NOUN,negative,- s,10
popularność,VERB,positive,+ s,1
popularny,ADV,positive,+ s,5
popularyzacja,VERB,positive,+ s,1
populista,VERB,negative,- s,2
populizm,VERB,negative,- s,2
popychadło,VERB,negative,- m,2
popychle,VERB,negative,- s,2
popychło,VERB,negative,- s,2
popęd,VERB,negative,- s,2
popędliwość,VERB,negative,- s,4
popędliwy,ADV,negative,- s,6
popędzić,NOUN,negative,- s,2
popękać,NOUN,negative,- s,2
popłakać,NOUN,negative,- s,6
popłatność,VERB,positive,+ s,2
popłatny,ADV,positive,+ s,2
popłoch,VERB,negative,- m,2
porachunek,VERB,negative,- s,2
porada,VERB,positive,+ s,2
poradnik,VERB,positive,+ s,1
poradny,ADV,positive,+ s,2
poradziecki,ADV,negative,- s,1
poradzić,NOUN,positive,+ s,2
porastać,NOUN,positive,+ s,2
poratować,NOUN,positive,+ s,2
porażający,ADV,negative,- m,6
porażka,VERB,negative,- m,2
porcelitowy,ADV,negative,- s,1
porno-biznes,VERB,negative,- m,1
pornobiznes,VERB,negative,- m,1
pornografia,VERB,negative,- s,1
porobiony,ADV,negative,- m,2
porobić,NOUN,positive,+ s,4
porobić się,NOUN,negative,- s,4
poroniony,ADV,negative,- m,2
porosnąć,NOUN,positive,+ s,2
porozbawiać,NOUN,positive,+ s,2
porozbijać,NOUN,negative,- s,10
porozbijać się,NOUN,negative,- s,12
porozbijać się łokciami,NOUN,negative,- s,1
porozcinać,NOUN,negative,- s,2
porozjeżdżać,NOUN,negative,- s,7
porozjeżdżać się,NOUN,negative,- s,4
porozkładać,NOUN,negative,- s,5
porozumienie,VERB,positive,+ s,3
porozumiewawczy,ADV,positive,+ s,1
porozumiewać się,NOUN,positive,+ s,2
portret pamięciowy,VERB,positive,+ s,1
porwanie,VERB,negative,- s,3
porwać,NOUN,negative,- s,2
poryczeć,NOUN,negative,- s,7
porysować,NOUN,negative,- s,2
porywacz,VERB,negative,- m,2
porywający,ADV,positive,+ m,2
porywczość,VERB,negative,- m,2
porywczy,ADV,negative,- s,4
porywistość,VERB,negative,- s,2
porywisty,ADV,negative,- s,5
porzygać,NOUN,negative,- s,2
porzygać się,NOUN,negative,- s,2
porządeczek,VERB,positive,+ s,2
porządek,VERB,positive,+ s,5
porządek publiczny,VERB,positive,+ s,2
porządek społeczny,VERB,positive,+ s,2
porządkować,NOUN,positive,+ s,9
porządność,VERB,positive,+ s,3
porządny,ADV,positive,+ s,9
porządzić,NOUN,negative,- s,4
porządzić się,NOUN,negative,- s,5
porównywalność,VERB,positive,+ s,1
poróżniony,ADV,negative,- s,2
poręczać,NOUN,positive,+ s,4
poręczenie,VERB,positive,+ s,2
poręczność,VERB,positive,+ s,4
poręczny,ADV,positive,+ s,4
poręczyć,NOUN,positive,+ s,4
posadawiać się,NOUN,negative,- s,1
posadowić się,NOUN,negative,- s,1
posażny,ADV,positive,+ s,2
poschnąć,NOUN,negative,- s,10
poschodzić,NOUN,negative,- s,16
poschły,ADV,negative,- s,2
poseł dietetyczny,VERB,negative,- s,2
posiadacz,VERB,positive,+ s,1
posiadać,NOUN,positive,+ s,1
posiastny,ADV,positive,+ s,4
posiać,NOUN,negative,- s,6
posilny,ADV,positive,+ s,2
posiniały,ADV,negative,- s,2
posiłki,VERB,positive,+ s,1
poskromiciel,VERB,positive,+ s,3
poskubać,NOUN,negative,- s,3
poskładać,NOUN,negative,- s,2
poskładać się,NOUN,negative,- s,5
posmutniały,ADV,negative,- s,4
posnąć,NOUN,negative,- s,2
posowiecki,ADV,negative,- s,1
pospierać,NOUN,positive,+ s,2
pospierać się,NOUN,negative,- s,6
pospieszać,NOUN,positive,+ s,1
pospieszny,ADV,negative,- s,2
pospieszyć,NOUN,positive,+ s,2
pospinningować,NOUN,positive,+ s,1
posplatać się,NOUN,positive,+ s,1
pospolitak,VERB,negative,- m,2
pospolitość,VERB,negative,- s,2
pospolity,ADV,negative,- s,2
pospólstwo,VERB,negative,- s,3
postanowienie,VERB,positive,+ s,1
postarzały,ADV,negative,- s,4
postawić,NOUN,positive,+ s,10
postawić na nogi,NOUN,positive,+ s,4
postawić na ostrzu noża,NOUN,negative,- m,2
postawność,VERB,positive,+ m,2
postawny,ADV,positive,+ s,2
postać,VERB,positive,+ s,2
posterować,NOUN,positive,+ s,3
posterunek,VERB,positive,+ s,1
postfeudalny,ADV,negative,- s,2
postkomuna,VERB,negative,- s,3
postkomunista,VERB,negative,- s,1
postkomunistyczny,ADV,negative,- s,2
postrach,VERB,negative,- m,6
postrzeleniec,VERB,negative,- m,2
postrzępić gębę,NOUN,negative,- s,2
postrzępić jęzor,NOUN,negative,- s,2
postrzępić język,NOUN,negative,- s,2
postsowiecki,ADV,negative,- s,1
posttotalitarny,ADV,negative,- s,2
postęp,VERB,positive,+ s,2
postęp biologiczny,VERB,positive,+ s,1
postęp techniczny,VERB,positive,+ s,1
postępactwo,VERB,negative,- m,2
postępak,VERB,negative,- s,2
postępek,VERB,negative,- m,2
postępowiec,VERB,negative,- s,1
postępowość,VERB,positive,+ m,2
postępowy,ADV,positive,+ s,2
posucha,VERB,negative,- s,3
posuwistość,VERB,positive,+ s,2
posypać,NOUN,negative,- s,4
posypać się,NOUN,negative,- s,8
posyłanie uśmiechu,VERB,positive,+ s,2
poszarzały,ADV,negative,- s,4
poszczekać,NOUN,negative,- s,7
poszczekiwać,NOUN,negative,- s,7
poszczerbić,NOUN,negative,- s,3
poszczuć,NOUN,negative,- s,6
poszerszeniały,ADV,negative,- s,2
poszerzyć,NOUN,positive,+ s,1
poszkodowana,VERB,negative,- s,2
poszkodowany,VERB,negative,- s,2
poszpanować,NOUN,negative,- s,2
poszturchać,NOUN,negative,- s,4
poszukać,NOUN,positive,+ s,3
poszukiwaczka,VERB,positive,+ s,1
poszukiwany,ADV,positive,+ s,2
poszukiwać,NOUN,positive,+ s,3
posągowy,ADV,positive,+ s,2
posępność,VERB,negative,- m,2
posępny,ADV,negative,- s,7
posłannictwo,VERB,positive,+ s,1
posłodzić,NOUN,negative,- s,1
posłuch,VERB,positive,+ s,2
posługa,VERB,positive,+ s,1
posłuszny,ADV,positive,+ s,4
potakiewicz,VERB,negative,- m,2
potakiwacz,VERB,negative,- m,2
potargany,ADV,negative,- s,2
potargać,NOUN,negative,- s,11
potaszczyć,NOUN,negative,- s,2
potańc,VERB,positive,+ s,2
potencja,VERB,positive,+ s,1
potencjał,VERB,positive,+ s,2
potestować,NOUN,positive,+ s,1
potliwy,ADV,negative,- s,2
potoczysty,ADV,positive,+ s,2
potok,VERB,negative,- s,3
potop,VERB,negative,- m,2
potopić,NOUN,negative,- s,20
potopić się,NOUN,negative,- s,7
potowarzyszyć,NOUN,positive,+ s,3
potrafić,NOUN,positive,+ s,1
potrzeba,VERB,positive,+ s,4
potrzebność,VERB,positive,+ s,2
potrzebujący,VERB,negative,- s,2
potrącenie,VERB,negative,- s,1
potrądzikowy,ADV,negative,- s,1
potulny,ADV,negative,- s,3
potwarca,VERB,negative,- m,2
potwarczy,ADV,negative,- s,2
potwarzać,NOUN,negative,- s,1
potwarzyć,NOUN,negative,- s,1
potwierdzony,ADV,positive,+ s,2
potwora,VERB,negative,- m,2
potworek,VERB,negative,- s,2
potworkowaty,ADV,negative,- s,2
potwornie,ADJ,negative,- m,4
potworność,VERB,negative,- m,4
potworny,ADV,negative,- m,7
potwór,VERB,negative,- m,6
potyczka,VERB,negative,- s,2
potępiciel,VERB,negative,- m,2
potępienie,VERB,negative,- m,1
potępieniec,VERB,negative,- s,1
potępieńczy,ADV,negative,- m,8
potępiony,VERB,negative,- s,1
potężny,ADV,positive,+ m,4
potłuc,NOUN,negative,- s,2
pouchodzić,NOUN,negative,- s,2
poucinać,NOUN,positive,+ s,16
poucinać się,NOUN,negative,- s,10
pouczający,ADV,positive,+ s,2
poufały,ADV,negative,- s,2
poufny,ADV,positive,+ s,2
pourazowy,ADV,negative,- s,2
poustawiać,NOUN,positive,+ s,10
poustawiać się,NOUN,positive,+ s,1
pousychać,NOUN,negative,- s,7
powab,VERB,positive,+ s,5
powabny,ADV,positive,+ s,7
powaga,VERB,positive,+ s,4
poważnie,ADJ,negative,- s,3
poważnić się,NOUN,negative,- s,1
poważność,VERB,positive,+ s,2
poważny,ADV,positive,+ s,12
powcinać się,NOUN,negative,- s,10
powdychać,NOUN,positive,+ s,4
powiernica,VERB,positive,+ s,2
powiernik,VERB,positive,+ s,2
powierzchniowy,ADV,negative,- s,2
powierzchowny,ADV,negative,- s,6
powierzyć,NOUN,positive,+ s,2
powieszać,NOUN,negative,- m,2
powietrzny,ADV,positive,+ s,2
powiewny,ADV,positive,+ s,2
powieść brukowa,VERB,negative,- s,1
powijaki,VERB,negative,- s,1
powikłanie,VERB,negative,- s,2
powinszować,NOUN,positive,+ s,2
powiędły,ADV,negative,- s,4
powlec się,NOUN,negative,- s,2
powodzenie,VERB,positive,+ s,3
powodzianin,VERB,negative,- s,2
powolność,VERB,negative,- s,4
powolny,ADV,negative,- s,3
powołanie,VERB,positive,+ s,4
powołany,ADV,positive,+ s,3
powpadać,NOUN,negative,- s,6
powrotny analfabetyzm,VERB,negative,- s,1
powrót na tarczy,VERB,negative,- s,6
powschodzić,NOUN,positive,+ s,2
powsinoga,VERB,negative,- m,2
powtórka z rozrywki,VERB,negative,- s,2
powybaczać,NOUN,positive,+ s,2
powybijać,NOUN,negative,- s,19
powybijać się,NOUN,positive,+ s,5
powycinać,NOUN,positive,+ s,5
powygryzać,NOUN,negative,- s,10
powymądrzać się,NOUN,negative,- s,2
powyrzynać,NOUN,negative,- m,2
powysychać,NOUN,negative,- s,9
powyzywać,NOUN,negative,- s,4
powyżywać się,NOUN,positive,+ s,7
powzdychać,NOUN,negative,- s,2
powąchać,NOUN,negative,- s,1
powątpiewający,ADV,negative,- s,1
powęszyć,NOUN,positive,+ s,4
powłazić,NOUN,negative,- s,11
powłóczyste spojrzenie,VERB,positive,+ s,2
powłóczystość,VERB,positive,+ s,2
powłóczysty,ADV,positive,+ s,1
powściekać,NOUN,negative,- s,3
powściekać się,NOUN,negative,- s,6
powściągliwość,VERB,negative,- s,1
powściągliwy,ADV,positive,+ s,1
poza,VERB,negative,- s,2
pozabawiać,NOUN,positive,+ s,2
pozabawiać się,NOUN,positive,+ s,8
pozabijać,NOUN,negative,- s,7
pozabijać śmiechem,NOUN,negative,- s,2
pozaborowy,ADV,negative,- s,1
pozachodzić,NOUN,negative,- s,3
pozachwycać,NOUN,positive,+ m,2
pozachwycać się,NOUN,positive,+ s,3
pozacinać,NOUN,negative,- s,9
pozaczasowość,VERB,positive,+ m,2
pozaczepiać,NOUN,positive,+ s,4
pozaetyczny,ADV,negative,- s,1
pozahistoryczny,ADV,positive,+ s,2
pozaklasowy,ADV,negative,- s,2
pozakulisowy,ADV,negative,- s,1
pozaludzki,ADV,negative,- s,1
pozamałżeński,ADV,negative,- s,2
pozapominać,NOUN,negative,- s,14
pozaprawny,ADV,negative,- m,1
pozaracjonalny,ADV,negative,- s,1
pozarastać,NOUN,negative,- s,4
pozastawiać,NOUN,negative,- s,5
pozasychać,NOUN,negative,- s,1
pozasypiać,NOUN,negative,- s,7
pozaukładowy,ADV,positive,+ s,2
pozawałowy,ADV,negative,- s,1
pozawierać,NOUN,positive,+ s,3
pozbaczać,NOUN,negative,- s,3
pozbawienie,VERB,negative,- s,1
pozbawić,NOUN,negative,- s,2
pozbierać,NOUN,positive,+ s,6
pozbijać,NOUN,positive,+ s,6
pozbijać bąki,NOUN,negative,- s,1
pozbijać się,NOUN,negative,- s,2
pozbijać z pantałyku,NOUN,negative,- s,2
pozdrawiać,NOUN,positive,+ s,2
pozer,VERB,negative,- m,2
pozerski,ADV,negative,- m,2
pozestawiać,NOUN,positive,+ s,2
pozew,VERB,negative,- s,1
pozieleniały,ADV,negative,- s,4
pozielenieć,NOUN,negative,- s,5
poziewać,NOUN,negative,- s,2
poziomy,ADV,negative,- s,2
poznawalny,ADV,positive,+ s,1
poznawać,NOUN,positive,+ s,2
poznać,NOUN,positive,+ s,2
pozoracyjny,ADV,negative,- s,2
pozorancki,ADV,negative,- s,2
pozorant,VERB,negative,- s,2
pozorność,VERB,negative,- s,2
pozorny,ADV,negative,- s,2
pozostawiać,NOUN,negative,- s,19
pozostawić,NOUN,positive,+ s,16
pozostałość,VERB,negative,- s,2
pozyskać,NOUN,positive,+ s,2
pozytyw,VERB,positive,+ s,3
pozytywnie,ADJ,positive,+ s,2
pozytywność,VERB,positive,+ s,4
pozytywny,ADV,positive,+ s,10
pozór,VERB,negative,- s,2
poćwiczyć,NOUN,positive,+ s,1
połakomić się,NOUN,negative,- s,2
połamaniec,VERB,negative,- s,1
połaszczyć się,NOUN,negative,- s,2
położyć,NOUN,negative,- s,1
położyć głowę pod ewangelię,NOUN,negative,- s,2
położyć się cieniem,NOUN,negative,- s,3
położyć zdrową głowę pod ewangelię,NOUN,negative,- s,2
połyskać,NOUN,negative,- s,2
połyskiwać,NOUN,positive,+ s,2
połączyć,NOUN,positive,+ s,6
pościg,VERB,negative,- s,1
pościnać,NOUN,negative,- s,2
pośledni,ADV,negative,- s,5
poślizg,VERB,negative,- s,2
pośmiać się,NOUN,positive,+ s,4
pośmiewisko,VERB,negative,- s,3
pośpieszać,NOUN,positive,+ s,1
pośpieszyć,NOUN,positive,+ s,2
pośpiewać,NOUN,negative,- s,1
poświęcony,ADV,positive,+ m,2
poświętować,NOUN,positive,+ s,2
pożarek,VERB,negative,- s,2
pożartować,NOUN,positive,+ s,2
pożegnanie,VERB,negative,- s,1
pożeracz,VERB,negative,- s,2
pożeracz damskich serc,VERB,negative,- s,2
pożeracz niewieścich serc,VERB,negative,- s,2
pożeracz serc,VERB,negative,- s,2
pożoga,VERB,negative,- m,3
pożyteczność,VERB,positive,+ s,2
pożyteczny,ADV,positive,+ s,2
pożyteczny idiota,VERB,negative,- s,2
pożytek,VERB,positive,+ s,2
pożywka,VERB,negative,- s,1
pożywny,ADV,positive,+ s,2
pożółkły,ADV,negative,- s,2
pożądanie,VERB,negative,- s,7
pożądany,ADV,positive,+ m,2
pożądliwy,ADV,negative,- s,4
pracochłonność,VERB,negative,- s,2
pracochłonny,ADV,negative,- s,2
pracoholik,VERB,positive,+ s,2
pracooszczędny,ADV,positive,+ s,2
pracować,NOUN,positive,+ s,2
pracowitość,VERB,positive,+ s,2
pracowity,ADV,positive,+ s,5
pradawny,ADV,negative,- s,2
pragmatyczność,VERB,positive,+ m,4
pragmatyczny,ADV,positive,+ s,4
pragnienie,VERB,negative,- s,3
pragnący,VERB,negative,- s,2
pragnąć,NOUN,positive,+ s,3
praktycystyczny,ADV,positive,+ s,2
praktyczność,VERB,positive,+ s,4
praktyczny,ADV,positive,+ s,8
praktyka,VERB,positive,+ s,1
pranie brudnych pieniędzy,VERB,negative,- s,3
pranie pieniędzy,VERB,negative,- s,2
praprababcia,VERB,positive,+ s,1
prasowy,ADV,negative,- s,2
prawa człowieka,VERB,positive,+ s,2
prawa ręka,VERB,positive,+ s,2
prawda,VERB,positive,+ s,4
prawdomówny,ADV,positive,+ s,6
prawdziwie,ADJ,positive,+ m,4
prawdziwy,ADV,positive,+ s,14
prawicowonacjonalistyczny,ADV,negative,- s,1
prawiczek,VERB,negative,- s,4
prawidłowy,ADV,positive,+ s,3
prawnictwo,VERB,negative,- m,1
prawność,VERB,positive,+ s,2
prawnuczek,VERB,positive,+ s,2
prawo,VERB,positive,+ s,2
prawo dżungli,VERB,negative,- s,2
prawo pięści,VERB,negative,- s,2
prawomocny,ADV,positive,+ s,2
prawomyślny,ADV,positive,+ s,1
praworządność,VERB,positive,+ s,4
praworządny,ADV,positive,+ s,7
prawowitość,VERB,positive,+ s,2
prawość,VERB,positive,+ m,2
prawy,ADV,positive,+ s,4
prać,NOUN,negative,- s,11
prać się,NOUN,positive,+ s,3
prażyć,NOUN,negative,- s,4
prażyć się,NOUN,positive,+ s,4
prażący,ADV,negative,- s,3
precjoza,VERB,positive,+ s,1
precyzja,VERB,positive,+ s,2
precyzyjnie,ADJ,positive,+ s,2
precyzyjność,VERB,positive,+ s,2
precyzyjny,ADV,positive,+ s,7
preferencja,VERB,positive,+ s,1
preferencyjny,ADV,positive,+ s,2
prehistoryczny,ADV,negative,- s,2
prekursor,VERB,positive,+ s,2
prekursorski,ADV,positive,+ s,3
premedytacja,VERB,negative,- s,5
premia,VERB,positive,+ s,4
prepotencja,VERB,negative,- s,2
presja,VERB,negative,- s,3
pressing,VERB,negative,- s,1
prestiż,VERB,positive,+ s,2
prestiżowy,ADV,positive,+ m,2
pretekst,VERB,positive,+ s,4
pretensja,VERB,negative,- m,2
pretensjonalność,VERB,negative,- s,3
pretensjonalny,ADV,negative,- s,6
pretorianin,VERB,negative,- s,1
prewencyjny,ADV,positive,+ s,2
prezencyjny,ADV,positive,+ s,2
prezentować,NOUN,positive,+ s,1
priorytet,VERB,positive,+ s,4
priorytetowy,ADV,positive,+ s,1
prl-owski,ADV,negative,- s,2
problem,VERB,negative,- s,4
problematyczność,VERB,negative,- s,2
problematyczny,ADV,negative,- s,5
problemik,VERB,negative,- s,2
problemowość,VERB,negative,- s,2
problemowy,ADV,negative,- s,5
proceder,VERB,negative,- s,2
procentować,NOUN,positive,+ s,2
produkcja,VERB,positive,+ s,1
produkt tradycyjny,VERB,positive,+ s,1
produktywność,VERB,positive,+ s,3
produktywny,ADV,positive,+ s,10
proekologiczny,ADV,positive,+ s,1
profan,VERB,negative,- m,4
profanacja,VERB,negative,- m,2
profanator,VERB,negative,- m,2
profaszystowski,ADV,negative,- s,1
profesjonalista,VERB,positive,+ m,2
profesjonalistka,VERB,positive,+ s,2
profesjonalizm,VERB,positive,+ m,2
profesjonalizować,NOUN,positive,+ s,2
profesjonalizować się,NOUN,positive,+ s,1
profesjonalny,ADV,positive,+ s,12
profesjonał,VERB,positive,+ m,2
profesorek,VERB,negative,- s,2
profesorski,ADV,positive,+ s,3
profilaktyczny,ADV,positive,+ s,2
profit,VERB,positive,+ s,5
profuzja,VERB,positive,+ s,2
progowy,ADV,negative,- s,2
program antywirusowy,VERB,positive,+ s,1
programowy,ADV,positive,+ s,1
progres,VERB,positive,+ m,2
progresista,VERB,negative,- s,2
progresizm,VERB,positive,+ m,2
progresyjny,ADV,positive,+ s,1
progresywizm,VERB,positive,+ m,2
progresywność,VERB,positive,+ m,2
progresywny,ADV,positive,+ s,2
prohitlerowski,ADV,negative,- s,1
proinwestycyjny,ADV,positive,+ s,2
projekt,VERB,positive,+ s,1
projektować,NOUN,positive,+ s,3
prokuratorski,ADV,negative,- s,2
proletariacki,ADV,negative,- s,2
proletariat,VERB,negative,- s,1
promienieć,NOUN,positive,+ s,3
promieniowanie,VERB,positive,+ s,2
promienistość,VERB,positive,+ s,2
promienisty,ADV,positive,+ s,6
promienność,VERB,positive,+ s,2
promienny,ADV,positive,+ s,13
promień,VERB,positive,+ s,2
prominencki,ADV,positive,+ s,3
prominentny,ADV,positive,+ s,2
promiskuityzm,VERB,negative,- s,2
promocja,VERB,positive,+ s,1
promocyjny,ADV,positive,+ s,2
promować,NOUN,positive,+ s,3
promyk,VERB,positive,+ s,2
propaganda,VERB,negative,- s,2
propagandowy,ADV,negative,- s,3
propagandysta,VERB,negative,- m,2
propagandzista,VERB,negative,- m,2
proporcjonalny,ADV,positive,+ s,2
propozycja,VERB,positive,+ s,1
prorozwojowy,ADV,positive,+ s,1
prosiaczek,VERB,positive,+ s,2
prosię,VERB,negative,- s,2
prospektywny,ADV,positive,+ s,2
prosperity,VERB,positive,+ s,3
prospołeczny,ADV,positive,+ s,1
prosta,VERB,positive,+ s,2
prostacki,ADV,negative,- s,7
prostacko,ADJ,negative,- s,2
prostackość,VERB,negative,- m,4
prostactwo,VERB,negative,- m,2
prostaczek,VERB,negative,- s,2
prostaczość,VERB,negative,- m,2
prostaczy,ADV,negative,- m,2
prostak,VERB,negative,- m,2
prostoduszny,ADV,positive,+ s,4
prostota,VERB,positive,+ s,4
prostować,NOUN,positive,+ s,2
prostość,VERB,negative,- s,2
prosty,ADV,positive,+ s,5
prosty jak kij,ADV,positive,+ s,3
prostytucja,VERB,negative,- m,2
prostytuować,NOUN,negative,- s,8
proszący,ADV,negative,- s,1
protekcjonalizm,VERB,negative,- m,2
protekcjonalność,VERB,negative,- m,2
protekcjonalny,ADV,negative,- s,5
protekcjonistyczny,ADV,negative,- s,2
protekcjonizm,VERB,negative,- s,2
protekcyjny,ADV,negative,- s,5
proteusz,VERB,negative,- m,2
proteuszowy,ADV,negative,- s,2
protezować,NOUN,negative,- s,1
protokolaryzm,VERB,negative,- s,2
protokólaryzm,VERB,negative,- s,2
protokół,VERB,positive,+ s,1
prototypowość,VERB,positive,+ s,2
prowadzenie,VERB,positive,+ s,1
prowadzić,NOUN,positive,+ s,1
prowincja,VERB,negative,- s,4
prowincjonalizm,VERB,negative,- s,2
prowincjonalność,VERB,negative,- s,2
prowincjonalny,ADV,negative,- s,4
prowincjusz,VERB,negative,- s,2
prowizorium,VERB,negative,- s,2
prowizorka,VERB,negative,- s,2
prowizoryczność,VERB,negative,- s,2
prowizoryczny,ADV,negative,- s,2
prowodyr,VERB,negative,- s,2
prowok,VERB,negative,- s,2
prowokacyjny,ADV,negative,- m,1
prowokator,VERB,negative,- m,2
prozwierzęcy,ADV,positive,+ s,4
prościutki,ADV,negative,- s,6
pruderyjny,ADV,negative,- s,4
prukwa,VERB,negative,- m,2
pruski,ADV,negative,- s,1
pryczyć,NOUN,negative,- s,2
pryk,VERB,negative,- s,3
prym,VERB,positive,+ s,2
prymarność,VERB,positive,+ m,2
prymityw,VERB,negative,- m,4
prymitywizm,VERB,negative,- m,2
prymitywność,VERB,negative,- s,9
prymitywny,ADV,negative,- m,6
prymus,VERB,positive,+ m,2
pryncypialista,VERB,negative,- s,2
prynuka,VERB,negative,- s,1
pryszcz,VERB,negative,- s,2
pryszczaty,ADV,negative,- s,3
pryszczaty,VERB,negative,- m,2
prywaciarz,VERB,negative,- s,2
prywata,VERB,negative,- s,2
prywatniak,VERB,negative,- s,1
prywatność,VERB,positive,+ s,2
prywatny,ADV,positive,+ s,1
przaśność,VERB,negative,- s,2
przaśny,ADV,negative,- s,2
przeanalizować,NOUN,positive,+ s,1
przebabrać się,NOUN,negative,- s,3
przebaczać,NOUN,positive,+ s,3
przebaczenie,VERB,positive,+ s,1
przebaczyć,NOUN,positive,+ s,3
przebadać,NOUN,positive,+ s,9
przebalansować,NOUN,negative,- s,1
przebalować,NOUN,negative,- s,6
przebarwiać,NOUN,negative,- s,2
przebarwiać się,NOUN,negative,- s,1
przebarwić,NOUN,negative,- s,2
przebiegle,ADJ,negative,- s,1
przebiegły,ADV,negative,- s,6
przebieraniec,VERB,negative,- s,6
przebijać,NOUN,positive,+ s,13
przebijać się,NOUN,negative,- s,13
przebić,NOUN,positive,+ s,15
przebić się,NOUN,positive,+ s,12
przebogaty,ADV,positive,+ m,2
przeboje,VERB,negative,- s,2
przebojowość,VERB,positive,+ s,5
przebojowy,ADV,positive,+ s,9
przebrany,ADV,negative,- s,1
przebrzmiały,ADV,negative,- s,2
przebrzydły,ADV,negative,- m,6
przebój,VERB,positive,+ s,2
przebłysk,VERB,positive,+ s,2
przechera,VERB,negative,- s,2
przechodzić,NOUN,positive,+ s,2
przechodzony,ADV,negative,- s,6
przechrzcić,NOUN,negative,- s,2
przechrzta,VERB,negative,- s,3
przechył,VERB,negative,- s,2
przeciekać,NOUN,negative,- s,2
przecierpieć,NOUN,negative,- s,3
przeciwalkoholowy,ADV,positive,+ s,1
przeciwbakteryjnie,ADJ,positive,+ s,1
przeciwbólowo,ADJ,positive,+ s,1
przeciwcukrzycowo,ADJ,positive,+ s,2
przeciwdepresyjnie,ADJ,positive,+ s,4
przeciwgrypowo,ADJ,positive,+ s,2
przeciwgrzybicznie,ADJ,positive,+ s,2
przeciwgrzybiczo,ADJ,positive,+ s,2
przeciwieństwo,VERB,negative,- s,3
przeciwlękowo,ADJ,positive,+ s,2
przeciwnik,VERB,negative,- s,2
przeciwność,VERB,negative,- m,2
przeciwny,ADV,negative,- s,3
przeciwstarzeniowo,ADJ,positive,+ s,1
przeciwstawiać się,NOUN,negative,- m,1
przeciwstawić się,NOUN,positive,+ s,2
przeciwwaga,VERB,positive,+ s,2
przeciwwibracyjny,ADV,positive,+ s,1
przeciwwskazany,ADV,negative,- s,1
przeciwwymiotnie,ADJ,positive,+ s,1
przeciwzapalnie,ADJ,positive,+ s,2
przeciwżylakowo,ADJ,positive,+ s,2
przeciąg,VERB,negative,- s,1
przeciągły,ADV,negative,- s,1
przeciętniak,VERB,negative,- m,2
przecudność,VERB,positive,+ m,2
przecudny,ADV,positive,+ m,2
przecudowny,ADV,positive,+ m,10
przeczekać,NOUN,negative,- s,5
przeczulenie,VERB,negative,- m,2
przeczulony,ADV,negative,- s,2
przeczuwalny,ADV,positive,+ s,1
przeczystość,VERB,positive,+ s,2
przeczysty,ADV,positive,+ m,4
przeczytać,NOUN,positive,+ s,1
przeczyścić,NOUN,positive,+ s,1
przeczący,ADV,negative,- s,2
przedajny,ADV,negative,- s,4
przedawczyk,VERB,negative,- m,2
przedawkować,NOUN,negative,- s,3
przedawkowywać,NOUN,negative,- m,2
przedenerwowany,ADV,negative,- s,2
przedhistoryczny,ADV,negative,- s,1
przedkryzysowy,ADV,negative,- s,3
przedmiot kultu,VERB,positive,+ s,1
przedmiotowy,ADV,positive,+ s,3
przedni,ADV,positive,+ s,2
przedobry,ADV,positive,+ m,4
przedoskonały,ADV,positive,+ m,2
przedpiekle,VERB,negative,- s,3
przedpotopowość,VERB,negative,- s,2
przedpotopowy,ADV,negative,- s,4
przedreptywać,NOUN,negative,- s,4
przedrzemać,NOUN,positive,+ s,4
przedsiębiorczość,VERB,positive,+ m,2
przedsiębiorczy,ADV,positive,+ s,3
przedsięwzięcie,VERB,positive,+ s,1
przedstawiać,NOUN,positive,+ s,2
przedstawiciel,VERB,positive,+ s,1
przedstawić,NOUN,positive,+ s,5
przedszkole,VERB,negative,- s,2
przedwczesność,VERB,negative,- s,2
przedwczorajszy,ADV,negative,- s,2
przedłużyć,NOUN,positive,+ s,1
przedświt,VERB,positive,+ s,2
przefermentować,NOUN,positive,+ s,2
przefermentowywać,NOUN,positive,+ s,2
przegadany,ADV,negative,- s,2
przegięcie,VERB,negative,- s,4
przegląd,VERB,positive,+ s,2
przegra,VERB,negative,- s,5
przegrana,VERB,negative,- m,4
przegraniec,VERB,negative,- m,2
przegrany,ADV,negative,- s,8
przegrany,VERB,negative,- s,2
przegryw,VERB,negative,- s,3
przehandlować,NOUN,negative,- s,3
przeidealny,ADV,positive,+ m,2
przeinaczać,NOUN,negative,- s,2
przeintelektualizować,NOUN,negative,- s,2
przeintelektualizować się,NOUN,negative,- s,2
przejechać,NOUN,positive,+ s,7
przejechać się,NOUN,negative,- s,8
przejednać,NOUN,positive,+ s,6
przejednać się,NOUN,positive,+ s,1
przejednywać,NOUN,positive,+ s,6
przejednywać się,NOUN,positive,+ s,1
przejedzenie,VERB,negative,- s,2
przejedzony,ADV,negative,- s,2
przejeździć,NOUN,negative,- s,3
przejeżdżać,NOUN,positive,+ s,10
przejeżdżać się,NOUN,positive,+ s,7
przejmująco,ADJ,negative,- s,2
przejrzały,ADV,negative,- s,5
przejrzeć,NOUN,positive,+ s,1
przejrzysty,ADV,positive,+ s,6
przejęty,ADV,positive,+ m,2
przejście,VERB,negative,- m,2
przejściówka,VERB,negative,- s,1
przejść,NOUN,positive,+ s,1
przekazać,NOUN,positive,+ s,1
przekimać,NOUN,positive,+ s,4
przeklepać,NOUN,negative,- s,4
przeklepywać,NOUN,negative,- s,1
przekleństwo,VERB,negative,- s,6
przeklętnik,VERB,negative,- m,2
przeklęty,ADV,negative,- m,2
przekompostować,NOUN,negative,- s,1
przekonujący,ADV,positive,+ s,2
przekonywający,ADV,positive,+ s,2
przekonywujący,ADV,positive,+ s,2
przekora,VERB,negative,- s,2
przekorny,ADV,positive,+ s,1
przekozacki,ADV,positive,+ s,2
przekozak,VERB,positive,+ m,2
przekraczać miarę,NOUN,negative,- s,2
przekroczyć miarę,NOUN,negative,- s,2
przekrwiony,ADV,negative,- s,2
przekręciarz,VERB,negative,- m,2
przekręt,VERB,negative,- s,3
przekupny,ADV,negative,- m,2
przekupstwo,VERB,negative,- m,2
przekwitanie,VERB,negative,- s,2
przekwitać,NOUN,negative,- s,4
przekwitnąć,NOUN,negative,- s,4
przekwitły,ADV,negative,- s,5
przekładalność,VERB,positive,+ s,2
przekładalny,ADV,positive,+ s,2
przekłamanie,VERB,negative,- s,2
przekłamany,ADV,negative,- m,2
przeliczalny,ADV,positive,+ s,2
przeludnienie,VERB,negative,- s,2
przeludniony,ADV,negative,- s,2
przelęknienie,VERB,negative,- m,2
przelękniony,ADV,negative,- s,2
przelękły,ADV,negative,- s,2
przemaglować,NOUN,negative,- s,7
przemarznięty,ADV,negative,- s,2
przemarzły,ADV,negative,- s,2
przemglony,ADV,negative,- s,1
przemierzły,ADV,negative,- s,7
przemieszać,NOUN,negative,- s,8
przemieszać się,NOUN,negative,- s,2
przemijający,ADV,negative,- s,1
przemijalny,ADV,negative,- s,2
przemiękły,ADV,negative,- s,2
przemiły,ADV,positive,+ m,6
przemoc,VERB,negative,- s,3
przemoczony,ADV,negative,- s,2
przemodelować,NOUN,positive,+ s,1
przemoknięty,ADV,negative,- s,2
przemokły,ADV,negative,- s,2
przemyt,VERB,negative,- s,5
przemytnictwo,VERB,negative,- s,2
przemytnik,VERB,negative,- m,2
przemyślany,ADV,positive,+ s,2
przemyśleć,NOUN,positive,+ s,2
przemyślność,VERB,positive,+ m,2
przemyślny,ADV,positive,+ s,4
przemóc,NOUN,positive,+ s,2
przemądry,ADV,negative,- s,4
przemądrzalec,VERB,negative,- m,2
przemądrzalstwo,VERB,negative,- m,2
przemądrzałość,VERB,negative,- m,2
przemądrzały,ADV,negative,- s,4
przemęczenie,VERB,negative,- s,2
przemęczony,ADV,negative,- s,2
przenajdroższy,ADV,positive,+ m,2
przenajświętszy,ADV,positive,+ m,2
przenawozić,NOUN,negative,- s,2
przenicować,NOUN,negative,- s,5
przenicować się,NOUN,negative,- s,2
przenicowywać,NOUN,negative,- s,3
przenicowywać się,NOUN,negative,- s,1
przeniewierca,VERB,negative,- m,2
przeniewierczy,ADV,negative,- m,4
przenikliwość,VERB,positive,+ s,5
przenikliwy,ADV,negative,- s,6
przeobfity,ADV,positive,+ m,1
przeogromny,ADV,negative,- m,2
przeokropny,ADV,negative,- m,8
przeorganizować,NOUN,positive,+ s,1
przeorganizowywać,NOUN,positive,+ s,1
przepadły,ADV,negative,- s,2
przepalić,NOUN,negative,- s,2
przepastnie,ADJ,negative,- s,2
przepastny,ADV,negative,- s,5
przepaścisty,ADV,negative,- s,2
przepaść,VERB,negative,- m,1
przepełnienie,VERB,negative,- s,2
przepierać,NOUN,positive,+ s,1
przepis,VERB,positive,+ s,2
przepisać,NOUN,negative,- s,2
przepity,ADV,negative,- s,9
przepiękność,VERB,positive,+ m,2
przepiękny,ADV,positive,+ m,4
przepocony,ADV,negative,- m,2
przepoczwarzać się,NOUN,negative,- s,1
przepoczwarzyć,NOUN,negative,- s,2
przepotężny,ADV,positive,+ m,6
przepracowany,ADV,negative,- m,2
przeprawa,VERB,negative,- s,4
przeprać,NOUN,positive,+ s,9
przeprać się,NOUN,positive,+ s,1
przeprzeć,NOUN,positive,+ s,2
przepych,VERB,positive,+ s,2
przepychanka,VERB,negative,- s,4
przepysznie,ADJ,positive,+ s,2
przepyszny,ADV,positive,+ s,7
przepłacić,NOUN,negative,- s,2
przerabiać,NOUN,negative,- s,2
przerabiać na szaro,NOUN,negative,- s,2
przerasowany,ADV,negative,- s,5
przerastać,NOUN,negative,- s,4
przeraźliwie,ADJ,negative,- m,2
przeraźliwość,VERB,negative,- s,5
przeraźliwy,ADV,negative,- m,4
przerażająco,ADJ,negative,- m,2
przerażający,ADV,negative,- m,6
przerażenie,VERB,negative,- m,2
przerażony,ADV,negative,- s,4
przereklamować,NOUN,negative,- s,2
przerobić,NOUN,negative,- s,2
przerobić na szaro,NOUN,negative,- s,2
przerosnąć,NOUN,positive,+ s,8
przerost,VERB,negative,- s,3
przerosły,ADV,negative,- s,2
przerwa w życiorysie,VERB,negative,- s,5
przerybiony,ADV,negative,- s,2
przerysować,NOUN,negative,- s,3
przerysowywać,NOUN,negative,- s,2
przerznąć,NOUN,negative,- s,3
przerzynać,NOUN,negative,- s,3
przerżnąć,NOUN,negative,- m,4
przesada,VERB,negative,- s,3
przesada poprawnościowa,VERB,negative,- m,1
przesadna poprawność,VERB,negative,- m,1
przesadność,VERB,negative,- s,2
przesadny,ADV,negative,- s,2
przesadyzm,VERB,negative,- s,2
przesadzony,ADV,negative,- s,2
przesiać,NOUN,positive,+ s,3
przesiedlenie,VERB,negative,- m,2
przesilenie wiosenne,VERB,negative,- s,2
przeskok,VERB,negative,- s,2
przesmaczny,ADV,positive,+ m,1
przesmutny,ADV,negative,- s,10
przesolić,NOUN,negative,- s,2
przespać się,NOUN,positive,+ s,2
przestarzałość,VERB,negative,- s,3
przestarzały,ADV,negative,- s,4
przestawać,NOUN,negative,- s,2
przestawiać się,NOUN,negative,- s,1
przestawić się,NOUN,negative,- s,1
przestrach,VERB,negative,- m,2
przestraszny,ADV,negative,- m,4
przestraszony,ADV,negative,- s,2
przestronny,ADV,positive,+ s,2
przestrzegać,NOUN,negative,- s,2
przestudiować,NOUN,positive,+ s,1
przestępca,VERB,negative,- m,2
przestępczość,VERB,negative,- m,2
przestępczy,ADV,negative,- s,2
przestępstwo,VERB,negative,- s,2
przestępstwo kryminalne,VERB,negative,- m,1
przesubtelny,ADV,positive,+ s,3
przesuszony,ADV,negative,- s,1
przesympatyczny,ADV,positive,+ m,6
przesypiać,NOUN,negative,- s,2
przesypiać się,NOUN,positive,+ s,2
przesyt,VERB,negative,- s,4
przeszkoda,VERB,negative,- s,2
przeszmuglować,NOUN,negative,- s,4
przeszywająco,ADJ,negative,- s,2
przesąd,VERB,negative,- s,2
przesądność,VERB,negative,- m,2
przesądny,ADV,negative,- s,4
przesądzający,ADV,positive,+ s,1
przesławny,ADV,positive,+ m,2
przesłodki,ADV,positive,+ m,6
przesłodzony,ADV,negative,- s,2
przesłuchać,NOUN,positive,+ s,2
przetaczać,NOUN,negative,- s,1
przetaczać się,NOUN,negative,- s,3
przetapiać,NOUN,positive,+ s,2
przetarg,VERB,negative,- s,2
przetopić,NOUN,positive,+ s,2
przetrwać,NOUN,positive,+ s,1
przetrzymywać,NOUN,negative,- s,2
przetłumaczalny,ADV,positive,+ s,1
przetłumaczyć,NOUN,positive,+ s,2
przetłuszczony,ADV,negative,- s,2
przeuczyć,NOUN,negative,- s,2
przeuczyć się,NOUN,negative,- s,2
przeuroczy,ADV,positive,+ m,4
przewalanka,VERB,negative,- s,2
przewał,VERB,negative,- s,2
przewałkować,NOUN,positive,+ s,4
przewidujący,ADV,positive,+ s,2
przewidywalny,ADV,positive,+ s,4
przewiercać,NOUN,negative,- s,4
przewiercać się,NOUN,negative,- s,2
przewiercić,NOUN,negative,- s,4
przewiercić się,NOUN,negative,- s,2
przewiewny,ADV,positive,+ s,2
przewina,VERB,negative,- s,3
przewinienie techniczne,VERB,negative,- s,1
przewlekle,ADJ,negative,- s,1
przewlekłość,VERB,negative,- s,2
przewlekły,ADV,negative,- s,2
przewodnik,VERB,positive,+ s,2
przewodzić,NOUN,positive,+ s,2
przewrażliwienie,VERB,negative,- m,2
przewrażliwiony,ADV,negative,- m,2
przewrotka,VERB,positive,+ s,1
przewrotnik,VERB,negative,- m,2
przewrotność,VERB,negative,- m,2
przewrotny,ADV,negative,- s,4
przewrotowy,ADV,negative,- m,1
przewspaniały,ADV,positive,+ m,12
przewyborny,ADV,positive,+ m,6
przewyższać,NOUN,positive,+ s,1
przewyższyć,NOUN,positive,+ s,2
przezabawny,ADV,positive,+ s,4
przezacny,ADV,positive,+ m,6
przeznaczenie,VERB,positive,+ s,3
przezorność,VERB,positive,+ s,4
przezorny,ADV,positive,+ s,4
przezwyciężyć,NOUN,positive,+ s,2
przełamać,NOUN,positive,+ s,2
przełom,VERB,positive,+ s,3
przełomowy,ADV,positive,+ m,2
przełzawiony,ADV,negative,- s,5
prześladowanie,VERB,negative,- m,2
prześladowany,VERB,negative,- s,2
prześladowca,VERB,negative,- m,2
prześliczność,VERB,positive,+ m,2
prześliczny,ADV,positive,+ s,5
prześmieszny,ADV,positive,+ s,3
prześmiewczy,ADV,negative,- s,2
prześwietny,ADV,positive,+ s,16
prześwięty,ADV,positive,+ m,2
przeźroczysty,ADV,positive,+ s,2
przeżarty,ADV,negative,- s,3
przeżuwać,NOUN,positive,+ s,3
przeżytek,VERB,negative,- s,2
przeżyty,ADV,negative,- s,2
przeżywalność,VERB,positive,+ s,2
przodować,NOUN,positive,+ s,2
przodownik,VERB,positive,+ s,2
przodownik pracy,VERB,positive,+ s,4
prztyczek,VERB,negative,- s,2
prztyk,VERB,negative,- s,2
prztyknięcie,VERB,negative,- s,2
przy kości,ADV,negative,- s,2
przy zdrowych zmysłach,ADV,positive,+ s,2
przybierać,NOUN,positive,+ s,2
przybijać,NOUN,positive,+ s,13
przybity,ADV,negative,- s,5
przybić,NOUN,positive,+ s,9
przybladły,ADV,negative,- s,2
przyblakły,ADV,negative,- s,2
przybliżać,NOUN,positive,+ s,1
przybliżoność,VERB,negative,- s,2
przybrany,ADV,positive,+ s,2
przybytek,VERB,positive,+ s,3
przybłęda,VERB,negative,- m,2
przycementować,NOUN,positive,+ s,3
przycementować się,NOUN,positive,+ s,3
przychodowość,VERB,positive,+ s,2
przychwycić,NOUN,positive,+ s,3
przychwycić się,NOUN,positive,+ s,1
przychwytywać,NOUN,positive,+ s,1
przychwytywać się,NOUN,positive,+ s,1
przychylność,VERB,positive,+ s,6
przychylny,ADV,positive,+ s,6
przyciasno,ADJ,negative,- s,4
przyciasny,ADV,negative,- s,4
przycinać,NOUN,negative,- s,10
przyciągający,ADV,positive,+ s,2
przyciąć,NOUN,negative,- s,10
przyciężki,ADV,negative,- s,20
przyciężko,ADJ,negative,- s,15
przyczepiać się,NOUN,negative,- s,4
przyczepić się,NOUN,negative,- s,11
przyczepność,VERB,positive,+ s,1
przyczerniać,NOUN,negative,- s,2
przyczernić,NOUN,negative,- s,2
przyczynkarz,VERB,negative,- s,2
przydatność,VERB,positive,+ s,2
przydatny,ADV,positive,+ s,2
przydawać,NOUN,positive,+ s,2
przydać,NOUN,positive,+ s,2
przydaś,VERB,positive,+ s,1
przydeptany,ADV,negative,- s,2
przyduży,ADV,negative,- s,2
przydługawy,ADV,negative,- s,2
przydługi,ADV,negative,- s,6
przygaszony,ADV,negative,- s,4
przygasły,ADV,negative,- s,4
przygniatający,ADV,negative,- m,2
przygnębiający,ADV,negative,- m,2
przygnębienie,VERB,negative,- m,2
przygnębiony,ADV,negative,- s,5
przygoda,VERB,positive,+ s,2
przygruby,ADV,negative,- s,4
przygłuchy,ADV,negative,- s,2
przygłup,VERB,negative,- m,2
przygłupi,ADV,negative,- s,12
przygłupiasty,ADV,negative,- s,4
przyhołubić,NOUN,positive,+ s,6
przyjaciel,VERB,positive,+ s,5
przyjaciel domu,VERB,positive,+ m,2
przyjaciel rodziny,VERB,positive,+ m,2
przyjacielski,ADV,positive,+ s,11
przyjaciółeczka,VERB,positive,+ s,1
przyjaciółka,VERB,positive,+ m,2
przyjazna dusza,VERB,positive,+ m,2
przyjazność,VERB,positive,+ m,2
przyjazny,ADV,positive,+ s,11
przyjaźny,ADV,positive,+ s,2
przyjaźń,VERB,positive,+ m,2
przyjemniaczek,VERB,negative,- s,1
przyjemniejszy,ADV,positive,+ s,2
przyjemnościowy,ADV,positive,+ s,2
przyjemność,VERB,positive,+ m,2
przyjemny,ADV,positive,+ s,4
przyjmować,NOUN,positive,+ s,2
przyjęty,ADV,positive,+ s,1
przykleić się,NOUN,negative,- s,4
przyklejać się,NOUN,negative,- s,4
przyklepać,NOUN,negative,- s,2
przykopać,NOUN,negative,- s,4
przykrość,VERB,negative,- m,2
przykry,ADV,negative,- s,7
przykrzyć,NOUN,negative,- s,3
przykrzyć się,NOUN,negative,- s,8
przykrótki,ADV,negative,- s,4
przykurzać,NOUN,negative,- s,1
przykurzyć,NOUN,negative,- s,1
przykusy,ADV,negative,- s,2
przykuwać uwagę,NOUN,positive,+ s,2
przykuć uwagę,NOUN,positive,+ s,1
przykład,VERB,positive,+ s,2
przykładny,ADV,positive,+ s,4
przylepa,VERB,positive,+ s,2
przylepiać się,NOUN,negative,- s,2
przylepić się,NOUN,negative,- s,2
przylepka,VERB,positive,+ s,2
przylutować,NOUN,negative,- s,2
przymały,ADV,negative,- s,2
przymierze,VERB,positive,+ s,2
przymulać,NOUN,negative,- s,15
przymulić,NOUN,negative,- s,14
przymurowywać,NOUN,negative,- s,1
przymus,VERB,negative,- s,5
przymusić,NOUN,negative,- s,3
przymusowy,ADV,negative,- s,2
przymuszać,NOUN,negative,- m,2
przymuł,VERB,negative,- m,2
przynależność,VERB,positive,+ s,1
przynudzać,NOUN,negative,- s,4
przynudzić,NOUN,negative,- s,2
przynęta,VERB,positive,+ s,3
przyoszczędzać,NOUN,positive,+ s,2
przypalać,NOUN,negative,- s,4
przypalenizna,VERB,negative,- s,2
przypalić,NOUN,negative,- s,8
przypieprzać się,NOUN,negative,- s,12
przypieprzyć się,NOUN,negative,- s,15
przypierdalać się,NOUN,negative,- s,3
przypierdolić się,NOUN,negative,- s,3
przypisać,NOUN,negative,- s,1
przypisywać,NOUN,positive,+ s,1
przypochlebca,VERB,negative,- m,2
przypochlebny,ADV,negative,- s,4
przyprawiony,ADV,negative,- s,2
przyrastać,NOUN,negative,- s,1
przyrosnąć,NOUN,positive,+ s,2
przyrumienić,NOUN,positive,+ s,3
przyrumienić się,NOUN,positive,+ s,1
przyrznąć,NOUN,negative,- s,1
przyrządzać,NOUN,positive,+ s,1
przysadkowaty,ADV,negative,- s,1
przysadzistość,VERB,negative,- s,2
przysadzisty,ADV,negative,- s,6
przyschnąć,NOUN,negative,- s,8
przysiadły,ADV,negative,- s,2
przysięga,VERB,positive,+ m,2
przysmak,VERB,positive,+ s,2
przysnąć,NOUN,negative,- s,1
przysposabiać,NOUN,positive,+ s,1
przysposobić,NOUN,positive,+ s,1
przyssać się,NOUN,negative,- s,4
przystojniaczek,VERB,positive,+ s,1
przystojniak,VERB,positive,+ m,2
przystojność,VERB,positive,+ m,2
przystojny,ADV,positive,+ s,4
przystęp,VERB,positive,+ s,2
przystępnie,ADJ,positive,+ s,2
przystępność,VERB,positive,+ s,2
przystępny,ADV,positive,+ s,6
przyswajalność,VERB,positive,+ s,1
przyswajalny,ADV,positive,+ s,3
przyswajać,NOUN,positive,+ s,1
przysychać,NOUN,positive,+ s,9
przysypiać,NOUN,negative,- s,4
przysysać się,NOUN,negative,- s,2
przyszarzały,ADV,negative,- s,2
przyszywana ciocia,VERB,positive,+ s,2
przyszywany,ADV,positive,+ s,2
przyszywany wujek,VERB,positive,+ s,2
przyszłościowość,VERB,positive,+ s,2
przyszłościowy,ADV,positive,+ s,2
przyszły,ADV,positive,+ s,1
przysługiwać,NOUN,positive,+ s,2
przytachać,NOUN,negative,- s,3
przytaczać,NOUN,negative,- s,2
przytaczać się,NOUN,negative,- s,2
przytaszczyć,NOUN,negative,- s,2
przytoczyć,NOUN,positive,+ s,3
przytoczyć się,NOUN,negative,- s,2
przytomność,VERB,positive,+ s,4
przytomny,ADV,positive,+ s,5
przytulanka,VERB,positive,+ s,2
przytulać,NOUN,positive,+ s,2
przytulać się,NOUN,positive,+ s,1
przytulisko,VERB,positive,+ s,2
przytulić się,NOUN,positive,+ s,1
przytulność,VERB,positive,+ s,2
przytulny,ADV,positive,+ s,2
przytułek,VERB,positive,+ s,4
przytępiony,ADV,negative,- s,2
przytłaczający,ADV,negative,- s,4
przyuczać,NOUN,positive,+ s,1
przywierać,NOUN,negative,- s,3
przywilej,VERB,positive,+ s,2
przywiązany,ADV,positive,+ s,2
przywiędnąć,NOUN,negative,- s,7
przywiędły,ADV,negative,- s,6
przywracać,NOUN,positive,+ s,2
przywrzeć,NOUN,negative,- s,3
przywrócić do życia,NOUN,positive,+ s,2
przywódczy,ADV,positive,+ m,4
przywłaszczyciel,VERB,negative,- s,3
przyznawalny,ADV,positive,+ s,1
przyzwalający,ADV,positive,+ s,1
przyzwoitość,VERB,positive,+ s,4
przyzwoity,ADV,positive,+ s,12
przyśrubować,NOUN,negative,- s,4
przyśrubowywać,NOUN,negative,- s,3
przyżółkły,ADV,negative,- s,2
próba,VERB,negative,- s,3
próba ognia,VERB,negative,- s,2
próchnica,VERB,negative,- s,2
próchnicogenny,ADV,negative,- s,1
próchnicotwórczy,ADV,negative,- s,1
próchno,VERB,negative,- s,3
próg,VERB,negative,- s,2
próżnia,VERB,negative,- s,3
próżniacki,ADV,negative,- m,2
próżniactwo,VERB,negative,- m,2
próżniaczy,ADV,negative,- m,2
próżniaczyć się,NOUN,positive,+ s,1
próżniak,VERB,negative,- m,2
próżno,ADJ,negative,- s,3
próżnować,NOUN,negative,- s,2
próżność,VERB,negative,- m,2
próżny,ADV,negative,- s,10
prąd,VERB,positive,+ m,2
prądożerność,VERB,negative,- s,2
prądożerny,ADV,negative,- s,2
prędziutki,ADV,positive,+ s,2
prężność,VERB,positive,+ m,4
prężny,ADV,positive,+ s,4
pseudoartysta,VERB,negative,- s,4
pseudoartystyczny,ADV,negative,- s,3
pseudodemokratyczny,ADV,negative,- s,2
pseudohumanitarny,ADV,negative,- s,2
pseudointelektualista,VERB,negative,- s,2
pseudointelektualny,ADV,negative,- s,2
pseudokibic,VERB,negative,- s,3
pseudomedyczny,ADV,negative,- s,3
pseudonaukowiec,VERB,negative,- m,2
pseudonaukowość,VERB,negative,- m,2
pseudonaukowy,ADV,negative,- s,3
pseudoreligijny,ADV,negative,- s,4
pseudouczony,ADV,negative,- m,2
psi,ADV,negative,- m,2
psi grosz,VERB,negative,- m,2
psi pieniądz,VERB,negative,- m,2
psiaczek,VERB,positive,+ s,2
psiajucha,VERB,negative,- m,2
psiak,VERB,positive,+ s,2
psiakość,VERB,negative,- s,2
psiakrew,VERB,negative,- m,2
psianoga,VERB,negative,- s,2
psiarnia,VERB,negative,- m,1
psikus,VERB,positive,+ s,1
psina,VERB,positive,+ s,2
psinka,VERB,positive,+ s,2
psioczenie,VERB,negative,- m,2
psotny,ADV,positive,+ s,2
pstrokacizna,VERB,negative,- s,2
pstryczek,VERB,negative,- s,2
pstryk,VERB,negative,- s,2
pstryknięcie,VERB,negative,- s,2
psuj,VERB,positive,+ s,4
psuć,NOUN,negative,- s,13
psuć się,NOUN,negative,- s,10
psychiatryk,VERB,negative,- s,4
psychiczny,ADV,negative,- m,2
psychiczny,VERB,negative,- s,2
psychuszka,VERB,negative,- s,2
pszczółka,VERB,positive,+ s,2
ptasi móżdżek,VERB,negative,- m,4
ptaszyna,VERB,positive,+ s,2
ptaszynka,VERB,positive,+ s,2
ptaszę,VERB,positive,+ s,3
ptaszęcy,ADV,negative,- s,2
publiczka,VERB,negative,- s,2
pucek,VERB,negative,- s,2
pucha,VERB,negative,- s,2
puchar,VERB,positive,+ s,2
puchaty,ADV,positive,+ s,5
pucołowatość,VERB,negative,- s,2
pucołowaty,ADV,positive,+ s,1
pucułowaty,ADV,positive,+ s,1
pucz,VERB,negative,- s,2
pudernica,VERB,negative,- s,2
pudełeczko,VERB,positive,+ s,1
pudło,VERB,negative,- s,8
pulchniutki,ADV,positive,+ s,4
pulchny,ADV,negative,- s,1
pulpet,VERB,negative,- s,2
punia,VERB,positive,+ s,2
punkt styczny,VERB,positive,+ s,2
punktować,NOUN,positive,+ s,9
punktowy,ADV,positive,+ s,1
punktualność,VERB,positive,+ s,2
punktualny,ADV,positive,+ s,4
pupil,VERB,positive,+ s,2
purchawka,VERB,negative,- s,2
purpurowy,ADV,negative,- s,4
purysta,VERB,negative,- s,2
purytanin,VERB,negative,- s,2
purytanizm,VERB,negative,- s,2
purytański,ADV,negative,- s,4
purytańskość,VERB,negative,- s,2
puryzm,VERB,negative,- s,2
pusta noc,VERB,negative,- s,2
pustak,VERB,negative,- m,4
pustawy,ADV,negative,- s,5
pustelniczy,ADV,negative,- s,2
pustelnik,VERB,negative,- s,2
pustka,VERB,negative,- s,4
pustkowie,VERB,negative,- s,1
pustogłowy,ADV,negative,- m,2
pustogłów,VERB,negative,- m,2
pustosłowie,VERB,negative,- s,2
pustota,VERB,negative,- s,2
pusty,ADV,negative,- s,8
pusty jak bęben maszyny losującej przed zwolnieniem blokady,ADV,negative,- m,2
pusty pieniądz,VERB,negative,- s,1
pustynny,ADV,negative,- s,2
puszczalska,VERB,negative,- m,2
puszczalski,ADV,negative,- m,2
puszczać pawia,NOUN,negative,- s,2
puszka,VERB,negative,- s,2
puszka pandory,VERB,negative,- m,2
puszkować,NOUN,negative,- s,4
puszystość,VERB,positive,+ s,6
puszysty,ADV,positive,+ s,4
pułapka kredytowa,VERB,negative,- m,1
pułapka zadłużeniowa,VERB,negative,- m,1
puściutki,ADV,negative,- s,5
puścić,NOUN,negative,- s,2
puścić pawia,NOUN,negative,- s,2
pycha,VERB,negative,- m,2
pychota,VERB,positive,+ s,3
pysiak,VERB,positive,+ m,1
pysio,VERB,positive,+ m,1
pyskacz,VERB,negative,- s,2
pyskaty,ADV,negative,- m,2
pyskówka,VERB,negative,- m,2
pyszałek,VERB,negative,- m,2
pyszałkowato,ADJ,negative,- s,2
pyszałkowatość,VERB,negative,- m,2
pyszałkowaty,ADV,negative,- s,4
pyszczek,VERB,positive,+ s,4
pyszniutki,ADV,positive,+ s,2
pyszności,VERB,positive,+ m,2
pyszność,VERB,negative,- m,2
pyszny,ADV,negative,- s,8
pyszota,VERB,positive,+ s,3
pytyjski,ADV,negative,- s,1
pyzatek,VERB,negative,- s,2
pył,VERB,negative,- s,1
pójść,NOUN,negative,- s,1
półanalfabeta,VERB,negative,- m,2
półbóg,VERB,positive,+ s,2
półciemny,ADV,negative,- s,6
półczłowiek,VERB,negative,- m,2
półdiablę,VERB,positive,+ s,2
półdziecko,VERB,negative,- m,2
półdziki,ADV,negative,- s,4
półgoły,ADV,negative,- s,1
półgłuchy,ADV,negative,- s,2
półgłupek,VERB,negative,- m,2
półgłówek,VERB,negative,- m,2
półinteligent,VERB,negative,- m,2
półlegalność,VERB,negative,- s,2
półlegalny,ADV,negative,- s,2
półmartwy,ADV,negative,- s,5
półnagi,ADV,negative,- s,1
półobłąkany,ADV,negative,- s,4
półomdlały,ADV,negative,- s,2
półprzytomnie,ADJ,negative,- s,1
półprzytomny,ADV,negative,- s,2
półsieroctwo,VERB,negative,- s,2
półsurowy,ADV,negative,- s,1
półtrup,VERB,negative,- m,2
półwariat,VERB,negative,- s,2
półwolny,ADV,negative,- s,1
półzwierzęcy,ADV,negative,- s,2
półślepy,ADV,negative,- s,2
półśrodek,VERB,negative,- s,1
półświadomy,ADV,negative,- s,2
półświatek,VERB,negative,- s,3
półżywy,ADV,negative,- s,3
pąsowy,ADV,negative,- s,2
pędem,ADJ,positive,+ s,1
pędziwiatr,VERB,negative,- s,2
pędzić,NOUN,positive,+ s,7
pękaty,ADV,negative,- s,3
pękać,NOUN,negative,- s,2
pęknięcie,VERB,negative,- s,1
pęknąć,NOUN,negative,- s,2
pępek świata,VERB,negative,- m,2
pępol,VERB,negative,- s,2
pęta,VERB,negative,- s,3
pętaczyna,VERB,negative,- m,2
pętak,VERB,negative,- s,5
pętlarz,VERB,negative,- m,2
płacić,NOUN,negative,- s,1
płacz,VERB,negative,- s,2
płaczek,VERB,negative,- s,2
płaczliwy,ADV,negative,- s,9
płaczący,ADV,negative,- s,2
płakanie,VERB,negative,- s,2
płakać,NOUN,negative,- s,2
płaksa,VERB,negative,- s,2
płaksiwy,ADV,negative,- s,3
płaski,ADV,negative,- s,4
płaskość,VERB,negative,- m,2
płaszczyć się,NOUN,negative,- s,3
płazi,ADV,negative,- s,1
płeć nadobna,VERB,positive,+ s,1
płeć piękna,VERB,positive,+ s,1
płochliwość,VERB,negative,- s,3
płochliwy,ADV,negative,- s,4
płochość,VERB,negative,- s,2
płochy,ADV,negative,- s,6
płodność,VERB,positive,+ s,2
płodny,ADV,positive,+ s,4
płomienisty,ADV,positive,+ s,2
płomienny,ADV,positive,+ s,4
płomyczek,VERB,positive,+ s,2
płonność,VERB,negative,- s,2
płonny,ADV,negative,- s,4
płony,ADV,negative,- s,4
płonąć,NOUN,negative,- s,17
płotka,VERB,negative,- m,2
płyciutki,ADV,negative,- s,7
płynność,VERB,positive,+ s,2
płynny,ADV,positive,+ s,6
płytki,ADV,negative,- s,6
pływać,NOUN,positive,+ s,11
quasimodo,VERB,negative,- m,2
rabacja,VERB,negative,- m,2
raban,VERB,negative,- m,2
rabat,VERB,positive,+ s,1
rabunek,VERB,negative,- m,2
rabunkowy,ADV,negative,- m,2
rabuś,VERB,negative,- m,2
rachityczny,ADV,negative,- s,4
racja,VERB,positive,+ s,1
racjonalistyczny,ADV,positive,+ s,1
racjonalność,VERB,positive,+ s,5
racjonalny,ADV,positive,+ s,6
rad,ADV,positive,+ s,2
rada,VERB,positive,+ s,4
radca,VERB,positive,+ s,2
radiopajęczarstwo,VERB,negative,- s,2
radiopajęczarz,VERB,negative,- m,2
radiowa twarz,VERB,negative,- s,2
radiowy,ADV,positive,+ s,2
radosny,ADV,positive,+ s,12
radośny,ADV,positive,+ s,2
radość,VERB,positive,+ m,2
radość życia,VERB,positive,+ m,2
radykalista,VERB,negative,- s,3
radykalizm,VERB,negative,- s,3
radykalizowanie,VERB,negative,- s,2
radykał,VERB,negative,- s,2
radziecki,ADV,negative,- s,1
raj,VERB,positive,+ s,8
raj podatkowy,VERB,positive,+ s,1
raj utracony,VERB,negative,- s,1
rajcowny,ADV,positive,+ s,2
rajfur,VERB,negative,- s,1
rajski,ADV,positive,+ s,4
rajski ogród,VERB,positive,+ m,2
rajzer,VERB,negative,- m,2
rak,VERB,negative,- m,2
rakotwórczy,ADV,negative,- m,3
rakowaty,ADV,negative,- s,7
rama,VERB,negative,- s,2
ramiona morfeusza,VERB,positive,+ s,1
ramol,VERB,negative,- m,2
ramota,VERB,negative,- s,2
rana,VERB,negative,- s,2
randka,VERB,positive,+ s,2
ranga,VERB,positive,+ s,1
ranić,NOUN,negative,- s,5
ranka,VERB,negative,- s,1
ranny,ADV,negative,- s,1
ranny,VERB,negative,- s,2
ranny ptaszek,VERB,positive,+ s,1
raport,VERB,positive,+ s,1
raptowność,VERB,negative,- s,2
raptowny,ADV,negative,- s,3
raptus,VERB,negative,- s,2
rarytas,VERB,positive,+ m,2
rasa panów,VERB,negative,- m,2
rasista,VERB,negative,- m,2
rasistowski,ADV,negative,- m,2
rasizm,VERB,negative,- m,2
rasowo,ADJ,positive,+ s,2
rasowy,ADV,positive,+ s,7
rastafarianin,VERB,negative,- s,1
raszpla,VERB,negative,- m,2
ratować,NOUN,positive,+ s,10
ratownik,VERB,positive,+ s,2
ratunek,VERB,positive,+ s,2
raz,VERB,negative,- m,4
raźność,VERB,positive,+ s,2
raźny,ADV,positive,+ s,5
rażący,ADV,negative,- s,5
rdzewieć,NOUN,negative,- s,2
reakcjonista,VERB,negative,- s,2
reakcyjność,VERB,negative,- s,2
reakcyjny,ADV,negative,- s,4
realistka,VERB,positive,+ s,2
realistyczny,ADV,positive,+ s,4
realizacja,VERB,positive,+ s,1
realizm,VERB,positive,+ s,4
realizowalny,ADV,positive,+ s,4
realizować,NOUN,positive,+ s,1
realny,ADV,positive,+ s,2
recesja,VERB,negative,- s,4
recesja gospodarcza,VERB,negative,- m,2
rechot,VERB,negative,- s,2
rechotliwy,ADV,negative,- s,7
recydywa,VERB,negative,- s,5
recydywista,VERB,negative,- m,2
referat,VERB,positive,+ s,1
referatowy,ADV,negative,- s,2
refleks,VERB,positive,+ s,2
refleks szachisty,VERB,negative,- s,2
refleksja,VERB,positive,+ s,2
refleksyjny,ADV,positive,+ s,2
reforma,VERB,positive,+ s,1
reformator,VERB,positive,+ s,1
reformatorski,ADV,positive,+ s,2
reformowanie,VERB,positive,+ s,2
reformować,NOUN,positive,+ s,2
refundacja,VERB,positive,+ s,1
regeneracja,VERB,positive,+ s,2
regeneracyjny,ADV,positive,+ s,3
regenerować,NOUN,positive,+ s,2
regres,VERB,negative,- s,2
regresja,VERB,negative,- s,2
regresywny,ADV,negative,- s,1
regulacja,VERB,positive,+ s,2
regularność,VERB,positive,+ s,2
regularny,ADV,positive,+ s,4
rehabilitacja,VERB,positive,+ s,2
reintegracja,VERB,positive,+ s,1
rejterada,VERB,negative,- m,2
rejwach,VERB,negative,- m,2
reketier,VERB,negative,- m,2
reklamacja,VERB,negative,- s,1
reklamiarstwo,VERB,negative,- m,2
reklamowy,ADV,negative,- s,1
rekomendacja,VERB,positive,+ s,2
rekomendować,NOUN,positive,+ s,2
rekompensata,VERB,positive,+ s,2
rekompensować,NOUN,positive,+ s,2
rekonstrukcja,VERB,positive,+ s,1
rekonwalescencja,VERB,positive,+ s,1
rekord,VERB,positive,+ m,1
rekordowy,ADV,positive,+ m,2
rekordzista,VERB,positive,+ s,2
rekordzistka,VERB,positive,+ s,1
rekreacja,VERB,positive,+ s,1
rekreacyjność,VERB,positive,+ s,1
rekreacyjny,ADV,positive,+ s,2
relacyjny,ADV,positive,+ s,1
relaks,VERB,positive,+ s,2
relaksacja,VERB,positive,+ s,2
relaksować,NOUN,positive,+ s,2
relaksowy,ADV,positive,+ s,2
relatywizacja,VERB,negative,- s,1
relatywność,VERB,negative,- s,2
religiancki,ADV,negative,- s,4
religiant,VERB,negative,- m,2
relikt,VERB,negative,- s,2
relikwia,VERB,positive,+ s,2
remisja,VERB,positive,+ s,1
remizowy,ADV,negative,- s,2
remontować,NOUN,positive,+ s,1
renegacki,ADV,negative,- m,2
renegat,VERB,negative,- m,2
renesansowy,ADV,positive,+ s,2
renoma,VERB,positive,+ m,2
renomowany,ADV,positive,+ m,2
renowacja,VERB,positive,+ s,1
rentownie,ADJ,positive,+ s,2
rentowność,VERB,positive,+ s,3
rentowny,ADV,positive,+ s,2
rep,VERB,positive,+ s,2
reperacja,VERB,positive,+ s,2
reperkusja,VERB,negative,- s,2
reperować,NOUN,positive,+ s,1
represja,VERB,negative,- m,2
represyjny,ADV,negative,- m,2
reprezentacyjny,ADV,positive,+ s,6
reprezentatywny,ADV,positive,+ s,2
republika bananowa,VERB,negative,- s,3
repulsja,VERB,negative,- m,2
repulsywny,ADV,negative,- m,2
resentyment,VERB,negative,- m,2
reset,VERB,positive,+ s,2
resocjalizacja,VERB,positive,+ s,1
responsywny,ADV,positive,+ s,2
restauracja,VERB,positive,+ s,1
restaurować,NOUN,positive,+ s,1
restrykcja,VERB,negative,- s,4
restrykcyjność,VERB,negative,- s,2
resztka,VERB,negative,- s,3
resztówka,VERB,negative,- s,1
retoryczność,VERB,negative,- s,1
retoryczny,ADV,negative,- s,2
retoryka,VERB,positive,+ m,2
rewaloryzacja,VERB,positive,+ s,1
rewanżysta,VERB,negative,- s,2
rewanżystowski,ADV,negative,- m,2
rewanżyzm,VERB,negative,- s,2
rewelacja,VERB,positive,+ m,1
rewelacyjnie,ADJ,positive,+ m,4
rewelacyjny,ADV,positive,+ m,18
rewelatorski,ADV,positive,+ s,2
rewerencja,VERB,positive,+ s,1
rewiowość,VERB,positive,+ s,1
rewitalizacja,VERB,positive,+ s,2
rewolucjonizować,NOUN,positive,+ s,2
rewolwerowiec,VERB,negative,- s,2
rezerwa,VERB,negative,- s,2
rezolutność,VERB,positive,+ s,2
rezolutny,ADV,positive,+ s,5
rezoner,VERB,negative,- m,2
rezonerstwo,VERB,negative,- s,2
rezun,VERB,negative,- m,2
rezygnacja,VERB,negative,- s,5
reżim,VERB,negative,- s,3
reżimowiec,VERB,negative,- s,3
reżimowość,VERB,negative,- m,1
reżimowy,ADV,negative,- s,5
reżymowiec,VERB,negative,- s,3
reżymowy,ADV,negative,- s,1
riwiera,VERB,positive,+ s,1
robactwo,VERB,negative,- s,3
robaczy,ADV,negative,- m,2
robaczywy,ADV,negative,- s,2
robak,VERB,negative,- m,2
robigrosz,VERB,negative,- s,2
robiony,ADV,negative,- s,2
robić,NOUN,positive,+ s,7
robić balona,NOUN,negative,- s,2
robić bokami,NOUN,negative,- s,3
robić dobrą minę,NOUN,negative,- s,1
robić koło dupy,NOUN,negative,- m,2
robić koło pióra,NOUN,negative,- m,2
robić koło tyłka,NOUN,negative,- s,3
robić oczy,NOUN,negative,- s,2
robić po nogach,NOUN,negative,- s,4
robić pod siebie,NOUN,negative,- s,2
robić się,NOUN,positive,+ s,3
robić w balona,NOUN,negative,- s,2
robić w bambuko,NOUN,negative,- s,2
robić w gacie,NOUN,negative,- s,2
robić w jajo,NOUN,negative,- s,2
robić w karola,NOUN,negative,- s,2
robić w konia,NOUN,negative,- s,1
robić w majtki,NOUN,negative,- s,3
robić w majty,NOUN,negative,- m,2
robić w portki,NOUN,negative,- s,2
robić w spodnie,NOUN,negative,- m,2
robić w trąbę,NOUN,negative,- s,2
robić z gęby cholewę,NOUN,negative,- s,3
robić z gęby dupę,NOUN,negative,- m,2
robić z igły widły,NOUN,negative,- s,2
robić z mordy dupę,NOUN,negative,- s,3
robić z muchy słonia,NOUN,negative,- s,2
robić z tata wariata,NOUN,negative,- s,2
robol,VERB,negative,- m,2
robotny,ADV,positive,+ s,2
roboty przymusowe,VERB,negative,- s,3
rodowity,ADV,positive,+ s,1
rodzicielski,ADV,positive,+ s,2
rodzimy,ADV,positive,+ s,2
rodzina niepełna,VERB,negative,- s,1
rodzinnie,ADJ,positive,+ s,2
rodzinność,VERB,positive,+ s,2
rodzinny,ADV,positive,+ s,6
rodzony,ADV,positive,+ m,1
rogacz,VERB,negative,- m,2
rogal,VERB,positive,+ m,2
rogalik,VERB,positive,+ s,1
rogata dusza,VERB,negative,- s,2
rogaty,ADV,negative,- s,4
rok jubileuszowy,VERB,positive,+ s,2
romantyczka,VERB,negative,- s,2
romantyczny,ADV,positive,+ s,7
romantyka,VERB,positive,+ s,4
romantyzm,VERB,negative,- s,4
ropuchowaty,ADV,negative,- s,9
rosnąć,NOUN,positive,+ s,2
roszczenie,VERB,negative,- s,2
roszczeniowy,ADV,negative,- s,2
rosłość,VERB,positive,+ m,3
rosły,ADV,positive,+ s,3
rozanielony,ADV,positive,+ m,2
rozbabrać,NOUN,negative,- s,17
rozbabrać się,NOUN,negative,- s,8
rozbabrywać,NOUN,negative,- s,16
rozbabrywać się,NOUN,negative,- s,7
rozbawiać,NOUN,positive,+ s,4
rozbawiać się,NOUN,positive,+ s,4
rozbawić,NOUN,positive,+ s,2
rozbawić się,NOUN,positive,+ s,4
rozbebeszać,NOUN,negative,- s,6
rozbebeszyć,NOUN,negative,- s,6
rozbeczeć się,NOUN,negative,- s,2
rozbicie,VERB,negative,- s,3
rozbiegany,ADV,negative,- s,2
rozbierać,NOUN,negative,- s,7
rozbijacki,ADV,negative,- s,2
rozbijać,NOUN,positive,+ s,15
rozbijać się,NOUN,negative,- s,16
rozbijać się łokciami,NOUN,negative,- s,1
rozbiory,VERB,negative,- s,1
rozbita rodzina,VERB,negative,- m,2
rozbitek,VERB,negative,- s,4
rozbić,NOUN,negative,- s,14
rozbić się,NOUN,negative,- s,14
rozbrajający,ADV,positive,+ s,4
rozbrajać,NOUN,positive,+ s,2
rozbrat,VERB,negative,- s,4
rozbudowa,VERB,positive,+ s,2
rozbudowywać,NOUN,positive,+ s,1
rozbudzać,NOUN,positive,+ s,2
rozbudzić,NOUN,positive,+ s,3
rozbujały,ADV,negative,- s,2
rozbój,VERB,negative,- s,4
rozbójniczy,ADV,negative,- s,5
rozbójnik,VERB,negative,- m,2
rozchełstany,ADV,negative,- s,4
rozciekawiać,NOUN,positive,+ s,1
rozciekawić,NOUN,positive,+ s,1
rozciągliwy,ADV,negative,- s,1
rozczarowanie,VERB,negative,- m,2
rozczesać,NOUN,positive,+ s,1
rozczesać się,NOUN,positive,+ s,2
rozczesywać,NOUN,positive,+ s,1
rozczochraniec,VERB,negative,- s,2
rozczochrany,ADV,negative,- s,4
rozczulenie,VERB,positive,+ s,2
rozczytać,NOUN,positive,+ s,3
rozczytać się,NOUN,positive,+ s,2
rozczytywać,NOUN,positive,+ s,3
rozczytywać się,NOUN,positive,+ s,2
rozdeszczony,ADV,negative,- s,1
rozdrażnienie,VERB,negative,- s,2
rozdrażniony,ADV,negative,- s,2
rozdwojony,ADV,negative,- s,2
rozdygotany,ADV,negative,- s,4
rozdyskutować się,NOUN,positive,+ s,1
rozdział,VERB,negative,- s,2
rozdzierający,ADV,negative,- s,5
rozdąsany,ADV,negative,- s,2
rozdęcie,VERB,negative,- s,1
rozebrać,NOUN,negative,- s,7
rozedrgany,ADV,negative,- s,4
rozejm,VERB,positive,+ s,2
rozemocjonowany,ADV,negative,- s,1
rozerwalny,ADV,negative,- s,1
rozeschnąć się,NOUN,negative,- s,2
rozespany,ADV,negative,- s,4
rozeznanie,VERB,positive,+ s,2
roześmiany,ADV,positive,+ m,2
roześmiać się,NOUN,positive,+ s,3
rozgadany,ADV,negative,- s,2
rozgardiasz,VERB,negative,- s,2
rozgarnięty,ADV,positive,+ s,4
rozgniewany,ADV,negative,- m,2
rozgoryczenie,VERB,negative,- m,2
rozgorączkowanie,VERB,negative,- s,2
rozgradzać,NOUN,negative,- s,1
rozgrodzić,NOUN,negative,- s,1
rozgłośny,ADV,positive,+ s,2
rozhukany,ADV,negative,- s,2
rozigrany,ADV,positive,+ s,4
rozjadły,ADV,negative,- s,3
rozjaśniać,NOUN,positive,+ s,2
rozjechać,NOUN,negative,- s,6
rozjechać się,NOUN,negative,- s,4
rozjeździć,NOUN,negative,- s,3
rozjeździć się,NOUN,positive,+ s,2
rozjeżdżać,NOUN,negative,- s,7
rozjeżdżać się,NOUN,negative,- s,4
rozjeżdżony,ADV,negative,- s,2
rozjuszony,ADV,negative,- s,5
rozjątrzony,ADV,negative,- m,2
rozkapryszony,ADV,negative,- m,2
rozkisnąć,NOUN,negative,- s,1
rozkisły,ADV,negative,- s,4
rozkochany,ADV,positive,+ m,2
rozkochać,NOUN,positive,+ s,1
rozkochać się,NOUN,positive,+ m,2
rozkochiwać,NOUN,positive,+ m,1
rozkosz,VERB,positive,+ m,4
rozkoszniaczek,VERB,negative,- s,4
rozkosznie,ADJ,positive,+ s,6
rozkoszny,ADV,positive,+ m,6
rozkrzyczany,ADV,negative,- m,2
rozkręcać,NOUN,positive,+ s,2
rozkudłany,ADV,negative,- s,2
rozkwiecony,ADV,positive,+ s,2
rozkwit,VERB,positive,+ s,3
rozkwitać,NOUN,positive,+ s,16
rozkwitnąć,NOUN,positive,+ s,15
rozkwitły,ADV,positive,+ s,2
rozkładalny,ADV,positive,+ s,1
rozkładowo,ADJ,negative,- s,3
rozkładowy,ADV,negative,- s,3
rozlany,ADV,negative,- s,3
rozlatany,ADV,negative,- s,8
rozlazły,ADV,negative,- s,13
rozleniwienie,VERB,negative,- s,2
rozlewność,VERB,negative,- s,2
rozlewny,ADV,negative,- s,8
rozmachany,ADV,positive,+ s,1
rozmamłanie,VERB,negative,- m,2
rozmamłany,ADV,negative,- s,8
rozmarzać,NOUN,positive,+ s,2
rozmarzać się,NOUN,positive,+ s,1
rozmarzenie,VERB,positive,+ m,2
rozmarzyć,NOUN,positive,+ s,2
rozmazany,ADV,negative,- s,1
rozmemłanie,VERB,negative,- m,2
rozmemłany,ADV,negative,- s,8
rozmijać się,NOUN,negative,- s,4
rozminąć się,NOUN,negative,- s,4
rozmiotany,ADV,negative,- s,1
rozmiękły,ADV,negative,- s,1
rozmiłowany,ADV,positive,+ m,2
rozmnażalnia,VERB,negative,- s,1
rozmodlony,ADV,positive,+ s,3
rozmokły,ADV,negative,- s,2
rozmowa,VERB,positive,+ s,1
rozmowny,ADV,positive,+ s,1
rozmyślny,ADV,negative,- s,1
rozmówca,VERB,positive,+ s,1
roznamiętniać,NOUN,positive,+ s,6
roznamiętniać się,NOUN,positive,+ s,5
roznamiętnić,NOUN,positive,+ s,7
roznamiętnić się,NOUN,positive,+ s,4
rozniecić,NOUN,positive,+ m,1
rozniosły,ADV,positive,+ s,2
rozpachniony,ADV,positive,+ s,2
rozpacz,VERB,negative,- m,2
rozpaczliwie,ADJ,negative,- m,2
rozpaczliwy,ADV,negative,- m,6
rozpacznik,VERB,negative,- s,2
rozpaczny,ADV,negative,- s,3
rozpadlina,VERB,negative,- s,1
rozpadlisko,VERB,negative,- s,1
rozpalać,NOUN,negative,- s,3
rozpalać się,NOUN,negative,- s,4
rozpalić,NOUN,negative,- s,3
rozpalić się,NOUN,positive,+ s,4
rozpalony,ADV,negative,- s,2
rozpasany,ADV,negative,- s,4
rozpasać,NOUN,negative,- s,2
rozpasać się,NOUN,negative,- s,10
rozpasywać się,NOUN,negative,- s,6
rozpaść,NOUN,negative,- s,3
rozpierdalać,NOUN,negative,- m,2
rozpierdolić,NOUN,negative,- m,2
rozpierducha,VERB,negative,- s,4
rozpierzchły,ADV,negative,- s,2
rozpieszczony,ADV,negative,- m,2
rozplanować,NOUN,positive,+ s,2
rozporządzać,NOUN,positive,+ s,1
rozpowiadać,NOUN,negative,- s,1
rozpowiedzieć,NOUN,negative,- s,1
rozpowszechnić,NOUN,positive,+ s,1
rozpoznawalność,VERB,positive,+ s,2
rozpoznawalny,ADV,positive,+ s,2
rozprawa,VERB,positive,+ s,1
rozpromować,NOUN,positive,+ s,1
rozpruwacz,VERB,negative,- m,2
rozpruwacz kas,VERB,negative,- m,2
rozprzestrzeniać,NOUN,positive,+ s,1
rozprzestrzenić,NOUN,positive,+ s,1
rozpusta,VERB,negative,- s,3
rozpustnica,VERB,negative,- m,1
rozpustnik,VERB,negative,- s,2
rozpustny,ADV,negative,- s,5
rozpuszczony,ADV,negative,- s,3
rozpuszczony jak dziadowski bicz,ADV,negative,- m,2
rozpłakany,ADV,negative,- s,4
rozpłakać się,NOUN,negative,- s,1
rozpłakiwać się,NOUN,negative,- s,2
rozrabiactwo,VERB,negative,- s,2
rozrabiacz,VERB,positive,+ s,2
rozrabiaka,VERB,positive,+ s,2
rozradowany,ADV,positive,+ s,5
rozregulować,NOUN,negative,- s,2
rozregulować się,NOUN,negative,- s,2
rozrobić,NOUN,negative,- s,2
rozruchy,VERB,negative,- m,2
rozryczeć się,NOUN,negative,- s,4
rozrykiwać się,NOUN,negative,- s,2
rozrywka,VERB,positive,+ s,2
rozrywkowość,VERB,positive,+ s,1
rozrzutnik,VERB,negative,- m,2
rozrzutność,VERB,negative,- m,2
rozrzutny,ADV,negative,- m,4
rozrządzać,NOUN,positive,+ s,1
rozrządzać się,NOUN,negative,- s,1
rozrządzić,NOUN,positive,+ s,1
rozrządzić się,NOUN,negative,- s,1
rozróba,VERB,negative,- m,2
rozróbka,VERB,negative,- s,2
rozróżnialny,ADV,positive,+ s,2
rozsadnik,VERB,negative,- m,1
rozsiać,NOUN,negative,- s,2
rozsiewać,NOUN,negative,- s,2
rozsiewać się,NOUN,negative,- s,2
rozstawiać,NOUN,negative,- s,1
rozstroić,NOUN,negative,- s,2
rozstroić się,NOUN,negative,- s,2
rozstrzygająco,ADJ,positive,+ s,1
rozstrzygający,ADV,positive,+ s,1
rozstrzygalność,VERB,positive,+ m,2
rozstrój,VERB,negative,- s,4
rozsychać się,NOUN,negative,- s,1
rozszalały,ADV,negative,- s,7
rozszerzający,ADV,positive,+ s,1
rozszlochać się,NOUN,negative,- s,3
rozszyfrować,NOUN,positive,+ s,4
rozszyfrowywać,NOUN,negative,- s,3
rozsądek,VERB,positive,+ m,4
rozsądność,VERB,positive,+ m,2
rozsądny,ADV,positive,+ s,4
roztaczać,NOUN,positive,+ s,2
roztapiać,NOUN,positive,+ s,1
roztapiać się,NOUN,positive,+ s,1
roztargniony,ADV,negative,- s,2
rozterka,VERB,negative,- s,3
roztoczyć się,NOUN,positive,+ s,2
roztopić,NOUN,positive,+ s,1
roztopić się,NOUN,positive,+ s,1
roztrajkotany,ADV,negative,- s,1
roztropek,VERB,negative,- s,2
roztropność,VERB,positive,+ s,2
roztropny,ADV,positive,+ s,4
roztrzepanie,VERB,negative,- s,2
roztrzepaniec,VERB,negative,- s,2
roztrzepany,ADV,negative,- s,2
roztrzęsiony,ADV,negative,- s,4
roztęskniony,ADV,negative,- s,2
rozum,VERB,positive,+ m,2
rozumek,VERB,negative,- s,1
rozumieć,NOUN,positive,+ s,2
rozumność,VERB,positive,+ s,2
rozumny,ADV,positive,+ s,4
rozwaga,VERB,positive,+ s,2
rozwalać,NOUN,negative,- s,2
rozwalić,NOUN,negative,- s,2
rozważanie,VERB,positive,+ s,1
rozważny,ADV,positive,+ s,4
rozweselić,NOUN,positive,+ s,2
rozwiadywać się,NOUN,positive,+ s,1
rozwiać,NOUN,positive,+ s,1
rozwiedzieć się,NOUN,positive,+ s,1
rozwiewać,NOUN,positive,+ s,1
rozwijać,NOUN,positive,+ s,1
rozwinięty,ADV,positive,+ s,2
rozwiązalny,ADV,positive,+ s,3
rozwiązanie,VERB,positive,+ s,3
rozwiązywalny,ADV,positive,+ s,4
rozwiązywać,NOUN,positive,+ s,2
rozwiązły,ADV,negative,- s,3
rozwlekłość,VERB,negative,- m,2
rozwlekły,ADV,negative,- s,8
rozwojowość,VERB,positive,+ s,2
rozwrzeszczeć się,NOUN,negative,- m,2
rozwój,VERB,positive,+ m,2
rozwścieczony,ADV,negative,- m,2
rozzłoszczony,ADV,negative,- m,2
rozłam,VERB,negative,- m,2
rozłamowy,ADV,negative,- s,2
rozłąka,VERB,negative,- s,2
rozśmiać się,NOUN,positive,+ s,4
rozśmieszać,NOUN,positive,+ s,2
rozśmieszyć,NOUN,positive,+ s,2
rozświetlać,NOUN,positive,+ s,1
rozżalanie się,VERB,negative,- m,2
rozżalenie,VERB,negative,- m,2
rozżalony,ADV,negative,- m,2
rozżarty,ADV,negative,- s,2
rościć,NOUN,negative,- s,2
roślinka,VERB,negative,- s,2
rubaszność,VERB,positive,+ s,1
ruch oporu,VERB,positive,+ s,1
ruch w interesie,VERB,positive,+ s,3
ruchawka,VERB,negative,- m,2
ruchawość,VERB,positive,+ s,2
ruchawy,ADV,positive,+ s,2
ruchliwość,VERB,positive,+ s,2
ruchliwy,ADV,negative,- s,1
ruderowaty,ADV,negative,- m,2
rudzielec,VERB,negative,- s,2
rudziutki,ADV,positive,+ s,2
rugi,VERB,negative,- s,3
ruina,VERB,negative,- s,3
ruletkowy,ADV,negative,- s,1
rumak,VERB,positive,+ s,2
rumiany,ADV,positive,+ s,2
rumiany jak jabłuszko,ADV,positive,+ s,2
rumienić się,NOUN,negative,- s,3
rumor,VERB,negative,- s,2
rumuński,ADV,negative,- s,3
run,VERB,negative,- s,1
rupieciarnia,VERB,negative,- s,1
rupiecie,VERB,negative,- s,2
rupieć,VERB,negative,- s,3
rura,VERB,negative,- m,4
ruski,ADV,negative,- s,6
rusofob,VERB,negative,- m,2
rusofobia,VERB,negative,- m,2
rustykalność,VERB,positive,+ s,1
rusyfikacja,VERB,negative,- m,2
rutyna,VERB,negative,- s,2
rutyniarski,ADV,negative,- s,4
rutyniarz,VERB,positive,+ s,4
rutynizować,NOUN,negative,- s,1
rutynizować się,NOUN,negative,- s,2
rwetes,VERB,negative,- s,2
rybi,ADV,negative,- s,2
rybka,VERB,positive,+ s,2
rycerski,ADV,positive,+ m,4
rychłość,VERB,positive,+ s,1
ryczałtowy,ADV,negative,- s,1
ryczeć,NOUN,negative,- s,8
ryczące czterdziestki,VERB,negative,- s,1
rygor,VERB,positive,+ s,1
rygorysta,VERB,negative,- s,2
rygorystyczność,VERB,negative,- s,1
rygorystyczny,ADV,negative,- s,3
rygoryzm,VERB,negative,- s,1
ryjec,VERB,negative,- m,2
ryk,VERB,negative,- s,2
rymokleta,VERB,negative,- m,2
rymopis,VERB,negative,- m,2
rynsztok,VERB,negative,- s,3
rynsztokowy,ADV,negative,- s,6
rypnięty,ADV,negative,- s,2
rysa,VERB,negative,- s,1
rysopis,VERB,positive,+ s,1
rysować,NOUN,negative,- s,2
rytualista,VERB,negative,- s,2
rywal,VERB,negative,- s,1
rywalka,VERB,negative,- s,2
ryzykancki,ADV,negative,- s,2
ryzykowny,ADV,negative,- s,1
rzadki,ADV,positive,+ s,2
rzeczowość,VERB,positive,+ s,2
rzeczowy,ADV,positive,+ s,4
rzeka,VERB,negative,- s,1
rzekomość,VERB,negative,- s,2
rzekomy,ADV,negative,- s,2
rzemieślniczy,ADV,positive,+ s,1
rzetelność,VERB,positive,+ s,2
rzetelny,ADV,positive,+ s,5
rzewliwy,ADV,negative,- s,2
rzewność,VERB,negative,- s,3
rzewny,ADV,negative,- s,2
rzezimieszek,VERB,negative,- m,2
rześki,ADV,positive,+ s,6
rześkość,VERB,positive,+ m,4
rzeź,VERB,negative,- s,8
rzeź niewiniątek,VERB,negative,- s,4
rzeźnia,VERB,negative,- m,2
rzeźnik,VERB,negative,- m,4
rzeźwość,VERB,positive,+ s,4
rzeźwy,ADV,positive,+ s,4
rznąć,NOUN,negative,- s,2
rzucać się,NOUN,negative,- s,7
rzucać się w oczy,NOUN,positive,+ s,2
rzucać się w oko,NOUN,positive,+ s,2
rzucić,NOUN,negative,- s,2
rzucić się,NOUN,negative,- s,4
rzucić się w oczy,NOUN,positive,+ s,1
rzucić się w oko,NOUN,positive,+ s,2
rzut beretem,VERB,positive,+ s,2
rzut kamieniem,VERB,positive,+ s,2
rzutki,ADV,positive,+ s,2
rzutkość,VERB,positive,+ m,2
rzutność,VERB,positive,+ s,2
rzutny,ADV,positive,+ s,2
rzygać,NOUN,negative,- s,6
rzygnąć,NOUN,negative,- s,7
rząd dusz,VERB,negative,- s,2
rządność,VERB,positive,+ s,1
rządny,ADV,positive,+ s,1
rządzić,NOUN,negative,- s,3
rządzić się,NOUN,negative,- s,4
rzęch,VERB,negative,- s,3
rzępoła,VERB,negative,- m,2
rólka,VERB,negative,- s,1
równiacha,VERB,positive,+ s,2
równiak,VERB,positive,+ s,2
równiusieńki,ADV,positive,+ s,6
równiuteńki,ADV,positive,+ s,6
równiutki,ADV,positive,+ s,6
równiuśki,ADV,positive,+ s,6
równoprawny,ADV,positive,+ s,1
równorzędność,VERB,positive,+ s,2
równouprawnienie,VERB,positive,+ s,2
równowaga,VERB,positive,+ s,2
równość,VERB,positive,+ s,2
równy,ADV,positive,+ s,7
równy gość,VERB,positive,+ s,2
różanolicy,ADV,positive,+ s,2
różanopalcy,ADV,positive,+ s,1
różnica zdań,VERB,negative,- s,2
różnobarwny,ADV,positive,+ s,2
różnowierca,VERB,negative,- s,2
różowa landrynka,VERB,negative,- s,2
różowe okulary,VERB,positive,+ s,1
różowiutki,ADV,positive,+ s,7
różowy,ADV,positive,+ s,4
rąbanina,VERB,negative,- m,2
rąbać,NOUN,negative,- s,3
rąbnięty,ADV,positive,+ s,4
rączka,VERB,positive,+ s,1
rączy,ADV,positive,+ s,2
rączęta,VERB,positive,+ s,1
rębajło,VERB,negative,- s,1
ręka boska,VERB,positive,+ m,1
rękoczyny,VERB,negative,- s,2
rżnąć,NOUN,negative,- s,5
sabotażowy,ADV,negative,- s,2
sabotażysta,VERB,negative,- m,2
sacrum,VERB,positive,+ s,3
sadomasochistyczny,ADV,negative,- s,3
sadysta,VERB,negative,- m,4
sadystyczność,VERB,negative,- m,2
sadystyczny,ADV,negative,- m,6
sadyzm,VERB,negative,- m,2
sadzenie się,VERB,negative,- s,2
safandulstwo,VERB,negative,- s,2
safanduła,VERB,negative,- m,2
safandułowaty,ADV,negative,- s,2
sajgon,VERB,negative,- m,2
sakramencki,ADV,negative,- m,4
sakrament,VERB,positive,+ s,1
sala tortur,VERB,negative,- s,3
salomonowy,ADV,positive,+ s,3
salonowiec,VERB,negative,- s,1
salonowy,ADV,positive,+ s,2
samarytanin,VERB,positive,+ s,1
samarytański,ADV,positive,+ s,4
samiutki,ADV,negative,- s,3
samobójca,VERB,negative,- m,2
samobójczy,ADV,negative,- m,4
samobójstwo,VERB,negative,- s,3
samochodzik,VERB,positive,+ s,1
samochwalczy,ADV,negative,- s,2
samochwalstwo,VERB,negative,- m,2
samochwał,VERB,negative,- s,2
samochwała,VERB,negative,- s,2
samodestrukcja,VERB,negative,- m,2
samodyscyplina,VERB,positive,+ s,2
samodzielnie,ADJ,positive,+ s,2
samodzielny,ADV,positive,+ s,6
samogrający,ADV,positive,+ s,5
samoistność,VERB,positive,+ s,1
samoizolacja,VERB,negative,- s,2
samokontrola,VERB,positive,+ s,2
samokrytyczny,ADV,negative,- s,1
samokształceniowy,ADV,positive,+ s,1
samolikwidacja,VERB,negative,- s,1
samolub,VERB,negative,- m,2
samolubnie,ADJ,negative,- s,2
samolubność,VERB,negative,- m,2
samolubny,ADV,negative,- m,4
samolubstwo,VERB,negative,- m,2
samoodnowa,VERB,positive,+ s,2
samoograniczenie,VERB,negative,- s,1
samookaleczać,NOUN,negative,- s,6
samookaleczyć,NOUN,negative,- s,6
samoopanowanie,VERB,positive,+ s,2
samopomoc,VERB,positive,+ s,3
samorodny,ADV,positive,+ s,2
samorodny talent,VERB,positive,+ m,2
samorzutność,VERB,positive,+ s,1
samorzutny,ADV,positive,+ s,2
samorządność,VERB,positive,+ s,2
samostanowienie,VERB,positive,+ s,3
samostanowić,NOUN,positive,+ s,1
samosąd,VERB,negative,- m,2
samota,VERB,negative,- s,1
samotniczość,VERB,negative,- s,2
samotniczy,ADV,negative,- s,4
samotnik,VERB,negative,- s,2
samotność,VERB,negative,- s,4
samotny,ADV,negative,- s,3
samoubóstwienie,VERB,negative,- m,2
samouk,VERB,positive,+ s,1
samounicestwienie,VERB,negative,- m,2
samouwielbienie,VERB,negative,- m,2
samowola,VERB,negative,- s,2
samowolny,ADV,negative,- s,3
samowystarczalny,ADV,positive,+ s,2
samowładczy,ADV,negative,- m,1
samowładny,ADV,negative,- s,2
samozachwyt,VERB,negative,- m,2
samozagłada,VERB,negative,- m,2
samozaparcie,VERB,positive,+ m,2
samozaprzeczający,ADV,negative,- s,1
samozgubny,ADV,negative,- s,3
samozniszczenie,VERB,negative,- m,2
samozwaniec,VERB,negative,- m,2
samozwańczy,ADV,negative,- s,4
samoświadomy,ADV,positive,+ m,1
samuraj,VERB,positive,+ s,2
sanacyjny,ADV,positive,+ s,1
sankcja,VERB,negative,- m,1
saracen,VERB,negative,- s,1
sardoniczny,ADV,negative,- s,2
sarkanie,VERB,negative,- m,2
sarkastyczny,ADV,negative,- m,2
sarkazm,VERB,negative,- s,2
sarmatyzm,VERB,negative,- m,2
sataniczny,ADV,negative,- s,4
satanista,VERB,negative,- m,2
satrapa,VERB,negative,- m,2
satynowy,ADV,positive,+ s,2
satyr,VERB,negative,- s,2
satyra,VERB,negative,- s,2
satysfakcja,VERB,positive,+ s,4
satysfakcjonować,NOUN,positive,+ s,2
satysfakcjonujący,ADV,positive,+ m,2
scalać,NOUN,positive,+ s,2
scalić,NOUN,positive,+ s,2
scementować,NOUN,positive,+ s,3
scementować się,NOUN,positive,+ s,3
scena,VERB,negative,- s,2
scenka,VERB,positive,+ s,1
sceptycyzm,VERB,negative,- s,2
sceptyczność,VERB,negative,- s,2
sceptyczny,ADV,negative,- s,1
sceptyk,VERB,negative,- s,2
schadzka,VERB,positive,+ s,1
schamiały,ADV,negative,- m,2
schemat,VERB,negative,- s,2
schematyczność,VERB,negative,- s,2
schizofrenia,VERB,negative,- m,2
schizofreniczny,ADV,negative,- m,6
schlewać się,NOUN,negative,- s,3
schludność,VERB,positive,+ s,2
schludny,ADV,positive,+ s,4
schnąć,NOUN,negative,- s,7
schodzić,NOUN,negative,- s,10
schodzić na ziemię,NOUN,positive,+ s,1
schodzić się,NOUN,positive,+ s,4
scholastyczny,ADV,negative,- m,2
schorowany,ADV,negative,- s,4
schorzały,ADV,negative,- s,2
schronienie,VERB,positive,+ s,4
schrupać,NOUN,positive,+ s,2
schrypnięty,ADV,negative,- s,1
schrypły,ADV,negative,- s,1
schyłkowość,VERB,negative,- s,2
schyłkowy,ADV,negative,- m,2
scysja,VERB,negative,- s,2
sczerstwiały,ADV,negative,- s,1
sczytać,NOUN,negative,- s,3
sczytywać,NOUN,negative,- s,3
segregacja rasowa,VERB,negative,- m,2
segregacjonista,VERB,negative,- s,1
segregować,NOUN,positive,+ s,1
sejmować,NOUN,negative,- s,2
sejmowładztwo,VERB,negative,- s,1
sejsmiczny,ADV,negative,- s,1
sekciarski,ADV,negative,- s,7
sekciarstwo,VERB,negative,- s,7
sekciarz,VERB,negative,- s,5
seks,VERB,positive,+ s,1
seksafera,VERB,negative,- m,2
seksbiznes,VERB,negative,- m,2
seksbomba,VERB,positive,+ m,2
seksista,VERB,negative,- m,2
seksistowski,ADV,negative,- s,4
seksizm,VERB,negative,- m,4
seksowny,ADV,positive,+ s,4
seksskandal,VERB,negative,- m,2
seksualny,ADV,positive,+ s,2
sekta,VERB,negative,- s,2
sekutnica,VERB,negative,- m,2
selektywnie,ADJ,negative,- s,2
sen,VERB,positive,+ s,1
sen wieczny,VERB,negative,- s,2
senior,VERB,positive,+ s,2
seniorka,VERB,positive,+ s,2
senny,ADV,negative,- s,5
sensacyjność,VERB,positive,+ s,1
sensacyjny,ADV,positive,+ s,2
sensat,VERB,negative,- s,2
sensowność,VERB,positive,+ s,2
sensowny,ADV,positive,+ s,6
sensytywność,VERB,positive,+ s,2
sentyment,VERB,positive,+ s,4
sentymentalizm,VERB,negative,- s,2
sentymentalność,VERB,negative,- s,2
sentymentalny,ADV,negative,- s,4
separacja,VERB,negative,- s,3
separacja małżeńska,VERB,negative,- s,1
separatka,VERB,negative,- s,2
seraficki,ADV,positive,+ m,5
seraficzny,ADV,positive,+ m,5
serce,VERB,positive,+ s,8
serce jak głaz,VERB,negative,- m,2
serce jak kamień,VERB,negative,- m,2
serce w przełyku,VERB,negative,- m,2
serce z kamienia,VERB,negative,- m,2
sercowy,ADV,negative,- s,3
serdeczność,VERB,positive,+ m,2
serdeczny,ADV,negative,- s,8
serduszko,VERB,positive,+ s,2
serwilistyczny,ADV,negative,- s,2
serwilizm,VERB,negative,- m,1
seryjny,ADV,positive,+ s,3
seryjny morderca,VERB,negative,- m,2
seteczka,VERB,positive,+ s,1
setny,ADV,positive,+ s,5
sexualny,ADV,positive,+ m,1
sexy,ADV,positive,+ m,2
sezon ogórkowy,VERB,negative,- s,2
sezonowiec,VERB,negative,- s,2
sfałszowany,ADV,negative,- m,2
sfetyszyzować się,NOUN,negative,- s,2
sfinksowy,ADV,negative,- s,2
sflaczały,ADV,negative,- s,5
sfora,VERB,negative,- s,1
sforny,ADV,positive,+ s,2
sfrustrowany,ADV,negative,- s,2
shitstorm,VERB,negative,- m,2
siano w głowie,VERB,negative,- s,2
sianowaty,ADV,negative,- s,2
siarczysty,ADV,positive,+ s,5
siatka,VERB,negative,- s,1
siać,NOUN,negative,- s,6
siać wiatr,NOUN,negative,- s,2
sieczka,VERB,negative,- s,2
siedmiogwiazdkowy,ADV,positive,+ s,2
siedmiorzędny,ADV,negative,- s,3
siedmiu wspaniałych,VERB,positive,+ s,2
siekanina,VERB,negative,- m,2
sielanka,VERB,positive,+ m,2
sielankowo,ADJ,positive,+ s,3
sielankowość,VERB,positive,+ s,1
sielankowy,ADV,positive,+ m,4
sielski,ADV,positive,+ s,5
sielsko,ADJ,positive,+ s,2
sielskość,VERB,positive,+ s,1
siepacz,VERB,negative,- m,2
sierdzić,NOUN,negative,- s,2
sierdzić się,NOUN,negative,- s,2
siermiężność,VERB,negative,- s,3
siermiężny,ADV,negative,- s,2
sierociniec,VERB,negative,- s,1
sierocić,NOUN,negative,- s,4
sierocić się,NOUN,negative,- s,2
sieroctwo,VERB,negative,- s,2
sieroctwo społeczne,VERB,negative,- s,1
sierocy,ADV,negative,- s,2
sierota,VERB,negative,- s,5
sierota społeczna,VERB,negative,- s,2
sierota zupełna,VERB,negative,- s,1
sierota zupełny,VERB,negative,- s,1
siewca,VERB,negative,- s,1
sikoreczka,VERB,positive,+ s,2
sikorka,VERB,positive,+ s,1
siksa,VERB,negative,- m,2
silikonowy,ADV,negative,- s,2
silny,ADV,positive,+ s,9
sinawy,ADV,negative,- s,2
siny,ADV,negative,- s,2
siorka,VERB,positive,+ s,2
siostrzyczka,VERB,positive,+ s,3
sis,VERB,positive,+ s,2
sitwa,VERB,negative,- s,3
siuchta,VERB,negative,- s,2
siurek,VERB,negative,- s,3
siusiumajtek,VERB,negative,- s,2
siusiumajtka,VERB,negative,- s,3
siwuch,VERB,negative,- s,2
siwy,ADV,negative,- s,2
siła,VERB,positive,+ m,2
siła przebicia,VERB,positive,+ s,2
siła wyższa,VERB,negative,- s,2
siłacz,VERB,positive,+ m,2
siłowy,ADV,negative,- m,1
siły pokojowe,VERB,positive,+ s,1
sińce pod oczami,VERB,negative,- s,2
sjesta,VERB,positive,+ s,1
skacowany,ADV,negative,- s,2
skaleczeć,NOUN,negative,- s,1
skalić,NOUN,negative,- s,3
skamieniały,ADV,negative,- m,2
skandal,VERB,negative,- m,2
skandaliczność,VERB,negative,- m,2
skandaliczny,ADV,negative,- m,4
skandalista,VERB,negative,- s,2
skansen,VERB,negative,- s,2
skaranie boskie,VERB,negative,- m,2
skarb,VERB,positive,+ m,6
skarbek,VERB,positive,+ m,1
skarbiec,VERB,positive,+ s,2
skarbik,VERB,positive,+ m,1
skarbnica,VERB,positive,+ m,1
skarbuś,VERB,positive,+ m,1
skarga,VERB,negative,- s,3
skarlać,NOUN,negative,- s,3
skarlały,ADV,negative,- s,5
skarlić,NOUN,negative,- s,3
skarłowaciały,ADV,negative,- s,5
skarżenie się,VERB,negative,- s,2
skarżypyta,VERB,negative,- s,2
skasować,NOUN,negative,- s,5
skaza,VERB,negative,- s,2
skazaniec,VERB,negative,- m,2
skazany,VERB,negative,- m,2
skazitelność,VERB,negative,- s,2
skazitelny,ADV,negative,- s,2
skiełkować,NOUN,positive,+ s,2
skimmer,VERB,negative,- m,2
skisnąć,NOUN,negative,- s,9
skisły,ADV,negative,- s,4
sklepiczyna,VERB,negative,- s,2
sklepikarski,ADV,positive,+ s,2
sklerotyczka,VERB,negative,- s,2
sklerotyk,VERB,negative,- s,2
skleroza,VERB,negative,- s,2
sknera,VERB,negative,- m,2
sknerstwo,VERB,negative,- m,2
skoczność,VERB,positive,+ s,2
skoczny,ADV,positive,+ s,4
skok,VERB,negative,- s,2
skok w bok,VERB,negative,- s,2
skombinować,NOUN,positive,+ s,5
skomplementować,NOUN,positive,+ s,2
skompletować,NOUN,positive,+ s,2
skomplikowanie,VERB,negative,- s,2
skomplikowany,ADV,negative,- s,2
skomponować,NOUN,positive,+ s,1
skompostować,NOUN,negative,- s,1
skompromitowanie,VERB,negative,- m,2
skon,VERB,negative,- m,1
skonany,ADV,negative,- m,2
skoncentrować,NOUN,positive,+ s,2
skonfundowany,ADV,negative,- s,2
skonwencjonalizować,NOUN,negative,- s,1
skonwencjonalizować się,NOUN,negative,- s,1
skorupa,VERB,negative,- s,1
skostniały,ADV,negative,- s,4
skończony,ADV,positive,+ s,4
skościeć,NOUN,negative,- s,4
skrajnie,ADJ,negative,- s,2
skrajność,VERB,negative,- s,3
skrajny,ADV,negative,- s,4
skretyniały,ADV,negative,- m,2
skromnie,ADJ,negative,- s,2
skromniutki,ADV,positive,+ s,8
skromny,ADV,negative,- s,9
skrucha,VERB,negative,- s,2
skrupulant,VERB,negative,- s,2
skrupulat,VERB,negative,- s,2
skrupulatny,ADV,positive,+ s,2
skrupuły,VERB,positive,+ s,1
skruszały,ADV,positive,+ s,2
skruszony,ADV,positive,+ s,3
skrystalizowany,ADV,positive,+ s,2
skrytobójca,VERB,negative,- m,2
skrytobójczy,ADV,negative,- m,4
skrytobójstwo,VERB,negative,- m,2
skryty,ADV,negative,- s,2
skrzacik,VERB,positive,+ s,2
skrzat,VERB,positive,+ s,2
skrzekliwy,ADV,negative,- s,2
skrzydlaty,ADV,positive,+ s,2
skrzypliwy,ADV,negative,- s,1
skrzywdzić,NOUN,negative,- m,2
skrzywianie się,VERB,negative,- s,2
skrzywienie,VERB,negative,- m,2
skrzywiony,ADV,negative,- s,2
skrzyć,NOUN,positive,+ s,2
skrzyć się,NOUN,positive,+ s,2
skrzętność,VERB,positive,+ m,2
skrzętny,ADV,positive,+ s,2
skrót,VERB,positive,+ s,1
skrępowanie,VERB,negative,- s,2
skrępowany,ADV,negative,- s,4
skubaniec,VERB,positive,+ s,2
skubać,NOUN,negative,- s,4
skunksowy,ADV,negative,- s,2
skupiony,ADV,positive,+ s,2
skurczybyk,VERB,negative,- m,2
skurwysyński,ADV,negative,- m,10
skurwysyństwo,VERB,negative,- m,4
skusić,NOUN,positive,+ s,2
skuteczność,VERB,positive,+ s,4
skuteczny,ADV,positive,+ s,2
skutkować,NOUN,positive,+ s,2
skwapliwość,VERB,positive,+ s,1
skwapliwy,ADV,positive,+ s,3
skwar,VERB,negative,- m,2
skwara,VERB,negative,- m,2
skwarka,VERB,negative,- s,2
skwasić,NOUN,negative,- s,12
skwasić się,NOUN,negative,- s,6
skóra i kości,VERB,negative,- m,2
skąpica,VERB,negative,- m,2
skąpiec,VERB,negative,- m,2
skąpiradło,VERB,negative,- m,2
skąpość,VERB,negative,- s,4
skąpstwo,VERB,negative,- m,2
skąpy,ADV,negative,- s,11
składanka,VERB,negative,- s,1
składać,NOUN,positive,+ s,2
składny,ADV,positive,+ s,4
skłonny,ADV,positive,+ s,3
skłopotany,ADV,negative,- s,4
skłopotać,NOUN,negative,- s,4
skłopotać się,NOUN,negative,- s,2
skłócony,ADV,negative,- m,2
skłębiony,ADV,negative,- s,2
slalom,VERB,negative,- s,1
slams,VERB,negative,- s,2
slamsy,VERB,negative,- s,3
slawofobia,VERB,negative,- m,2
slogan,VERB,negative,- s,2
sloganiarz,VERB,negative,- m,1
sloganista,VERB,negative,- m,1
sloganowość,VERB,negative,- s,2
sloganowy,ADV,negative,- s,2
slums,VERB,negative,- s,2
slumsowy,ADV,negative,- s,1
slumsy,VERB,negative,- s,3
smaczek,VERB,positive,+ s,2
smacznie,ADJ,positive,+ s,2
smaczny,ADV,positive,+ s,9
smagłość,VERB,positive,+ s,2
smak,VERB,positive,+ s,1
smakosz,VERB,positive,+ m,2
smakoszostwo,VERB,positive,+ s,2
smakować,NOUN,positive,+ s,2
smakowicie,ADJ,positive,+ s,2
smakowitość,VERB,positive,+ s,5
smakowity,ADV,positive,+ s,9
smakołyk,VERB,positive,+ s,2
smalić,NOUN,negative,- s,4
smard,VERB,negative,- m,2
smark,VERB,negative,- s,4
smarkacz,VERB,negative,- m,2
smarkaczowski,ADV,negative,- s,2
smarkata,VERB,negative,- m,2
smarkateria,VERB,negative,- m,2
smarkatość,VERB,negative,- s,6
smarkaty,ADV,negative,- s,6
smarkul,VERB,negative,- m,2
smarkula,VERB,negative,- m,2
smerd,VERB,negative,- m,2
smerda,VERB,negative,- m,2
smok,VERB,positive,+ s,3
smokać,NOUN,positive,+ s,2
smoknąć,NOUN,positive,+ s,2
smoluch,VERB,negative,- s,4
smrodek,VERB,negative,- s,2
smrodliwy,ADV,negative,- m,2
smród,VERB,negative,- s,3
smukleć,NOUN,positive,+ s,2
smuklutki,ADV,positive,+ s,2
smukłość,VERB,positive,+ m,2
smurd,VERB,negative,- m,2
smutas,VERB,negative,- s,2
smutek,VERB,negative,- m,2
smutnawy,ADV,negative,- s,10
smutni panowie,VERB,negative,- s,3
smutny,ADV,negative,- s,14
smęt,VERB,negative,- m,2
smętność,VERB,negative,- s,3
smętny,ADV,negative,- s,14
snob,VERB,negative,- m,2
snobistyczność,VERB,negative,- s,5
snobistyczny,ADV,negative,- s,5
snobizm,VERB,negative,- m,2
snobowanie się,VERB,negative,- m,2
sobaczy,ADV,negative,- s,10
sobek,VERB,negative,- m,2
sobiepański,ADV,negative,- s,4
sobkostwo,VERB,negative,- m,2
sobkowski,ADV,negative,- s,2
socjalizacja,VERB,positive,+ s,1
socjotechnika,VERB,negative,- s,2
soczysty,ADV,positive,+ s,5
sodoma i gomora,VERB,negative,- m,2
sodomita,VERB,negative,- m,2
sofcik,VERB,positive,+ s,1
sofista,VERB,negative,- m,2
sofistyczny,ADV,negative,- s,2
sofistyka,VERB,negative,- s,2
soft porno,VERB,negative,- s,1
sojusznik,VERB,positive,+ s,2
solara,VERB,negative,- s,3
solarka,VERB,negative,- s,2
solaryjny,ADV,negative,- s,2
solenność,VERB,positive,+ s,2
solenny,ADV,positive,+ s,7
solidarność,VERB,positive,+ s,3
solidarny,ADV,positive,+ s,4
solidaruch,VERB,negative,- m,1
solidność,VERB,positive,+ s,2
solidny,ADV,positive,+ s,8
solo,VERB,negative,- s,3
sowiecki,ADV,negative,- s,1
sowity,ADV,positive,+ s,2
sowizdrzał,VERB,negative,- s,2
sowizrzał,VERB,negative,- s,2
sołdat,VERB,negative,- s,2
spacerek,VERB,positive,+ s,1
spaczony,ADV,negative,- s,2
spadek,VERB,negative,- s,1
spadkobierca,VERB,positive,+ s,1
spadkowicz,VERB,negative,- s,1
spadochron,VERB,positive,+ s,1
spalać,NOUN,negative,- s,2
spalać się,NOUN,negative,- s,5
spalenizna,VERB,negative,- s,2
spalić,NOUN,negative,- s,9
spalić się,NOUN,negative,- s,10
spalony,ADV,negative,- s,5
spam,VERB,negative,- s,2
spamer,VERB,negative,- s,2
spamerski,ADV,negative,- s,2
spamować,NOUN,negative,- s,2
spamowy,ADV,negative,- s,2
spanikowany,ADV,negative,- s,3
sparciały,ADV,negative,- s,4
sparszywiały,ADV,negative,- m,4
spartański,ADV,negative,- s,2
spasły,ADV,negative,- m,2
spawać,NOUN,negative,- s,2
spazmatyczny,ADV,negative,- s,3
spać,NOUN,negative,- s,4
spaślak,VERB,negative,- m,2
spaśny,ADV,negative,- s,4
spec,VERB,positive,+ s,2
specjalistka,VERB,positive,+ s,1
specjalistyczny,ADV,positive,+ s,4
specjalnej troski,ADV,negative,- s,3
specjalność,VERB,positive,+ s,1
specjalny,ADV,positive,+ s,2
specjał,VERB,positive,+ s,3
spektakularny,ADV,positive,+ m,2
spektrum,VERB,positive,+ s,1
spekulacja,VERB,negative,- s,1
spekulacyjny,ADV,negative,- s,2
spekulant,VERB,negative,- m,2
speluna,VERB,negative,- s,3
spelunka,VERB,negative,- s,2
speszony,ADV,negative,- s,2
spełnialny,ADV,positive,+ s,2
spełniać,NOUN,positive,+ s,1
spełnienie,VERB,positive,+ m,2
spełzły,ADV,negative,- s,2
spiec raczka,NOUN,negative,- s,2
spiec raka,NOUN,negative,- s,2
spieka,VERB,negative,- m,1
spiekać raczka,NOUN,negative,- s,2
spiekać raka,NOUN,negative,- s,2
spiekota,VERB,negative,- m,1
spierać,NOUN,positive,+ s,4
spierać się,NOUN,negative,- s,4
spierzchły,ADV,negative,- s,2
spieszać,NOUN,positive,+ s,1
spieszny,ADV,negative,- s,2
spieszyć,NOUN,negative,- s,2
spijać śmietankę,NOUN,positive,+ s,2
spionizować,NOUN,negative,- s,3
spiratować,NOUN,negative,- s,4
spisek,VERB,negative,- s,5
spiskowy,ADV,negative,- m,2
spity,ADV,negative,- s,2
spić śmietankę,NOUN,positive,+ s,1
spięcie,VERB,negative,- s,2
spiętrzenie,VERB,negative,- s,2
spiżowy,ADV,positive,+ s,4
spleen,VERB,negative,- m,2
splendor,VERB,positive,+ s,3
spleśniały,ADV,negative,- s,6
spleść,NOUN,positive,+ s,1
splin,VERB,negative,- m,2
splątany,ADV,negative,- s,2
spochmurniały,ADV,negative,- s,2
spocznienie,VERB,positive,+ s,1
spoczynek,VERB,positive,+ s,3
spod lady,ADV,negative,- s,2
spodleć,NOUN,negative,- s,7
spodziewany,ADV,positive,+ s,1
spoidło,VERB,positive,+ s,2
spoilerować,NOUN,negative,- s,2
spoilować,NOUN,negative,- s,2
spoisty,ADV,positive,+ s,2
spoiwo,VERB,positive,+ s,2
spoić,NOUN,negative,- s,4
spojlerować,NOUN,negative,- s,2
spojrzenie,VERB,positive,+ s,1
spoko,ADJ,positive,+ s,2
spoko,ADV,positive,+ s,4
spokojnie,ADJ,positive,+ s,2
spokojniuchny,ADV,positive,+ s,6
spokojniutki,ADV,positive,+ s,10
spokojniutko,ADJ,positive,+ s,2
spokojny,ADV,positive,+ s,14
spokój,VERB,positive,+ s,8
spolegliwość,VERB,negative,- s,3
spolegliwy,ADV,positive,+ s,2
sponsor,VERB,negative,- s,2
sponsoring,VERB,negative,- s,3
spontan,VERB,positive,+ s,2
sporawy,ADV,negative,- s,2
spornie,ADJ,negative,- s,2
sporność,VERB,negative,- m,2
sporny,ADV,negative,- s,6
sportowiec,VERB,positive,+ s,1
sportowość,VERB,positive,+ s,1
sportowy,ADV,positive,+ s,4
spory,ADV,negative,- s,1
sposobnie,ADJ,positive,+ s,1
sposobność,VERB,positive,+ s,1
sposobny,ADV,positive,+ s,2
spostrzegawczość,VERB,positive,+ s,3
spostrzegawczy,ADV,positive,+ s,3
sposób,VERB,positive,+ s,3
sposępniały,ADV,negative,- s,4
spotniały,ADV,negative,- s,2
spotwarzać,NOUN,negative,- s,2
spotwarzyć,NOUN,negative,- s,2
spotęgowany,ADV,negative,- s,2
spowalniać,NOUN,negative,- s,1
spowolnienie gospodarcze,VERB,negative,- m,2
spowolnić,NOUN,negative,- s,1
spowszedniały,ADV,negative,- s,2
spowszednić,NOUN,negative,- s,2
społecznik,VERB,positive,+ s,2
społeczny,ADV,positive,+ s,3
spracowany,ADV,negative,- s,3
spragniony,ADV,negative,- s,3
sprawca,VERB,negative,- s,2
sprawczy,ADV,positive,+ s,1
sprawczyni,VERB,negative,- s,1
sprawdzalność,VERB,positive,+ s,2
sprawdzalny,ADV,positive,+ s,1
sprawdzać się,NOUN,positive,+ s,4
sprawdzian,VERB,positive,+ s,3
sprawdzić się,NOUN,positive,+ s,4
sprawdzony,ADV,positive,+ s,2
sprawiedliwość,VERB,positive,+ s,3
sprawiedliwy,ADV,positive,+ m,5
sprawność,VERB,positive,+ s,6
sprawny,ADV,positive,+ s,16
sprawozdawać,NOUN,positive,+ s,1
sprawozdawczy,ADV,negative,- s,1
sprawozdać,NOUN,positive,+ s,1
sprać,NOUN,negative,- s,9
sprać się,NOUN,positive,+ s,4
sprofesjonalizować,NOUN,positive,+ s,2
sprofesjonalizować się,NOUN,positive,+ s,2
sprokurować,NOUN,negative,- s,5
sprosny,ADV,negative,- s,4
sprostać,NOUN,positive,+ s,2
sprostytuować,NOUN,negative,- s,5
sprośność,VERB,negative,- s,4
sprośny,ADV,negative,- s,4
sprytny,ADV,positive,+ s,3
sprzeczka,VERB,negative,- s,2
sprzedajny,ADV,negative,- m,2
sprzedawalny,ADV,positive,+ s,2
sprzedawać,NOUN,negative,- s,1
sprzedawczyk,VERB,negative,- m,2
sprzedać,NOUN,negative,- s,3
sprzeniewierca,VERB,negative,- m,2
sprzyjający,ADV,positive,+ s,3
sprzyjać,NOUN,positive,+ s,2
sprzykrzyć,NOUN,negative,- s,2
sprzykrzyć się,NOUN,negative,- s,2
sprzymierzeniec,VERB,positive,+ s,2
sprzysiężenie,VERB,negative,- s,2
sprzątać,NOUN,positive,+ s,1
sprzęt,VERB,positive,+ s,1
spróbować,NOUN,positive,+ s,2
spróchniały,ADV,negative,- s,4
sprężyna,VERB,positive,+ s,1
sprężystość,VERB,positive,+ s,4
sprężysty,ADV,positive,+ s,6
spsiały,ADV,negative,- s,9
spurpurowiały,ADV,negative,- s,2
spustoszały,ADV,negative,- s,1
spustoszenie,VERB,negative,- s,5
spójnia,VERB,positive,+ s,2
spójny,ADV,positive,+ s,2
spór,VERB,negative,- s,2
spółczyna,VERB,negative,- s,1
spóźnialski,ADV,negative,- s,1
spóźnialski,VERB,negative,- s,2
spóźnialstwo,VERB,negative,- s,2
spóźnienie,VERB,negative,- s,2
spęd,VERB,negative,- s,1
spłacalność,VERB,positive,+ s,1
spłacalny,ADV,positive,+ s,2
spłowiałość,VERB,negative,- s,2
spłowiały,ADV,negative,- s,2
spłukany,ADV,negative,- s,2
spłycony,ADV,negative,- s,2
squatersi,VERB,negative,- s,1
sracz,VERB,negative,- m,1
sraczka,VERB,negative,- s,2
sraczkowaty,ADV,negative,- s,2
sraka,VERB,negative,- m,2
srać się,NOUN,negative,- m,6
srebrny,ADV,positive,+ s,3
srebrzysty,ADV,positive,+ s,2
sroczka,VERB,positive,+ s,1
srogi,ADV,negative,- s,7
srogość,VERB,negative,- s,5
srom,VERB,negative,- m,2
sromota,VERB,negative,- m,2
sromotny,ADV,negative,- s,3
stabilność,VERB,positive,+ s,2
stabilny,ADV,positive,+ s,6
stachanowiec,VERB,negative,- s,1
stachanowski,ADV,negative,- s,2
staczać,NOUN,negative,- s,4
stado,VERB,negative,- s,2
stagnacja,VERB,negative,- s,1
stagnacyjny,ADV,negative,- s,2
stajnia augiasza,VERB,negative,- s,4
stalinista,VERB,negative,- s,1
stalinowiec,VERB,negative,- s,1
stalować się,NOUN,negative,- s,2
stalowe nerwy,VERB,positive,+ m,2
stalowy,ADV,positive,+ s,3
stan alarmowy,VERB,negative,- m,1
stan depresyjny,VERB,negative,- s,3
stan nietrzeźwości,VERB,negative,- m,1
stan ostrzegawczy,VERB,negative,- s,1
stan terminalny,VERB,negative,- m,1
standard etyczny,VERB,positive,+ s,1
standardowy,ADV,positive,+ s,1
stanowisko,VERB,positive,+ s,1
stapiać,NOUN,positive,+ s,2
stara,VERB,negative,- s,2
stara maleńka,VERB,negative,- s,4
stara malutka,VERB,negative,- s,4
stara panna,VERB,negative,- s,2
stara pudernica,VERB,negative,- m,2
stara wiara,VERB,positive,+ s,1
staranność,VERB,positive,+ s,2
staranny,ADV,positive,+ s,4
starawy,ADV,negative,- s,4
starcie,VERB,negative,- s,2
starczy,ADV,negative,- s,2
stare pudło,VERB,negative,- m,2
starej daty,ADV,negative,- s,1
stareńki,ADV,negative,- s,1
stargować się,NOUN,positive,+ s,2
starokawalerski,ADV,negative,- s,2
starokawalerstwo,VERB,negative,- s,2
staropanieński,ADV,negative,- s,2
staropanieństwo,VERB,negative,- s,2
starowina,VERB,negative,- s,3
staroświecczyzna,VERB,negative,- s,2
staroświeckość,VERB,negative,- s,2
starość,VERB,negative,- s,4
starożytny,ADV,negative,- s,1
starsi,VERB,negative,- s,1
starsza,VERB,negative,- s,2
starszyzna,VERB,positive,+ s,2
staruch,VERB,negative,- s,2
staruszek,VERB,positive,+ s,2
staruszkowie,VERB,positive,+ s,1
stary,ADV,negative,- s,4
stary byk,VERB,negative,- s,2
stary kawaler,VERB,negative,- s,2
stary koń,VERB,negative,- s,2
stary lis,VERB,positive,+ m,2
stary malutki,VERB,negative,- s,4
stary piernik,VERB,negative,- s,2
stary wróbel,VERB,positive,+ m,2
stary wyga,VERB,positive,+ m,2
stary wyżeracz,VERB,positive,+ m,2
starzy,VERB,negative,- m,1
starzyzna,VERB,negative,- s,1
stateczność,VERB,positive,+ s,2
stateczny,ADV,positive,+ s,4
status,VERB,positive,+ s,2
statyczny,ADV,negative,- s,1
stawiać,NOUN,positive,+ s,10
stawiać na nogi,NOUN,positive,+ s,5
stawiać na ostrzu noża,NOUN,negative,- m,2
stawiać się,NOUN,negative,- s,1
stawiać w świetle,NOUN,positive,+ s,1
stałość,VERB,positive,+ s,3
stały,ADV,positive,+ m,2
staż,VERB,positive,+ s,1
stażysta,VERB,negative,- s,1
stek,VERB,negative,- s,3
stentorowy,ADV,positive,+ s,2
sterany,ADV,negative,- s,2
sterać,NOUN,negative,- s,2
stereotyp,VERB,negative,- s,2
stereotypowość,VERB,negative,- s,2
stereotypowy,ADV,negative,- s,2
sterowalny,ADV,positive,+ s,1
sterować,NOUN,negative,- s,2
sterta,VERB,negative,- s,2
sterydowy,ADV,negative,- s,4
sterylnie,ADJ,positive,+ s,3
sterylność,VERB,positive,+ s,2
sterylny,ADV,negative,- s,4
stetryczały,ADV,negative,- s,3
stoczyć,NOUN,negative,- s,4
stoicki,ADV,positive,+ s,4
stokrotny,ADV,positive,+ s,2
stolica,VERB,positive,+ s,1
stonka,VERB,negative,- m,2
stopić,NOUN,positive,+ s,3
stopnieć,NOUN,positive,+ s,2
stopniowy,ADV,positive,+ s,1
stos,VERB,negative,- s,4
stosowalny,ADV,positive,+ s,2
stosowność,VERB,positive,+ s,2
stosowny,ADV,positive,+ s,2
stosunki,VERB,positive,+ s,2
stołek,VERB,negative,- s,2
straceniec,VERB,negative,- m,2
straceńczy,ADV,negative,- m,4
strach,VERB,negative,- s,4
strach na wróble,VERB,negative,- s,2
strachliwie,ADJ,negative,- s,2
strachliwość,VERB,negative,- s,3
strachliwy,ADV,negative,- m,4
stracić,NOUN,negative,- s,1
stracony,ADV,negative,- m,2
straganiarski,ADV,negative,- m,2
strajk głodowy,VERB,negative,- s,2
strapienie,VERB,negative,- s,2
strapiony,ADV,negative,- s,4
straszliwie,ADJ,negative,- s,4
straszliwość,VERB,negative,- m,4
straszliwy,ADV,negative,- m,5
strasznie,ADJ,negative,- s,4
straszno,ADJ,negative,- s,2
straszność,VERB,negative,- m,4
straszny,ADV,negative,- m,7
straszydło,VERB,negative,- m,4
strata,VERB,negative,- m,2
strateg,VERB,negative,- s,1
strategia,VERB,positive,+ s,1
strategiczny,ADV,positive,+ s,4
stratny,ADV,negative,- s,2
stratosferyczny,ADV,positive,+ m,2
straty moralne,VERB,negative,- m,1
strawny,ADV,positive,+ s,4
straż,VERB,positive,+ s,1
straż przyboczna,VERB,positive,+ s,1
strażniczka,VERB,positive,+ s,1
strażnik,VERB,positive,+ s,2
stres,VERB,negative,- s,2
stresogenny,ADV,negative,- s,3
stresor,VERB,negative,- s,2
stresotwórczy,ADV,negative,- s,3
stresowy,ADV,negative,- s,2
stroić,NOUN,positive,+ s,2
strojniś,VERB,negative,- m,2
strojny,ADV,positive,+ s,4
stronniczość,VERB,negative,- s,2
stronniczy,ADV,negative,- s,4
stronność,VERB,negative,- s,2
stronny,ADV,negative,- s,1
stroskany,ADV,negative,- s,4
struchlały,ADV,negative,- s,3
strumień,VERB,positive,+ s,1
strupieszałość,VERB,negative,- m,4
strupieszały,ADV,negative,- s,6
strusi,ADV,negative,- m,2
stryjo,VERB,positive,+ s,2
strzał,VERB,positive,+ s,5
strzał w dziesiątkę,VERB,positive,+ m,2
strzec,NOUN,positive,+ s,10
strzec się,NOUN,negative,- s,2
strzelanina,VERB,negative,- s,2
strzelistość,VERB,positive,+ s,2
strzelisty,ADV,positive,+ s,3
strzęp,VERB,negative,- s,1
strzęp ludzki,VERB,negative,- s,2
strzępek,VERB,negative,- s,1
strzępić gębę,NOUN,negative,- m,2
strzępić jęzor,NOUN,negative,- m,2
strzępić język,NOUN,negative,- m,2
stróż,VERB,positive,+ s,5
strączkowaty,ADV,negative,- s,2
stręczycielstwo,VERB,negative,- m,2
studiować,NOUN,positive,+ s,1
studium,VERB,positive,+ s,1
stujęzyczny,ADV,positive,+ s,2
stuknięcie,VERB,negative,- s,1
stuknięty,ADV,positive,+ s,4
stulejarz,VERB,negative,- s,3
stumanieć,NOUN,negative,- m,4
stuningować,NOUN,positive,+ s,4
stupajka,VERB,negative,- s,2
stuprocentowy,ADV,positive,+ s,4
stwardniały,ADV,positive,+ s,2
stworek,VERB,positive,+ s,1
stworzenie nieboże,VERB,negative,- s,2
stworzonko,VERB,positive,+ s,2
stworzątko,VERB,positive,+ s,3
stwór,VERB,negative,- s,2
stygmatyzacja,VERB,negative,- s,2
stylowy,ADV,positive,+ s,2
stymulant,VERB,positive,+ s,2
stymulować,NOUN,positive,+ s,2
stypendysta,VERB,positive,+ s,2
stypendystka,VERB,positive,+ s,2
styrać,NOUN,negative,- s,4
stóg,VERB,negative,- s,1
stęchły,ADV,negative,- s,7
stękanie,VERB,negative,- s,2
stępiały,ADV,negative,- s,2
stężały,ADV,negative,- s,1
stłoczenie,VERB,negative,- s,2
stłuczka,VERB,negative,- s,2
subiektywizacja,VERB,negative,- s,2
subiektywizm,VERB,negative,- s,3
subiektywność,VERB,negative,- s,3
subiektywny,ADV,negative,- s,2
subletalny,ADV,negative,- m,1
subordynacja,VERB,positive,+ s,2
subtelnie,ADJ,positive,+ s,1
subtelność,VERB,positive,+ s,15
subtelny,ADV,positive,+ s,10
suchar,VERB,negative,- s,2
suchawy,ADV,negative,- s,9
sucho,ADJ,negative,- s,4
suchotniczy,ADV,negative,- m,2
suchutki,ADV,negative,- s,4
suchy,ADV,negative,- s,11
suchy chleb,VERB,negative,- s,3
suczka,VERB,positive,+ s,2
suczy,ADV,negative,- m,4
sugestywność,VERB,positive,+ s,2
sugestywny,ADV,positive,+ s,2
suka,VERB,negative,- m,4
sukces,VERB,positive,+ s,5
sukcesywny,ADV,positive,+ s,1
sukienkowy,ADV,negative,- s,2
sukinsyn,VERB,negative,- m,2
sumienność,VERB,positive,+ s,2
sumienny,ADV,positive,+ s,5
sumo,VERB,negative,- m,2
sumy neapolitańskie,VERB,negative,- s,2
super,ADJ,positive,+ m,2
super,ADV,positive,+ s,5
superatrakcyjny,ADV,positive,+ m,4
superczysty,ADV,positive,+ m,2
superekspresowy,ADV,positive,+ s,5
supergwiazda,VERB,positive,+ m,2
supergwiazdor,VERB,positive,+ m,2
superinteligentny,ADV,positive,+ m,2
superkomfortowy,ADV,positive,+ m,2
superkonto,VERB,positive,+ s,1
superkrytyczny,ADV,negative,- s,5
superlatywny,ADV,positive,+ s,1
superlekki,ADV,positive,+ s,11
superluksusowy,ADV,positive,+ m,2
supermarketowy,ADV,negative,- s,2
supernowość,VERB,positive,+ s,3
superowo,ADJ,positive,+ s,2
superowy,ADV,positive,+ s,10
superpaństwo,VERB,negative,- s,1
superpozytywny,ADV,positive,+ m,8
superprofesjonalny,ADV,positive,+ s,9
superpłaski,ADV,positive,+ s,1
supersportowy,ADV,positive,+ s,2
superszybki,ADV,positive,+ s,2
superszybko,ADJ,positive,+ m,2
superszybkość,VERB,positive,+ m,2
supertajny,ADV,positive,+ s,1
superważny,ADV,positive,+ s,5
superwydajny,ADV,positive,+ m,8
surowość,VERB,positive,+ s,9
surowy,ADV,negative,- s,6
surrealistyczność,VERB,negative,- m,2
surrealistyczny,ADV,negative,- s,2
sutenerstwo,VERB,negative,- m,2
suty,ADV,positive,+ s,4
suwerennie,ADJ,positive,+ s,4
suwerenność,VERB,positive,+ s,4
suwerenny,ADV,positive,+ s,5
swada,VERB,positive,+ s,4
swarliwość,VERB,negative,- m,2
swarliwy,ADV,negative,- s,2
swary,VERB,negative,- s,2
swarzyć,NOUN,negative,- s,2
swarzyć się,NOUN,negative,- s,1
swatać,NOUN,positive,+ s,1
swawolnica,VERB,negative,- s,2
swawolny,ADV,negative,- s,5
sweterek,VERB,positive,+ s,1
swoboda,VERB,positive,+ s,2
swobodny,ADV,positive,+ s,9
swojacki,ADV,positive,+ s,4
swojak,VERB,positive,+ s,2
swojski,ADV,positive,+ s,10
swywolny,ADV,negative,- s,3
swój,ADV,positive,+ s,5
swój,VERB,positive,+ s,2
sybarycki,ADV,negative,- s,6
sybirak,VERB,negative,- s,2
sycić,NOUN,positive,+ s,4
sycący,ADV,positive,+ s,2
syf,VERB,negative,- m,6
syfiasty,ADV,negative,- s,9
syfny,ADV,negative,- s,7
syfon,VERB,negative,- s,1
sygnał alarmowy,VERB,negative,- s,1
sykliwy,ADV,negative,- s,2
sykofant,VERB,negative,- m,2
sylfida,VERB,positive,+ m,2
sylikonowy,ADV,negative,- s,2
symbiotyczny,ADV,positive,+ m,1
symetria,VERB,positive,+ s,1
symetryczny,ADV,positive,+ s,1
symfonia,VERB,positive,+ s,2
symfoniczny,ADV,positive,+ s,1
symonia,VERB,negative,- s,2
sympatia,VERB,positive,+ s,4
sympatyczność,VERB,positive,+ m,4
sympatyczny,ADV,positive,+ s,6
symulant,VERB,negative,- s,2
syndrom,VERB,negative,- s,1
syndrom jerozolimski,VERB,negative,- m,1
syndrom paryski,VERB,negative,- m,1
syndrom sztokholmski,VERB,negative,- m,1
syndykat zbrodni,VERB,negative,- m,2
syneczek mamuni,VERB,negative,- s,2
syneczek mamusi,VERB,negative,- s,2
synek,VERB,positive,+ s,3
synek mamuni,VERB,negative,- s,2
synek mamusi,VERB,negative,- s,2
synekura,VERB,negative,- s,2
synekurzysta,VERB,negative,- m,2
synobójca,VERB,negative,- m,2
synobójstwo,VERB,negative,- m,2
sypać się,NOUN,negative,- s,6
sypiać,NOUN,negative,- s,1
systematyczność,VERB,positive,+ s,2
systematyczny,ADV,positive,+ s,4
systemowy,ADV,positive,+ s,2
sytny,ADV,positive,+ s,2
sytość,VERB,positive,+ s,2
syty,ADV,positive,+ s,6
syzyfowy,ADV,negative,- m,2
szaber,VERB,negative,- s,4
szablon,VERB,negative,- s,2
szablonowość,VERB,negative,- s,2
szablonowy,ADV,negative,- s,2
szabrownictwo,VERB,negative,- m,2
szabrownik,VERB,negative,- m,2
szachraj,VERB,negative,- m,2
szacowność,VERB,positive,+ s,2
szacowny,ADV,positive,+ s,5
szacunek,VERB,positive,+ s,3
szafiasty,ADV,negative,- s,1
szafot,VERB,negative,- s,2
szahid,VERB,negative,- s,2
szajbnięty,ADV,negative,- m,2
szajbus,VERB,negative,- s,2
szajka,VERB,negative,- s,3
szajs,VERB,negative,- s,3
szajsowaty,ADV,negative,- m,2
szalbierczy,ADV,negative,- s,5
szalbierski,ADV,negative,- m,2
szalbierz,VERB,negative,- m,2
szalejowy,ADV,negative,- m,2
szaleniec,VERB,negative,- m,2
szaleć,NOUN,negative,- s,6
szaleńczość,VERB,negative,- m,2
szaleńczy,ADV,negative,- s,6
szaleństwo,VERB,positive,+ m,2
szalikowiec,VERB,negative,- s,3
szalony,ADV,negative,- s,4
szalupa ratunkowa,VERB,positive,+ s,1
szambo,VERB,negative,- m,6
szambowy,ADV,negative,- m,2
szamotanina,VERB,negative,- m,6
szampański,ADV,positive,+ s,2
szanowność,VERB,positive,+ s,2
szanowny,ADV,positive,+ s,2
szansa,VERB,positive,+ s,2
szantan,VERB,negative,- s,1
szantaż,VERB,negative,- s,3
szantażysta,VERB,negative,- m,2
szantrapa,VERB,negative,- m,2
szara eminencja,VERB,positive,+ s,1
szara mysz,VERB,negative,- m,2
szara myszka,VERB,negative,- s,2
szara strefa,VERB,negative,- s,1
szaraczek,VERB,negative,- s,2
szarak,VERB,negative,- m,2
szarawy,ADV,negative,- s,2
szarlatan,VERB,negative,- m,2
szarlatański,ADV,negative,- m,4
szarmancki,ADV,positive,+ s,5
szarmancko,ADJ,positive,+ s,2
szarmanckość,VERB,positive,+ m,2
szarmant,VERB,positive,+ m,2
szarmanteria,VERB,positive,+ m,2
szaro,ADJ,negative,- s,4
szarobury,ADV,negative,- s,2
szarość,VERB,negative,- m,2
szarpanina,VERB,negative,- m,6
szarpanka,VERB,negative,- s,5
szarpidrut,VERB,negative,- m,2
szary,ADV,negative,- s,7
szary koniec,VERB,negative,- s,3
szary rynek,VERB,negative,- s,1
szarzyzna,VERB,negative,- m,2
szatan,VERB,negative,- s,4
szatanista,VERB,negative,- m,2
szatanistyczny,ADV,negative,- s,3
szatański,ADV,negative,- m,4
szatańskość,VERB,negative,- m,2
szaweł,VERB,negative,- m,2
szał,VERB,negative,- m,3
szałaput,VERB,negative,- s,2
szałaputa,VERB,negative,- s,2
szałowy,ADV,positive,+ m,2
szczapa,VERB,negative,- m,2
szczapowaty,ADV,negative,- s,1
szczaw,VERB,negative,- s,2
szczawik,VERB,negative,- m,2
szczebiotliwy,ADV,positive,+ s,6
szczeciniasty,ADV,negative,- s,1
szczegółowo,ADJ,positive,+ s,3
szczegółowość,VERB,positive,+ s,1
szczekanie,VERB,negative,- s,1
szczekać,NOUN,negative,- s,8
szczekliwy,ADV,negative,- s,14
szczeknąć,NOUN,negative,- m,2
szczelność,VERB,positive,+ s,1
szczelny,ADV,positive,+ s,4
szczeniacki,ADV,negative,- m,2
szczeniackość,VERB,negative,- m,2
szczeniactwo,VERB,negative,- m,2
szczeniak,VERB,negative,- m,2
szczeniarnia,VERB,negative,- s,2
szczenięcy,ADV,negative,- s,2
szczepionka,VERB,positive,+ s,2
szczerba,VERB,negative,- s,1
szczerbaty,ADV,negative,- s,3
szczerbić,NOUN,negative,- s,3
szczery,ADV,positive,+ s,6
szczodrobliwość,VERB,positive,+ s,2
szczodrobliwy,ADV,positive,+ s,4
szczodrość,VERB,positive,+ s,2
szczodry,ADV,positive,+ s,10
szczotkować,NOUN,positive,+ s,1
szczuplusieńki,ADV,negative,- s,2
szczuplutki,ADV,negative,- s,4
szczupłość,VERB,positive,+ s,2
szczupły,ADV,positive,+ s,3
szczur,VERB,negative,- m,2
szczurek,VERB,positive,+ s,1
szczurowaty,ADV,negative,- s,4
szczurzy,ADV,negative,- s,4
szczwany,ADV,positive,+ s,1
szczyl,VERB,negative,- m,2
szczyt góry lodowej,VERB,negative,- s,1
szczyt szczytów,VERB,negative,- m,2
szczyt wszystkiego,VERB,negative,- m,2
szczytny,ADV,positive,+ m,2
szczytowy,ADV,positive,+ m,2
szczątek,VERB,negative,- s,2
szczątkowy,ADV,negative,- s,2
szczękliwy,ADV,negative,- s,2
szczęsny,ADV,positive,+ m,2
szczęściarz,VERB,positive,+ m,2
szczęście,VERB,positive,+ m,6
szczęściodajny,ADV,positive,+ m,2
szczęśliwie,ADJ,positive,+ s,7
szczęśliwiec,VERB,positive,+ m,2
szczęśliwość,VERB,positive,+ m,6
szczęśliwy,ADV,positive,+ m,12
szeleszczący argument,VERB,negative,- s,2
szelmostwo,VERB,negative,- m,4
szelmowski,ADV,negative,- s,5
szemranie,VERB,negative,- s,2
szemrany,ADV,negative,- s,2
szeregowy,ADV,negative,- s,1
szerokobiodry,ADV,positive,+ s,1
szewska pasja,VERB,negative,- m,2
sześciogwiazdkowy,ADV,positive,+ s,2
sześciorzędny,ADV,negative,- s,3
szkapa,VERB,negative,- m,2
szkarada,VERB,negative,- m,2
szkaradnik,VERB,negative,- s,5
szkaradność,VERB,negative,- s,3
szkaradny,ADV,negative,- m,4
szkaradziejstwo,VERB,negative,- m,2
szkaradzieństwo,VERB,negative,- m,2
szkaradztwo,VERB,negative,- m,2
szkatuła,VERB,positive,+ s,2
szkielet,VERB,negative,- m,1
szkieletor,VERB,negative,- m,2
szkieletowaty,ADV,negative,- s,4
szklanka,VERB,negative,- s,2
szklany,ADV,negative,- m,2
szklany sufit,VERB,negative,- m,2
szklisty,ADV,negative,- s,2
szkoda,VERB,negative,- m,4
szkodliwość,VERB,negative,- s,2
szkodliwy,ADV,negative,- m,2
szkodnik,VERB,negative,- s,2
szkolarstwo,VERB,negative,- s,3
szkolenie,VERB,positive,+ s,1
szkolić,NOUN,positive,+ s,2
szkolny,ADV,negative,- s,5
szkopski,ADV,negative,- m,2
szkopuł,VERB,negative,- s,2
szkoła,VERB,negative,- s,3
szkrab,VERB,positive,+ s,2
szkrabek,VERB,positive,+ s,2
szkrabik,VERB,positive,+ s,2
szkudnik,VERB,negative,- s,2
szkółkowy,ADV,negative,- s,1
szlaban,VERB,negative,- s,2
szlachciura,VERB,negative,- s,2
szlachetnieć,NOUN,positive,+ m,8
szlachetność,VERB,positive,+ s,4
szlachetny,ADV,positive,+ m,8
szlachtować,NOUN,negative,- m,4
szlag,VERB,negative,- s,2
szlag by to trafił,VERB,negative,- s,2
szlagier,VERB,positive,+ s,1
szlagierowy,ADV,positive,+ s,2
szlagon,VERB,negative,- s,2
szlamowaty,ADV,negative,- s,1
szlifować,NOUN,positive,+ s,2
szloch,VERB,negative,- s,3
szlochać,NOUN,negative,- m,2
szmaciany,ADV,negative,- s,3
szmaciarski,ADV,negative,- m,4
szmaciarz,VERB,negative,- s,8
szmaja,VERB,negative,- s,2
szmalcownik,VERB,negative,- m,2
szmata,VERB,negative,- s,8
szmatławy,ADV,negative,- s,14
szmelc,VERB,negative,- s,3
szmer,VERB,negative,- s,3
szmira,VERB,negative,- s,2
szmirowatość,VERB,negative,- m,2
szmirowaty,ADV,negative,- m,2
szmirus,VERB,negative,- m,2
szmugiel,VERB,negative,- s,5
szmugler,VERB,negative,- m,2
szmuglerz,VERB,negative,- m,2
szmuglować,NOUN,negative,- s,2
sznyt,VERB,positive,+ s,3
szoah,VERB,negative,- s,2
szopa,VERB,negative,- s,2
szopowaty,ADV,negative,- s,3
szorstki,ADV,negative,- s,4
szorstkość,VERB,negative,- m,2
szowinista,VERB,negative,- m,2
szowinistka,VERB,negative,- s,2
szowinistyczny,ADV,negative,- s,3
szowinizm,VERB,negative,- m,2
szpachlować,NOUN,negative,- s,2
szpagatowy,ADV,negative,- s,4
szpan,VERB,negative,- s,2
szpaner,VERB,negative,- m,2
szpanerski,ADV,negative,- s,2
szpanersko,ADJ,negative,- s,2
szpanerstwo,VERB,negative,- m,2
szpanowanie,VERB,negative,- m,2
szpanować,NOUN,negative,- s,2
szpargał,VERB,negative,- s,2
szparki,ADV,positive,+ s,2
szpetny,ADV,negative,- s,7
szpetota,VERB,negative,- s,3
szpieg,VERB,negative,- m,2
szpieg gospodarczy,VERB,negative,- s,2
szpiegostwo,VERB,negative,- m,1
szpiegus,VERB,negative,- m,2
szpilkowaty,ADV,negative,- s,2
szponiasty,ADV,negative,- s,2
szpotawy,ADV,negative,- s,3
szprycha,VERB,positive,+ s,2
sztachać,NOUN,negative,- s,2
sztachać się,NOUN,negative,- s,2
sztachnąć,NOUN,negative,- m,2
sztachnąć się,NOUN,negative,- s,2
sztajmes,VERB,negative,- m,2
sztama,VERB,positive,+ s,2
sztampowość,VERB,negative,- s,3
sztampowy,ADV,negative,- m,2
sztanca,VERB,negative,- s,3
sztorm,VERB,negative,- s,2
sztosik,VERB,positive,+ s,1
sztubacki,ADV,negative,- m,2
sztubackość,VERB,negative,- s,2
sztubactwo,VERB,negative,- s,2
sztuczność,VERB,negative,- s,3
sztuczny,ADV,negative,- s,8
sztuka,VERB,positive,+ s,3
szturchaniec,VERB,negative,- s,2
szturchanina,VERB,negative,- s,2
szturchać,NOUN,negative,- s,3
szturchnięcie,VERB,negative,- s,2
sztyletowy,ADV,negative,- s,2
sztywniacki,ADV,negative,- s,4
sztywniak,VERB,negative,- s,2
sztywny,ADV,negative,- s,14
sztywny jak drewno,ADV,negative,- s,2
szubienicznik,VERB,negative,- m,2
szubrawiec,VERB,negative,- m,2
szubrawstwo,VERB,negative,- m,2
szubrawy,ADV,negative,- s,2
szufladowy,ADV,negative,- s,1
szuja,VERB,negative,- m,2
szuler,VERB,negative,- m,2
szulerka,VERB,negative,- s,5
szulernia,VERB,negative,- s,1
szulerstwo,VERB,negative,- m,2
szum,VERB,negative,- s,4
szum informacyjny,VERB,negative,- s,2
szumek,VERB,negative,- s,2
szumny,ADV,negative,- s,2
szumowina,VERB,negative,- m,2
szurnięty,ADV,negative,- m,2
szusować,NOUN,positive,+ s,2
szwadron śmierci,VERB,negative,- s,3
szwank,VERB,negative,- s,2
szwarcownik,VERB,negative,- m,2
szwargotliwy,ADV,negative,- s,4
szybciuteńki,ADV,positive,+ s,2
szybciutki,ADV,positive,+ s,2
szybkonogi,ADV,positive,+ s,2
szyderca,VERB,negative,- m,2
szyderczo,ADJ,negative,- s,2
szyderczy,ADV,negative,- s,4
szyderstwo,VERB,negative,- s,4
szyk,VERB,positive,+ s,3
szykana,VERB,negative,- m,2
szykany,VERB,negative,- m,2
szykowny,ADV,positive,+ m,4
szympansi,ADV,negative,- m,2
szynkownia,VERB,negative,- s,1
szóstka,VERB,positive,+ s,2
szóstkowy,ADV,positive,+ m,4
sójka,VERB,negative,- s,2
sól w oku,VERB,negative,- m,2
sól ziemi,VERB,positive,+ m,2
sąd doraźny,VERB,negative,- s,1
sądny,ADV,negative,- s,2
sądny dzień,VERB,negative,- m,3
sąsiedzki,ADV,positive,+ s,1
sędziwy,ADV,positive,+ s,2
sęp,VERB,negative,- s,2
sępić,NOUN,negative,- s,6
sępić się,NOUN,negative,- s,2
słabawy,ADV,negative,- s,23
słabeusz,VERB,negative,- s,4
słabiak,VERB,negative,- s,4
słabieńki,ADV,negative,- s,18
słabiuchny,ADV,negative,- s,22
słabiuteńki,ADV,negative,- s,16
słabiutki,ADV,negative,- s,22
słabosilny,ADV,negative,- s,2
słabowidzący,ADV,negative,- s,2
słabowitość,VERB,negative,- s,2
słabowity,ADV,negative,- s,2
słabość,VERB,negative,- s,6
słaby,ADV,negative,- s,32
sława,VERB,positive,+ s,2
sławetny,ADV,negative,- s,2
słodki,ADV,positive,+ s,10
słodki jak cukier,ADV,positive,+ m,2
słodki jak cukierek,ADV,positive,+ m,2
słodycz,VERB,positive,+ m,4
słodziuchny,ADV,positive,+ s,11
słodziuteńki,ADV,positive,+ s,9
słodziutki,ADV,positive,+ s,11
słodziuśki,ADV,positive,+ s,11
słodzić,NOUN,negative,- s,2
słoik,VERB,negative,- m,2
słomiana wdowa,VERB,negative,- s,2
słomiany wdowiec,VERB,negative,- s,2
słonawy,ADV,negative,- s,2
słoneczny,ADV,positive,+ s,8
słoniowaty,ADV,negative,- s,8
słoniowy,ADV,negative,- s,4
słonko,VERB,positive,+ s,2
słony,ADV,negative,- s,2
słowiczy,ADV,positive,+ s,1
słowikowy,ADV,positive,+ s,1
słowność,VERB,positive,+ s,2
słowny,ADV,positive,+ s,3
słowo,VERB,positive,+ s,2
słowolejstwo,VERB,negative,- s,2
słoń,VERB,negative,- m,2
słońce,VERB,positive,+ s,2
słuch,VERB,positive,+ s,1
słuchać się,NOUN,positive,+ s,1
sługa sług bożych,VERB,positive,+ s,1
sługus,VERB,negative,- m,2
słuszność,VERB,positive,+ s,3
słuszny,ADV,positive,+ s,6
służalczość,VERB,negative,- m,2
służalczy,ADV,negative,- s,4
służalec,VERB,negative,- s,4
służalstwo,VERB,negative,- m,2
służały,ADV,positive,+ s,2
służba,VERB,positive,+ s,2
służbista,VERB,negative,- s,2
służbistość,VERB,negative,- s,2
służbisty,ADV,negative,- s,1
służebność,VERB,negative,- s,2
służyć,NOUN,positive,+ s,2
słyszący,ADV,positive,+ s,1
tabletka stulecia,VERB,positive,+ s,1
tabu,VERB,negative,- s,4
tachać,NOUN,negative,- s,2
taikonauta,VERB,negative,- s,2
tajemnica,VERB,negative,- s,2
tajemniczość,VERB,positive,+ s,2
tajemniczy,ADV,negative,- s,3
tajkonauta,VERB,negative,- s,2
tajniacki,ADV,negative,- s,4
tajny współpracownik,VERB,negative,- s,2
tak sobie,ADJ,negative,- s,2
taki sobie,ADV,negative,- s,3
takt,VERB,positive,+ s,2
taktowność,VERB,positive,+ s,4
taktowny,ADV,positive,+ s,4
taktyczny,ADV,positive,+ s,2
taktyk,VERB,negative,- s,1
talent,VERB,positive,+ s,4
talia osy,VERB,positive,+ s,2
talib,VERB,negative,- m,2
talmudycznie,ADJ,negative,- s,1
talmudyczny,ADV,negative,- m,2
talmudysta,VERB,negative,- s,2
tam do kata,VERB,negative,- s,2
tama,VERB,negative,- s,2
tancbuda,VERB,negative,- s,2
tandeciarz,VERB,negative,- s,4
tandeta,VERB,negative,- s,4
tandetnie,ADJ,negative,- s,3
tandetny,ADV,negative,- s,9
tani,ADV,negative,- s,2
taniutki,ADV,positive,+ s,4
tantalowy,ADV,negative,- m,2
tapetowy,ADV,negative,- s,2
tarapaty,VERB,negative,- s,2
tarcia,VERB,negative,- s,2
tarcza,VERB,positive,+ m,2
targanina,VERB,negative,- m,2
targać,NOUN,negative,- s,11
targać się,NOUN,negative,- s,2
targnąć,NOUN,negative,- s,3
targnąć się,NOUN,negative,- s,3
targować się,NOUN,negative,- s,2
tasiemcowaty,ADV,negative,- s,4
tasiemcowy,ADV,negative,- s,6
tasiemiec,VERB,negative,- s,2
taskać,NOUN,negative,- s,2
taszczyć,NOUN,negative,- s,3
tata,VERB,positive,+ s,2
tato,VERB,positive,+ s,2
tatusiek,VERB,negative,- s,3
tatusiowy,ADV,positive,+ s,1
tatuś,VERB,positive,+ s,2
tałatajstwo,VERB,negative,- m,2
tałałajstwo,VERB,negative,- s,3
tańcować,NOUN,positive,+ s,1
tańczyć,NOUN,negative,- s,5
tańczący,ADV,positive,+ s,1
taśmowy,ADV,negative,- s,2
tchórz,VERB,negative,- m,2
tchórzliwość,VERB,negative,- m,2
tchórzliwy,ADV,negative,- m,4
tchórzostwo,VERB,negative,- s,5
tchórzowski,ADV,negative,- m,2
teatralizacja,VERB,negative,- s,2
teatralność,VERB,negative,- s,2
teatralny,ADV,negative,- s,2
technicystyczny,ADV,negative,- s,1
technika,VERB,positive,+ s,2
technofob,VERB,negative,- s,2
technokracja,VERB,negative,- s,1
teflonowy,ADV,positive,+ s,2
teledyskowy,ADV,negative,- s,2
telefonizacja,VERB,positive,+ s,1
telegeniczny,ADV,positive,+ s,1
telegraficzność,VERB,negative,- s,2
telemaniak,VERB,negative,- s,2
telenowelowy,ADV,negative,- s,2
telepajęczarstwo,VERB,negative,- s,2
telepajęczarz,VERB,negative,- m,2
telewizornia,VERB,negative,- s,1
telewizyjny,ADV,positive,+ s,4
temperament,VERB,positive,+ s,6
temperamentny,ADV,positive,+ s,2
tendencyjność,VERB,negative,- s,5
tendencyjny,ADV,negative,- s,6
tentacja,VERB,negative,- s,1
teoretyczny,ADV,negative,- s,2
teozof,VERB,negative,- s,2
terapeutyczny,ADV,positive,+ s,2
terapia,VERB,positive,+ s,2
teratogenny,ADV,negative,- m,1
terać,NOUN,negative,- s,2
terkotliwy,ADV,negative,- s,3
termin zerowy,VERB,positive,+ s,1
terminalny,ADV,negative,- m,3
terminowość,VERB,positive,+ s,2
terminowy,ADV,negative,- s,7
termomodernizacja,VERB,positive,+ s,1
terror,VERB,negative,- m,2
terrorysta,VERB,negative,- m,2
terroryzm,VERB,negative,- s,3
test,VERB,positive,+ s,3
testament,VERB,positive,+ s,1
testowalny,ADV,positive,+ s,1
tetryk,VERB,negative,- s,2
teutoński,ADV,negative,- s,1
tikać,NOUN,negative,- s,2
tirówa,VERB,negative,- m,2
tirówka,VERB,negative,- s,3
tkliwie,ADJ,positive,+ s,2
tkliwość,VERB,negative,- s,2
tkliwy,ADV,positive,+ s,7
toaletowy,ADV,negative,- s,2
toast,VERB,positive,+ s,1
toczyć,NOUN,negative,- s,2
toczyć się,NOUN,negative,- s,3
toksyczność,VERB,negative,- s,3
toksyczny,ADV,negative,- m,4
tolerancja,VERB,positive,+ s,2
tolerancyjny,ADV,positive,+ s,6
tonus życiowy,VERB,positive,+ s,2
tonąć,NOUN,negative,- s,7
top,VERB,positive,+ s,5
topić,NOUN,negative,- s,11
topić się,NOUN,negative,- s,6
toporność,VERB,negative,- s,4
toporny,ADV,negative,- s,9
topowy,ADV,positive,+ s,2
topór wojenny,VERB,negative,- m,2
torba,VERB,negative,- m,2
tortura,VERB,negative,- m,2
tortura wodna,VERB,negative,- s,1
totalitarność,VERB,negative,- s,2
totalitarysta,VERB,negative,- s,1
totalitaryzm,VERB,negative,- m,2
totalny,ADV,negative,- s,2
towar,VERB,positive,+ s,2
towarzyski,ADV,positive,+ s,2
towarzyskość,VERB,positive,+ s,2
towarzystwo,VERB,positive,+ s,1
towarzystwo wzajemnej adoracji,VERB,negative,- s,2
towarzysz,VERB,positive,+ s,3
towarzyszyć,NOUN,positive,+ s,2
tracić,NOUN,negative,- s,4
trafienie,VERB,positive,+ s,3
trafnie,ADJ,positive,+ s,4
trafność,VERB,positive,+ m,2
trafny,ADV,positive,+ s,6
tragedia,VERB,negative,- m,2
tragiczny,ADV,negative,- m,10
tragifarsowy,ADV,negative,- s,2
tragikomedia,VERB,negative,- s,2
tragikomiczny,ADV,positive,+ s,1
trajkotka,VERB,negative,- s,2
trampkarski,ADV,negative,- s,2
transparencja,VERB,positive,+ s,2
transparentność,VERB,positive,+ s,2
transparentny,ADV,positive,+ s,5
trauma,VERB,negative,- m,2
traumatyczny,ADV,negative,- m,2
trawelebryta,VERB,negative,- s,1
trefny,ADV,negative,- s,5
trema,VERB,negative,- s,2
trendowy,ADV,positive,+ s,2
trener,VERB,positive,+ s,1
trening,VERB,positive,+ s,1
trenować,NOUN,positive,+ s,2
trep,VERB,negative,- s,4
treściwość,VERB,positive,+ m,2
treściwy,ADV,positive,+ s,4
triumfalistyczny,ADV,negative,- s,2
triumfalizm,VERB,negative,- m,2
triumfalny,ADV,positive,+ s,6
triumfator,VERB,positive,+ m,2
trocinowy,ADV,negative,- s,2
trofeum,VERB,positive,+ s,2
troglodyta,VERB,negative,- m,2
troll,VERB,positive,+ s,4
trollować,NOUN,negative,- s,2
trolować,NOUN,negative,- s,2
tromtadracja,VERB,negative,- s,2
tromtadracki,ADV,negative,- s,2
tromtadrata,VERB,negative,- s,2
tron,VERB,positive,+ s,2
tron piotrowy,VERB,positive,+ s,1
trop,VERB,positive,+ s,1
tropiciel,VERB,positive,+ s,2
tropik,VERB,negative,- m,1
troska,VERB,positive,+ s,6
troskliwość,VERB,positive,+ s,2
troskliwy,ADV,positive,+ s,4
truchło,VERB,negative,- s,2
truciciel,VERB,negative,- m,4
trucicielstwo,VERB,negative,- s,4
trucie,VERB,negative,- m,2
trucizna,VERB,negative,- s,5
trudnawy,ADV,negative,- s,2
trudno,ADJ,negative,- s,2
trudność,VERB,negative,- s,4
trudny,ADV,negative,- s,7
trujdupa,VERB,negative,- s,3
trujący,ADV,negative,- m,2
trup,VERB,negative,- s,7
trupi,ADV,negative,- s,6
trupiarnia,VERB,negative,- s,3
trupioblady,ADV,negative,- s,4
trupiogłowy,ADV,negative,- s,2
trust mózgów,VERB,positive,+ s,1
truteń,VERB,negative,- m,2
trwałość,VERB,positive,+ s,5
trwały,ADV,positive,+ s,3
trwoga,VERB,negative,- m,2
trwożliwie,ADJ,negative,- s,2
trwożliwość,VERB,negative,- s,3
trwożliwy,ADV,negative,- m,4
trwożny,ADV,negative,- s,4
trybik,VERB,negative,- s,2
trylionowy,ADV,negative,- s,2
tryskać,NOUN,positive,+ m,1
tryumfalizm,VERB,negative,- m,2
tryumfalny,ADV,positive,+ s,2
tryumfator,VERB,positive,+ m,2
trywialność,VERB,negative,- m,2
trywialny,ADV,negative,- m,2
trzeci świat,VERB,negative,- m,2
trzecioligowy,ADV,negative,- s,2
trzecioplanowy,ADV,negative,- s,1
trzeciorzędny,ADV,negative,- s,3
trzeciorzędowy,ADV,negative,- s,2
trzecioświatowy,ADV,negative,- s,3
trzepotliwy,ADV,negative,- s,4
trzeźwość,VERB,positive,+ s,4
trzeźwy,ADV,positive,+ s,10
trzoda,VERB,negative,- s,3
trzpiotostwo,VERB,negative,- s,2
trzpiotowatość,VERB,negative,- s,2
trzpiotowaty,ADV,positive,+ s,1
trzymać się,NOUN,positive,+ s,21
trząść dupą,NOUN,negative,- s,2
trząść portkami,NOUN,negative,- s,2
trzęsimajtek,VERB,negative,- s,2
trzęsiportek,VERB,negative,- s,2
trójka,VERB,negative,- s,1
trójkowicz,VERB,negative,- m,2
trójkowy,ADV,negative,- s,2
trójkąt bermudzki,VERB,negative,- s,2
trąba,VERB,negative,- s,5
trąba jerychońska,VERB,negative,- s,2
trąbiasty,ADV,negative,- m,2
trącić myszką,NOUN,negative,- s,2
tufta,VERB,negative,- m,2
tuman,VERB,negative,- m,2
tumanieć,NOUN,negative,- m,4
tumanowaty,ADV,negative,- m,4
tumiwisizm,VERB,negative,- m,2
tumult,VERB,negative,- s,4
tuning,VERB,positive,+ s,1
tuning komputerów,VERB,positive,+ s,1
tuningować,NOUN,positive,+ s,4
tupeciarz,VERB,negative,- s,2
tupecik,VERB,negative,- s,1
tupet,VERB,negative,- m,2
turaniec,VERB,negative,- s,1
turas,VERB,negative,- s,6
turysta,VERB,positive,+ s,1
tutti frutti,VERB,negative,- s,2
tuz,VERB,positive,+ m,2
tuzinkowy,ADV,negative,- s,2
tułacz,VERB,negative,- s,4
tułaczka,VERB,negative,- s,4
tw,VERB,negative,- s,2
twardawy,ADV,negative,- s,2
twarde lądowanie,VERB,negative,- s,4
twarde porno,VERB,negative,- s,1
twardogłowość,VERB,negative,- s,2
twardogłowy,ADV,negative,- m,2
twardogłowy,VERB,negative,- s,2
twardoskóry,ADV,positive,+ s,2
twardy,ADV,negative,- s,8
twardy jak diament,ADV,positive,+ s,3
twardy jak krzemień,ADV,positive,+ s,3
twardziel,VERB,positive,+ m,2
twarzowiec,VERB,negative,- s,1
twarzowy,ADV,positive,+ s,4
twierdza,VERB,positive,+ s,2
tworzyć,NOUN,positive,+ s,1
twór,VERB,negative,- s,2
twórczość,VERB,positive,+ s,3
twórczy,ADV,positive,+ s,6
tyczka,VERB,negative,- s,2
tyczkowaty,ADV,negative,- s,2
tyfus plamisty,VERB,negative,- m,2
tygrysi,ADV,positive,+ m,2
tygrysica,VERB,positive,+ m,2
tyka,VERB,negative,- s,2
tykowaty,ADV,negative,- s,1
tymczasowość,VERB,negative,- s,2
tynkować,NOUN,negative,- s,2
tynkowy,ADV,negative,- s,2
typ,VERB,negative,- s,2
typ spod ciemnej gwiazdy,VERB,negative,- s,2
typek,VERB,negative,- s,2
tyran,VERB,negative,- s,5
tyrać,NOUN,negative,- s,5
tyrać się,NOUN,negative,- s,2
tyrański,ADV,negative,- m,2
tyrka,VERB,negative,- s,1
tysiąckrotny,ADV,positive,+ m,2
tytan,VERB,positive,+ m,2
tytan pracy,VERB,positive,+ m,2
tytaniczny,ADV,positive,+ s,2
tytoniowy,ADV,negative,- s,1
tytuł,VERB,positive,+ s,2
tęcza,VERB,positive,+ s,1
tęczowy,ADV,positive,+ s,2
tęga głowa,VERB,positive,+ m,2
tęgawy,ADV,negative,- s,3
tęgi,ADV,negative,- s,4
tęgi umysł,VERB,positive,+ m,2
tęgość,VERB,negative,- s,2
tępak,VERB,negative,- m,2
tępawy,ADV,negative,- s,5
tępiciel,VERB,negative,- s,1
tępogłowy,ADV,negative,- s,3
tępota,VERB,negative,- m,2
tępość,VERB,negative,- m,2
tępy,ADV,negative,- s,8
tęskliwość,VERB,negative,- s,2
tęskliwy,ADV,negative,- s,2
tęsknota,VERB,negative,- m,4
tęskny,ADV,negative,- s,3
tężyzna,VERB,positive,+ m,2
tło,VERB,negative,- m,2
tłoczek,VERB,negative,- s,1
tłoczność,VERB,negative,- m,2
tłok,VERB,negative,- s,2
tłuczek,VERB,negative,- m,2
tłuczeniec,VERB,negative,- s,2
tłuk,VERB,negative,- m,2
tłuk pancerny,VERB,negative,- m,2
tłum,VERB,negative,- s,3
tłumaczyć,NOUN,positive,+ s,6
tłumaczyć się,NOUN,positive,+ s,1
tłumiciel,VERB,negative,- s,2
tłumić,NOUN,positive,+ s,1
tłumok,VERB,negative,- m,2
tłustawy,ADV,negative,- s,5
tłuste lata,VERB,positive,+ s,2
tłustość,VERB,negative,- s,2
tłusty,ADV,negative,- s,7
tłuszcza,VERB,negative,- m,2
tłuścioch,VERB,negative,- m,2
tłuściuchny,ADV,positive,+ s,3
tłuściutki,ADV,positive,+ s,4
u diabła,VERB,negative,- s,2
u kaduka,VERB,negative,- s,2
u kata,VERB,negative,- s,2
uatrakcyjniać,NOUN,positive,+ s,2
ubabrać,NOUN,negative,- s,8
ubabrać się,NOUN,negative,- s,4
ubarwiać,NOUN,positive,+ s,4
ubarwiać się,NOUN,positive,+ s,6
ubarwić,NOUN,positive,+ s,4
ubarwić się,NOUN,positive,+ s,6
ubaw,VERB,positive,+ s,1
ubawiać,NOUN,positive,+ s,4
ubawiać się,NOUN,positive,+ s,2
ubawić,NOUN,positive,+ s,4
ubawić się,NOUN,positive,+ s,3
ubecja,VERB,negative,- m,2
ubecki,ADV,negative,- s,6
ubek,VERB,negative,- m,2
ubezpieczenie,VERB,positive,+ s,1
ubijać,NOUN,positive,+ s,6
ubijać się,NOUN,negative,- s,2
ubić,NOUN,positive,+ s,6
ubić się,NOUN,negative,- s,1
ubogi,ADV,negative,- s,4
ubogi,VERB,negative,- s,1
ubogo,ADJ,negative,- s,2
ubogość,VERB,negative,- s,5
ubolewanie,VERB,negative,- s,3
ubowiec,VERB,negative,- m,2
ubożeć,NOUN,negative,- s,4
ubożuchno,ADJ,negative,- s,2
ubożuchny,ADV,negative,- m,6
ubranie ochronne,VERB,positive,+ s,2
ubytek,VERB,negative,- s,6
ubywać,NOUN,negative,- s,1
ubyć,NOUN,negative,- s,2
ubóstwiany,ADV,positive,+ s,3
ubóstwiać,NOUN,positive,+ m,2
ubóstwienie,VERB,positive,+ m,2
ubóstwiony,ADV,positive,+ m,2
ubóstwo,VERB,negative,- s,4
ucementować,NOUN,positive,+ s,3
ucho igielne,VERB,negative,- s,5
uchodzić,NOUN,positive,+ s,5
uchodzić płazem,NOUN,positive,+ s,1
uchodzić z życiem,NOUN,positive,+ s,4
uchodźca,VERB,negative,- s,2
uchodźstwo,VERB,negative,- m,1
uchować,NOUN,positive,+ s,8
uchować się,NOUN,positive,+ s,4
uchowywać,NOUN,positive,+ s,8
uchowywać się,NOUN,positive,+ s,4
uchronić,NOUN,positive,+ s,2
uchylać rąbka tajemnicy,NOUN,positive,+ s,2
uchylić rąbka tajemnicy,NOUN,positive,+ s,2
uciecha,VERB,positive,+ s,4
ucieczka,VERB,negative,- s,4
ucieczkowy,ADV,negative,- s,2
uciekinier,VERB,negative,- s,2
uciemiężać,NOUN,negative,- s,2
uciemiężony,ADV,negative,- m,2
uciemiężyć,NOUN,negative,- m,4
ucieszny,ADV,positive,+ s,2
ucinać,NOUN,positive,+ s,10
ucinać się,NOUN,negative,- s,8
ucisk,VERB,negative,- m,2
uciąć,NOUN,negative,- s,6
uciąć się,NOUN,negative,- s,8
uciążliwość,VERB,negative,- s,2
uciążliwy,ADV,negative,- m,2
uciśniony,ADV,negative,- s,3
uczciwość,VERB,positive,+ m,2
uczciwy,ADV,positive,+ s,13
uczcić,NOUN,positive,+ s,4
uczepiać się,NOUN,negative,- s,8
uczepić się,NOUN,negative,- s,8
uczniacki,ADV,negative,- s,2
uczniowski,ADV,negative,- s,4
uczony,ADV,positive,+ m,2
uczony,VERB,positive,+ m,2
uczta,VERB,positive,+ s,4
ucztować,NOUN,positive,+ s,2
uczucie,VERB,positive,+ m,2
uczynność,VERB,positive,+ s,2
uczynny,ADV,positive,+ s,5
uczęszczany,ADV,positive,+ s,2
uczłowieczać,NOUN,positive,+ s,6
uczłowieczać się,NOUN,positive,+ s,6
uczłowieczyć,NOUN,positive,+ s,5
uczłowieczyć się,NOUN,positive,+ s,6
udaność,VERB,positive,+ m,2
udany,ADV,positive,+ s,4
udar słoneczny,VERB,negative,- s,1
udatność,VERB,positive,+ s,2
udatny,ADV,positive,+ s,3
udawacz,VERB,negative,- s,2
udawany,ADV,negative,- s,2
udekorować,NOUN,positive,+ s,2
uderzać,NOUN,negative,- s,11
uderzenie,VERB,negative,- s,5
uderzyć,NOUN,negative,- s,11
udogodnienie,VERB,positive,+ s,2
udolny,ADV,positive,+ s,2
udoskonalać,NOUN,positive,+ s,2
udoskonalenie,VERB,positive,+ s,2
udoskonalić,NOUN,positive,+ s,2
udostępniać,NOUN,positive,+ s,2
udrożnić,NOUN,positive,+ s,1
udręczenie,VERB,negative,- m,4
udręka,VERB,negative,- m,4
uduchowiony,ADV,positive,+ s,3
udzielać,NOUN,positive,+ s,2
uelastyczniać,NOUN,positive,+ s,2
ufny,ADV,positive,+ s,2
ugadany,ADV,positive,+ s,2
uganiać się,NOUN,negative,- s,6
ugasić,NOUN,positive,+ s,3
ugaszać,NOUN,positive,+ s,3
ugoda,VERB,positive,+ s,2
ugodowiec,VERB,negative,- s,1
ugodowy,ADV,positive,+ s,2
ugotować,NOUN,negative,- s,2
ugościć,NOUN,positive,+ s,2
ugrać,NOUN,positive,+ s,2
ugruntować,NOUN,positive,+ s,2
ugruntowywać,NOUN,positive,+ s,2
ugrzeczniony,ADV,negative,- s,6
ugrzęzły,ADV,negative,- s,7
ugór,VERB,negative,- s,1
ugłaskiwanie,VERB,positive,+ s,2
ujarzmiciel,VERB,negative,- m,2
ujechać,NOUN,negative,- s,1
ujechać się,NOUN,negative,- s,1
ujednostajniać,NOUN,negative,- s,1
ujemność,VERB,negative,- s,2
ujemny,ADV,negative,- s,5
ujeździć,NOUN,positive,+ s,5
ujeździć się,NOUN,positive,+ s,1
ujeżdżać,NOUN,negative,- s,7
ujma,VERB,negative,- m,2
ujmować,NOUN,positive,+ s,3
ujmujący,ADV,positive,+ m,4
ująć,NOUN,positive,+ s,3
ujędrniać,NOUN,positive,+ s,2
ujędrniać się,NOUN,positive,+ s,2
ujędrnić,NOUN,positive,+ s,2
ujędrnić się,NOUN,positive,+ s,2
ujść,NOUN,positive,+ s,10
ujść z życiem,NOUN,positive,+ s,5
ukatrupiać,NOUN,negative,- s,6
ukatrupić,NOUN,negative,- s,4
ukazać się,NOUN,positive,+ s,1
ukisić się,NOUN,negative,- s,4
ukochana,VERB,positive,+ m,2
ukochanie,VERB,positive,+ m,2
ukochany,ADV,positive,+ m,2
ukochany,VERB,positive,+ m,2
ukochać,NOUN,positive,+ s,4
ukoiciel,VERB,positive,+ s,2
ukoić,NOUN,positive,+ s,3
ukontentowanie,VERB,positive,+ m,1
ukoronowanie,VERB,positive,+ s,3
ukrzywdzać,NOUN,negative,- s,3
ukrzywdzić,NOUN,negative,- s,3
układać,NOUN,positive,+ s,4
układać się,NOUN,positive,+ s,1
układność,VERB,negative,- s,1
układny,ADV,positive,+ s,2
układy,VERB,negative,- s,2
ul,VERB,negative,- s,1
uleczalność,VERB,positive,+ s,2
uleczalny,ADV,positive,+ s,1
uległość,VERB,negative,- s,1
uległy,ADV,negative,- s,2
ulepszyć,NOUN,positive,+ s,2
ulewa,VERB,negative,- s,2
ulewny,ADV,negative,- s,2
uleżeć,NOUN,positive,+ s,2
uleżeć się,NOUN,negative,- s,6
ulga,VERB,positive,+ s,4
ulica,VERB,negative,- s,3
ulicznica,VERB,negative,- m,2
ulicznik,VERB,negative,- s,4
uliczny,ADV,negative,- s,3
ulotność,VERB,negative,- s,2
ulotny,ADV,negative,- s,2
ultimatum,VERB,negative,- m,1
ultraczerwony,ADV,negative,- s,1
ultrakatolicki,ADV,negative,- s,2
ultrakonserwatywny,ADV,negative,- s,4
ultranacjonalista,VERB,negative,- s,2
ultranowoczesność,VERB,positive,+ m,2
ultraortodoksyjny,ADV,negative,- s,2
ultraradykalny,ADV,negative,- s,4
ultras,VERB,negative,- m,2
ultymatywny,ADV,negative,- s,1
ulubieniec,VERB,positive,+ m,2
ulubiony,ADV,positive,+ m,2
ululać,NOUN,positive,+ s,2
uląc,NOUN,negative,- s,1
uląc się,NOUN,negative,- s,4
ulęgać,NOUN,positive,+ s,1
ulęgnąć,NOUN,negative,- s,1
ulęgnąć się,NOUN,negative,- s,2
umacniać,NOUN,positive,+ s,6
umacniać się,NOUN,positive,+ s,2
umalować,NOUN,positive,+ s,1
umartwiać,NOUN,negative,- s,7
umartwiać się,NOUN,negative,- s,6
umartwić,NOUN,negative,- s,6
umartwić się,NOUN,negative,- s,4
umarzalny,ADV,positive,+ s,1
umarły,ADV,negative,- m,2
umiar,VERB,positive,+ s,4
umiarkowanie,VERB,positive,+ s,2
umiarkowany,ADV,positive,+ s,7
umiejętność,VERB,positive,+ s,4
umiejętny,ADV,positive,+ s,4
umieralnia,VERB,negative,- m,2
umieralność,VERB,negative,- s,1
umieranie,VERB,negative,- s,2
umierać,NOUN,negative,- s,4
umilać,NOUN,positive,+ s,2
umilić,NOUN,positive,+ s,2
umizg,VERB,negative,- s,2
umizgliwy,ADV,negative,- s,4
umięśniony,ADV,positive,+ s,4
umiłowana,VERB,positive,+ s,2
umiłowanie,VERB,positive,+ s,2
umiłowany,ADV,positive,+ m,2
umocnić,NOUN,positive,+ s,6
umocnić się,NOUN,positive,+ s,3
umoralniać,NOUN,positive,+ s,6
umoralniać się,NOUN,positive,+ s,2
umoralnić,NOUN,positive,+ s,8
umoralnić się,NOUN,positive,+ s,4
umotywowany,ADV,positive,+ s,2
umowa,VERB,positive,+ s,1
umrzeć,NOUN,negative,- s,4
umuzykalniać,NOUN,positive,+ s,3
umuzykalniony,ADV,positive,+ s,2
umuzykalnić,NOUN,positive,+ s,3
umysł,VERB,positive,+ s,1
umyć,NOUN,positive,+ s,1
umyślny,ADV,negative,- s,1
undyna,VERB,negative,- s,1
unerwiać,NOUN,negative,- s,2
unerwić,NOUN,negative,- s,2
unerwić się,NOUN,negative,- s,2
uniesienie,VERB,positive,+ m,2
unieśmiertelniać,NOUN,positive,+ s,2
unieśmiertelniać się,NOUN,positive,+ s,2
unieśmiertelnić,NOUN,positive,+ s,2
unieśmiertelnić się,NOUN,positive,+ s,2
unifikator,VERB,positive,+ s,1
unik,VERB,negative,- s,2
unikalność,VERB,positive,+ s,2
unikalny,ADV,positive,+ m,2
unikatowy,ADV,positive,+ m,2
unikać,NOUN,positive,+ s,3
uniwersalista,VERB,positive,+ s,2
uniwersalizm,VERB,positive,+ m,2
uniwersalność,VERB,positive,+ s,2
uniwersalny,ADV,positive,+ s,3
uniwersytecki,ADV,positive,+ m,1
uniwersytutka,VERB,negative,- s,2
uniżony,ADV,negative,- s,4
unormować,NOUN,positive,+ s,2
unowocześnienie,VERB,positive,+ s,2
uodporniać,NOUN,positive,+ s,2
upadek,VERB,negative,- m,2
upadłość,VERB,negative,- m,2
upamiętniać,NOUN,positive,+ s,4
upamiętnić,NOUN,positive,+ s,4
upaprać,NOUN,negative,- s,2
uparciuch,VERB,negative,- s,1
uparty,ADV,negative,- s,4
uparty jak kozioł,ADV,negative,- m,2
upał,VERB,negative,- m,2
upierdliwiec,VERB,negative,- s,3
upierdliwy,ADV,negative,- s,4
upiornica,VERB,negative,- s,2
upiornie,ADJ,negative,- m,2
upiorny,ADV,negative,- m,4
upiór,VERB,negative,- m,2
upiękniać,NOUN,positive,+ s,2
upięknić,NOUN,positive,+ s,2
upodobanie,VERB,positive,+ s,3
upojenie,VERB,negative,- s,2
upojenie alkoholowe,VERB,negative,- m,1
upojność,VERB,positive,+ m,2
upojny,ADV,positive,+ s,5
upokarzanie się,VERB,negative,- m,2
upokorzenie,VERB,negative,- m,2
uporczywość,VERB,negative,- m,2
uporczywy,ADV,negative,- m,2
uporządkować,NOUN,positive,+ s,8
uporządkowywać,NOUN,positive,+ s,8
upowszechnić,NOUN,positive,+ s,1
upośledzenie,VERB,negative,- s,3
upośledzenie umysłowe,VERB,negative,- s,1
upośledzony,ADV,negative,- s,3
upragniony,ADV,positive,+ m,2
upraszczać,NOUN,positive,+ s,2
uprawiacz,VERB,positive,+ s,2
uprawniony,ADV,positive,+ s,2
uprać,NOUN,positive,+ s,5
uprać się,NOUN,positive,+ s,3
uprowadzenie,VERB,negative,- s,3
uprowadziciel,VERB,negative,- m,2
uprzedzający,ADV,positive,+ s,1
uprzedzenie,VERB,negative,- m,2
uprzedzony,ADV,negative,- s,2
uprzejmostka,VERB,positive,+ s,2
uprzejmość,VERB,positive,+ s,4
uprzejmy,ADV,positive,+ s,6
uprzyjemniać,NOUN,positive,+ s,2
uprzykrzać,NOUN,negative,- m,2
uprzykrzać się,NOUN,negative,- s,2
uprzykrzony,ADV,negative,- m,2
uprzykrzyć,NOUN,negative,- m,2
uprzykrzyć się,NOUN,negative,- s,6
uprzytamniać sobie,NOUN,positive,+ s,2
uprzytomniać,NOUN,positive,+ s,2
uprzytomniać sobie,NOUN,positive,+ s,2
uprzywilejowanie,VERB,positive,+ s,1
uprzywilejowany,ADV,positive,+ s,1
upust,VERB,positive,+ s,1
urabiać,NOUN,negative,- s,2
urabiać się,NOUN,negative,- s,2
urastać,NOUN,positive,+ s,2
uratować,NOUN,positive,+ s,6
uraz,VERB,negative,- s,4
uraz psychiczny,VERB,negative,- m,2
uraza,VERB,negative,- m,2
urazowość,VERB,negative,- s,4
urazowy,ADV,negative,- s,3
urealniać się,NOUN,positive,+ s,2
urealnić,NOUN,positive,+ s,2
urealnić się,NOUN,positive,+ s,2
urlop zdrowotny,VERB,negative,- s,1
urlopik,VERB,positive,+ s,1
urobić,NOUN,negative,- s,3
urobić się,NOUN,negative,- s,2
uroczy,ADV,positive,+ m,4
uroczystość,VERB,positive,+ s,4
uroczysty,ADV,positive,+ s,5
urodzaj,VERB,positive,+ s,2
urodzajność,VERB,positive,+ s,2
urodzajny,ADV,positive,+ m,2
urodzenie martwe,VERB,negative,- m,2
urodziwość,VERB,positive,+ m,2
urodziwy,ADV,positive,+ s,3
urodzony,ADV,positive,+ s,2
urojenie,VERB,negative,- s,2
urokliwy,ADV,positive,+ s,4
urosnąć,NOUN,positive,+ s,3
urozmaicać,NOUN,positive,+ s,2
urozmaicenie,VERB,positive,+ s,2
urozmaicić,NOUN,positive,+ s,2
uruchomić,NOUN,positive,+ s,2
urwanie,VERB,negative,- s,2
urwanie głowy,VERB,negative,- s,2
urwipołeć,VERB,positive,+ s,2
urwis,VERB,positive,+ s,2
urwisowaty,ADV,negative,- s,2
urzec,NOUN,positive,+ m,2
urzeczenie,VERB,positive,+ m,2
urzekająco,ADJ,positive,+ m,2
urzekający,ADV,positive,+ m,2
urzekać,NOUN,positive,+ s,3
urząd,VERB,positive,+ s,1
urządzać,NOUN,positive,+ s,10
urządzać się,NOUN,positive,+ s,2
urządzić,NOUN,positive,+ s,10
urządzić się,NOUN,positive,+ s,2
urzędowość,VERB,negative,- s,1
urzędowy,ADV,negative,- s,1
urąbać,NOUN,negative,- s,2
urąbać się,NOUN,negative,- s,1
urągać,NOUN,negative,- s,6
urągać się,NOUN,negative,- m,2
urągliwy,ADV,negative,- s,2
usamodzielniać,NOUN,positive,+ s,3
usamodzielniać się,NOUN,positive,+ s,2
usamodzielnić,NOUN,positive,+ s,2
usamodzielnić się,NOUN,positive,+ s,2
usatysfakcjonować,NOUN,positive,+ s,3
uschnięty,ADV,negative,- s,2
uschnąć,NOUN,negative,- s,6
uschły,ADV,negative,- s,2
usilny,ADV,positive,+ s,2
uskarżanie się,VERB,negative,- s,2
uskrzydlić,NOUN,positive,+ m,2
uskrzydlony,ADV,positive,+ s,4
usnąć,NOUN,negative,- s,4
uspokajacz,VERB,positive,+ s,2
uspokajający,ADV,positive,+ s,2
uspokajać,NOUN,positive,+ s,2
uspokoić,NOUN,positive,+ s,2
usprawiedliwiony,ADV,positive,+ s,3
usprawniać,NOUN,positive,+ s,2
usprawnienie,VERB,positive,+ s,2
usprawnić,NOUN,positive,+ s,2
ustawiać,NOUN,negative,- s,5
ustawić,NOUN,negative,- s,5
ustawić głos,NOUN,positive,+ s,1
ustawka,VERB,negative,- s,6
ustawny,ADV,positive,+ s,2
usterka,VERB,negative,- s,2
ustosunkowany,ADV,positive,+ s,2
ustronie,VERB,positive,+ s,2
ustronność,VERB,positive,+ s,2
ustronny,ADV,positive,+ s,2
ustroń,VERB,positive,+ s,1
ustrzelać,NOUN,positive,+ s,6
ustrzelić,NOUN,negative,- s,12
ustylizować,NOUN,positive,+ s,2
ustępliwy,ADV,negative,- s,1
usunąć,NOUN,positive,+ s,3
usuwalny,ADV,positive,+ s,2
usuwać,NOUN,negative,- s,2
usychać,NOUN,negative,- s,6
usypiający,ADV,negative,- s,4
usypiać,NOUN,negative,- s,2
uszat,VERB,negative,- m,2
uszatek,VERB,negative,- s,2
uszczelniać,NOUN,positive,+ s,2
uszczelniać się,NOUN,negative,- s,2
uszczelnić,NOUN,positive,+ s,2
uszczelnić się,NOUN,negative,- s,2
uszczerbek,VERB,negative,- m,2
uszczerbek na zdrowiu,VERB,negative,- m,1
uszczypliwość,VERB,negative,- s,2
uszczypliwy,ADV,negative,- s,4
uszczęśliwiacz,VERB,positive,+ m,2
uszczęśliwiony,ADV,positive,+ m,2
uszeregować,NOUN,negative,- s,2
uszeregowywać,NOUN,negative,- s,2
uszkodzenie,VERB,negative,- s,2
uszkodzony,ADV,negative,- s,2
uszykowany,ADV,positive,+ s,2
usłuchany,ADV,positive,+ s,2
usłużny,ADV,positive,+ s,2
utalentowany,ADV,positive,+ s,2
utarczka,VERB,negative,- s,2
utoczyć się,NOUN,negative,- s,1
utonąć,NOUN,negative,- s,10
utopia,VERB,negative,- m,2
utopijny,ADV,negative,- s,2
utopista,VERB,negative,- m,2
utopić,NOUN,negative,- s,11
utopić się,NOUN,negative,- s,6
utracjusz,VERB,negative,- m,2
utracjuszowski,ADV,negative,- s,5
utrapienie,VERB,negative,- m,2
utrapieniec,VERB,negative,- m,2
utrapiony,ADV,negative,- s,8
utrata,VERB,negative,- m,2
utrudnienie,VERB,negative,- s,2
utrudzenie,VERB,negative,- s,2
utrudzony,ADV,negative,- s,2
utrupiać,NOUN,negative,- m,4
utrupić,NOUN,negative,- s,6
utrwalacz władzy ludowej,VERB,negative,- m,2
utrwalać,NOUN,positive,+ s,1
utrzymanka,VERB,negative,- s,3
utylitarny,ADV,positive,+ s,2
utylitarystyczny,ADV,negative,- s,3
utylitaryzm,VERB,positive,+ s,2
utyskiwanie,VERB,negative,- s,2
utytułowany,ADV,positive,+ s,4
utęsknienie,VERB,negative,- s,2
utęskniony,ADV,positive,+ s,2
uwaga,VERB,negative,- s,3
uwalniać,NOUN,positive,+ s,8
uwalniać się,NOUN,positive,+ s,2
uważnie,ADJ,positive,+ s,2
uważność,VERB,positive,+ s,2
uważny,ADV,positive,+ s,4
uwielbiać,NOUN,positive,+ m,2
uwielbienie,VERB,positive,+ m,2
uwierzać,NOUN,positive,+ s,4
uwieńczenie,VERB,positive,+ m,1
uwiędły,ADV,negative,- s,4
uwodzicielka,VERB,negative,- s,1
uwodzicielski,ADV,positive,+ s,5
uwodzić,NOUN,positive,+ s,1
uwolnić,NOUN,positive,+ s,10
uwolnić się,NOUN,positive,+ s,2
uwspółcześniać,NOUN,positive,+ s,1
uwsteczniony,ADV,negative,- s,2
uwznioślać,NOUN,positive,+ m,3
uwznioślać się,NOUN,positive,+ s,4
uwznioślić,NOUN,positive,+ s,3
uwznioślić się,NOUN,positive,+ s,4
uwłaczający,ADV,negative,- m,2
uzależnienie,VERB,negative,- s,4
uzasadniony,ADV,positive,+ s,2
uzasadnić,NOUN,positive,+ s,2
uzbierać,NOUN,positive,+ s,5
uzdalniać,NOUN,positive,+ s,2
uzdolniony,ADV,positive,+ s,2
uzdolnić,NOUN,positive,+ s,4
uzdolnić się,NOUN,positive,+ s,2
uzdrawiacz,VERB,positive,+ s,2
uzdrawiać,NOUN,positive,+ s,3
uzdrowicielka,VERB,positive,+ s,1
uzdrowicielski,ADV,positive,+ s,6
uzdrowieńczy,ADV,positive,+ s,5
uzdrowić,NOUN,positive,+ s,2
uzgodnić,NOUN,positive,+ s,2
uznanie,VERB,positive,+ s,4
uznaniowość,VERB,negative,- s,3
uznaniowy,ADV,negative,- s,2
uznany,ADV,positive,+ m,2
uznawalny,ADV,positive,+ s,1
uzupełniać,NOUN,positive,+ s,5
uzupełnić,NOUN,positive,+ s,5
uzurpacja,VERB,negative,- m,2
uzurpator,VERB,negative,- m,2
uzurpatorski,ADV,negative,- s,3
uzurpatorstwo,VERB,negative,- m,2
uzysk,VERB,positive,+ s,2
ułaskawieniowy,ADV,positive,+ m,1
ułatwienie,VERB,positive,+ s,2
ułatwiony,ADV,positive,+ s,2
ułom,VERB,negative,- m,2
ułomek,VERB,negative,- s,2
ułomność,VERB,negative,- m,2
ułomny,ADV,negative,- s,9
ułożyć,NOUN,positive,+ s,5
ułożyć się,NOUN,positive,+ s,2
ułuda,VERB,negative,- s,3
uśmiać się,NOUN,positive,+ s,2
uśmiech,VERB,positive,+ m,1
uśmiech losu,VERB,positive,+ m,2
uśmiech sardoniczny,VERB,negative,- m,2
uśmiechanie się,VERB,positive,+ s,2
uśmiechnięty,ADV,positive,+ s,5
uśmierzać,NOUN,positive,+ s,2
uświadamiać sobie,NOUN,positive,+ s,2
uświetnić,NOUN,positive,+ s,2
użalanie się,VERB,negative,- m,2
użyteczność,VERB,positive,+ s,2
użyteczny,ADV,positive,+ s,2
użytkowość,VERB,positive,+ s,2
używalność,VERB,positive,+ s,2
używalny,ADV,positive,+ s,2
używać,NOUN,positive,+ s,2
używka,VERB,negative,- s,2
vip,VERB,positive,+ s,2
volapük,VERB,negative,- s,1
volksdeutsch,VERB,negative,- m,2
voyeur,VERB,negative,- s,2
w czepku urodzony,ADV,positive,+ m,2
w dechę,ADV,positive,+ s,2
w porządku,ADV,positive,+ s,2
w ząb,ADJ,negative,- s,2
wabik,VERB,negative,- s,1
wachlarz,VERB,positive,+ s,2
waciany,ADV,negative,- s,4
wada,VERB,negative,- s,6
wadliwość,VERB,negative,- s,4
wadliwy,ADV,negative,- s,3
wahabicki,ADV,negative,- s,1
wahhabicki,ADV,negative,- s,1
wahliwie,ADJ,negative,- s,1
wahliwość,VERB,negative,- s,2
wahliwy,ADV,negative,- s,4
wakacje,VERB,positive,+ s,2
wakacyjny,ADV,positive,+ s,1
walczyć,NOUN,negative,- s,7
waleczność,VERB,positive,+ s,2
waleczny,ADV,positive,+ m,3
walentynka,VERB,positive,+ s,2
walić,NOUN,negative,- m,2
walka,VERB,negative,- s,4
walnięty,ADV,negative,- s,2
walny,ADV,positive,+ s,2
walor,VERB,positive,+ s,2
wamp,VERB,negative,- m,2
wampir,VERB,negative,- m,2
wampirzyca,VERB,negative,- s,4
wandal,VERB,negative,- m,2
wapniaki,VERB,negative,- s,2
wapno,VERB,negative,- s,2
warcholski,ADV,negative,- s,7
warcholstwo,VERB,negative,- s,2
warchoł,VERB,negative,- s,2
wariacki,ADV,negative,- s,4
wariacyjność,VERB,positive,+ s,2
wariat,VERB,negative,- m,2
wariatka,VERB,negative,- s,3
wariatkowo,VERB,negative,- s,5
wariatuńcio,VERB,positive,+ s,2
warkliwy,ADV,negative,- s,8
warkotliwy,ADV,negative,- s,4
warszawka,VERB,negative,- s,2
warsztat,VERB,positive,+ s,1
wart,ADV,positive,+ s,2
warta honorowa,VERB,positive,+ m,1
wartki,ADV,positive,+ s,2
wartościowość,VERB,positive,+ m,2
wartościowy,ADV,positive,+ s,9
wartość,VERB,positive,+ s,1
wartość dodana,VERB,positive,+ s,2
warunek,VERB,positive,+ s,1
warunkowy,ADV,negative,- s,1
warzywo,VERB,negative,- s,2
wasal,VERB,negative,- s,2
wasalski,ADV,negative,- s,3
wata,VERB,negative,- s,2
wataha,VERB,negative,- s,3
watykańska ruletka,VERB,negative,- s,3
wazelina,VERB,negative,- m,2
wazeliniarski,ADV,negative,- s,7
wazeliniarstwo,VERB,negative,- m,2
wał,VERB,negative,- m,1
wałek,VERB,negative,- s,1
wałkować,NOUN,negative,- s,4
wałkoń,VERB,negative,- m,2
wałowaty,ADV,negative,- s,4
waśń,VERB,negative,- s,2
ważki,ADV,positive,+ s,3
ważniacki,ADV,negative,- s,5
ważniactwo,VERB,negative,- m,2
ważniaczka,VERB,negative,- s,4
ważniak,VERB,negative,- m,4
ważność,VERB,positive,+ s,2
ważny,ADV,positive,+ s,9
wbijać,NOUN,negative,- s,13
wbijać klin,NOUN,negative,- s,3
wbijać nóż w plecy,NOUN,negative,- m,2
wbijać nóż w serce,NOUN,negative,- m,2
wbijać się,NOUN,positive,+ s,8
wbijać szpilę,NOUN,negative,- s,3
wbić,NOUN,negative,- s,12
wbić klin,NOUN,negative,- s,2
wbić nóż w plecy,NOUN,negative,- m,2
wbić nóż w serce,NOUN,negative,- m,2
wbić się,NOUN,positive,+ s,7
wbić szpilę,NOUN,negative,- s,3
wchłaniać,NOUN,positive,+ s,2
wcinać,NOUN,negative,- s,6
wcinać się,NOUN,negative,- s,15
wcinka,VERB,positive,+ s,2
wciry,VERB,negative,- s,4
wciąć,NOUN,negative,- s,6
wciąć się,NOUN,negative,- s,10
wcięty,ADV,negative,- s,3
wczorajszy,ADV,negative,- s,4
wczytać,NOUN,negative,- s,2
wczytywać,NOUN,negative,- s,2
wczytywać się,NOUN,positive,+ s,1
wdechowy,ADV,positive,+ m,2
wdowi grosz,VERB,positive,+ s,1
wdychać,NOUN,positive,+ s,4
wdzięczność,VERB,positive,+ m,2
wdzięczny,ADV,positive,+ s,12
wdzięk,VERB,positive,+ s,3
wdzięk słonia,VERB,negative,- s,3
wedeta,VERB,positive,+ s,2
wegetacja,VERB,negative,- s,3
wegetacyjny,ADV,negative,- s,2
wehikuł,VERB,positive,+ s,1
wehrmachtowski,ADV,negative,- s,1
wejrzenie,VERB,positive,+ s,1
wejściówka,VERB,positive,+ s,1
wekslarski,ADV,negative,- s,4
wekslarz,VERB,negative,- s,2
wekslować,NOUN,negative,- s,6
welinowy,ADV,negative,- m,2
weltschmerz,VERB,negative,- m,2
weltszmerc,VERB,negative,- m,2
wena,VERB,positive,+ s,5
wenecja północy,VERB,positive,+ s,1
wenezuela,VERB,negative,- s,2
wenezuelski,ADV,negative,- s,1
wentyl,VERB,positive,+ s,2
wentyl bezpieczeństwa,VERB,positive,+ s,2
wepchnąć,NOUN,negative,- s,8
wepchnąć się,NOUN,negative,- s,2
werbalizm,VERB,negative,- s,3
werbalny,ADV,negative,- s,2
werdykt,VERB,positive,+ s,1
wermachtowski,ADV,negative,- s,1
wersal,VERB,negative,- s,2
wertepy,VERB,negative,- s,2
werteryzm,VERB,negative,- m,2
werwa,VERB,positive,+ m,4
weryfikacja,VERB,positive,+ s,3
weryfikator,VERB,positive,+ s,1
weryfikowalność,VERB,positive,+ s,2
weryfikowalny,ADV,positive,+ s,2
wesolutki,ADV,positive,+ s,9
wesołkowatość,VERB,positive,+ s,1
wesołość,VERB,positive,+ s,8
wesoły,ADV,positive,+ s,16
wesprzeć,NOUN,positive,+ s,2
westalka,VERB,positive,+ s,2
wesz,VERB,negative,- m,2
weteran,VERB,positive,+ s,2
weteranka,VERB,positive,+ s,2
weterański,ADV,positive,+ s,2
wetować,NOUN,negative,- m,1
wezbrać,NOUN,negative,- s,4
wgięcie,VERB,negative,- s,1
wgląd,VERB,positive,+ s,1
wgniecenie,VERB,negative,- s,2
wgłębnie,ADJ,positive,+ s,2
wianeczek,VERB,positive,+ s,1
wianek,VERB,positive,+ s,2
wiara,VERB,positive,+ s,1
wiarogodność,VERB,positive,+ m,2
wiarogodny,ADV,positive,+ s,1
wiarołomca,VERB,negative,- m,2
wiarołomność,VERB,negative,- m,2
wiarołomny,ADV,negative,- m,4
wiarygodność,VERB,positive,+ m,4
wiarygodny,ADV,positive,+ s,3
wiatrologia,VERB,negative,- s,2
wiatronogi,ADV,positive,+ s,2
wiatrowisko,VERB,negative,- s,1
wiatrołom,VERB,negative,- s,1
wicemistrz,VERB,positive,+ s,1
wicemistrzostwo,VERB,positive,+ s,2
wicemistrzyni,VERB,positive,+ s,2
wicher,VERB,negative,- m,1
wichrowatość,VERB,negative,- s,2
wichrowaty,ADV,negative,- s,2
wichrzyciel,VERB,negative,- s,2
wichrzycielstwo,VERB,negative,- m,2
wideopiractwo,VERB,negative,- s,2
wideopirat,VERB,negative,- m,2
widoczny,ADV,positive,+ s,1
widomy,ADV,positive,+ s,2
widowiskowy,ADV,positive,+ m,2
widzialny,ADV,positive,+ s,1
widzimisię,VERB,positive,+ s,1
widzący,ADV,positive,+ s,1
wieczny,ADV,negative,- s,2
wieczny spoczynek,VERB,negative,- m,1
wieczorowy,ADV,positive,+ s,1
wiedza,VERB,positive,+ s,5
wiedźma,VERB,negative,- s,4
wiedźmowaty,ADV,negative,- m,4
wiejski,ADV,negative,- m,2
wiejski filozof,VERB,negative,- s,2
wiekopomny,ADV,positive,+ m,2
wiekuisty,ADV,negative,- s,2
wielbiciel,VERB,positive,+ s,3
wielbić,NOUN,positive,+ s,5
wielki,ADV,positive,+ m,2
wielki jak krowa,ADV,negative,- s,1
wielkimi literami,ADJ,positive,+ s,1
wielkoduszność,VERB,positive,+ s,5
wielkoduszny,ADV,positive,+ m,4
wielkolud,VERB,positive,+ s,1
wielkomocarstwowy,ADV,negative,- s,3
wielkopański,ADV,positive,+ s,2
wielkopańskość,VERB,negative,- s,2
wielkoświatowy,ADV,positive,+ s,4
wielkość,VERB,positive,+ m,2
wielmożny,ADV,positive,+ s,2
wielobarwny,ADV,positive,+ s,2
wielofunkcyjność,VERB,positive,+ s,1
wielofunkcyjny,ADV,positive,+ s,2
wielojęzyczny,ADV,positive,+ s,1
wieloletni,ADV,positive,+ s,2
wielomówstwo,VERB,negative,- s,2
wielosłowie,VERB,negative,- s,2
wielosłowny,ADV,negative,- s,3
wieloznaczny,ADV,negative,- s,1
wieprz,VERB,negative,- m,2
wieprzowatość,VERB,negative,- m,2
wieprzowaty,ADV,negative,- m,2
wiercioch,VERB,positive,+ s,3
wiercipięta,VERB,positive,+ s,2
wiercić,NOUN,negative,- s,6
wiercić dziurę w brzuchu,NOUN,negative,- s,2
wierna penelopa,VERB,positive,+ s,2
wiernopoddańczość,VERB,negative,- m,2
wiernopoddańczy,ADV,positive,+ s,4
wierność,VERB,positive,+ s,7
wierny,ADV,positive,+ s,12
wierszokleta,VERB,negative,- m,2
wierszopis,VERB,negative,- m,2
wierszorób,VERB,negative,- m,2
wierutny,ADV,negative,- m,2
wierzać,NOUN,positive,+ s,3
wierzchołek góry lodowej,VERB,negative,- s,1
wierzyciel,VERB,negative,- s,2
wierzyć,NOUN,positive,+ s,2
wierzący,ADV,positive,+ s,1
wieszak,VERB,negative,- m,2
wieszać,NOUN,negative,- m,2
wieszcz,VERB,positive,+ s,2
wietrznica,VERB,negative,- s,2
wiewióra,VERB,negative,- s,2
wieśniacki,ADV,negative,- m,2
wieśniackość,VERB,negative,- m,2
wieśniactwo,VERB,negative,- m,2
wieśniak,VERB,negative,- s,6
wieża babel,VERB,negative,- s,3
wigor,VERB,positive,+ m,2
wilczy,ADV,negative,- m,2
wilczy apetyt,VERB,positive,+ s,2
wilczy bilet,VERB,negative,- s,3
wilgotny,ADV,negative,- s,2
wilk morski,VERB,positive,+ m,2
willa,VERB,positive,+ s,1
winnica nabota,VERB,negative,- s,3
winny,ADV,negative,- m,2
winowajca,VERB,negative,- m,2
wiocha,VERB,negative,- m,1
wiochmen,VERB,negative,- s,4
wionięcie,VERB,negative,- s,2
wioseczka,VERB,positive,+ m,1
wiosenny,ADV,positive,+ s,4
wioszczyna,VERB,negative,- s,1
wiotki,ADV,negative,- s,3
wir,VERB,negative,- s,1
wirtualność,VERB,negative,- s,2
wirtuoz,VERB,positive,+ m,4
wirtuozeria,VERB,positive,+ m,2
wirtuozerski,ADV,positive,+ m,6
wirtuozerstwo,VERB,positive,+ m,2
wirtuozka,VERB,positive,+ s,3
wirtuozostwo,VERB,positive,+ m,2
wirtuozowski,ADV,positive,+ s,6
wisieć,NOUN,negative,- s,14
wisus,VERB,positive,+ s,1
witalizm,VERB,positive,+ s,2
witalność,VERB,positive,+ m,2
witalny,ADV,positive,+ s,2
witamina,VERB,positive,+ s,1
witaminizować,NOUN,positive,+ s,4
witaminowy,ADV,positive,+ s,2
witanie,VERB,positive,+ s,2
witać,NOUN,positive,+ s,1
wiwat,VERB,positive,+ s,3
wiwatowanie,VERB,positive,+ s,2
wizja kasandry,VERB,negative,- m,2
wizjonerski,ADV,positive,+ s,3
wizjonerstwo,VERB,positive,+ s,3
wizytowy,ADV,positive,+ s,2
wizytówka,VERB,positive,+ s,1
wiącha,VERB,negative,- s,3
wiązanka,VERB,negative,- s,3
więdnięcie,VERB,negative,- s,2
więzienie,VERB,negative,- s,2
więzień,VERB,negative,- m,2
więziotwórczy,ADV,positive,+ s,2
więzy,VERB,negative,- s,2
wjechać,NOUN,negative,- s,11
wjeździć się,NOUN,positive,+ s,2
wjeżdżać,NOUN,negative,- s,13
wjeżdżać się,NOUN,positive,+ s,2
wkręt,VERB,negative,- s,1
wkład,VERB,positive,+ s,2
wlać,NOUN,negative,- s,6
wlać się,NOUN,negative,- s,2
wlec,NOUN,negative,- s,18
wlec się,NOUN,negative,- s,10
wlewać,NOUN,negative,- s,3
wleźć,NOUN,negative,- s,12
wmanewrować,NOUN,negative,- s,4
wmanewrowywać,NOUN,negative,- s,2
wmanipulować,NOUN,negative,- s,4
wmanipulowywać,NOUN,negative,- s,5
wmieszać,NOUN,negative,- s,2
wmieszać się,NOUN,negative,- s,5
wniebowzięty,ADV,positive,+ m,2
wnikliwie,ADJ,positive,+ s,2
wnikliwość,VERB,positive,+ s,2
wnikliwy,ADV,positive,+ s,6
wniosek,VERB,positive,+ s,2
wnuczek,VERB,positive,+ s,2
wnusia,VERB,positive,+ s,2
wnykarz,VERB,negative,- m,2
wnętrze,VERB,positive,+ s,2
woal,VERB,negative,- s,2
woda,VERB,negative,- s,2
woda po kisielu,VERB,negative,- s,1
wodnisty,ADV,negative,- s,4
wodolejstwo,VERB,negative,- s,2
wodzowski,ADV,positive,+ s,3
wojerysta,VERB,negative,- s,2
wojna,VERB,negative,- m,2
wojna nerwów,VERB,negative,- m,2
wojowniczość,VERB,negative,- s,2
wojownik,VERB,positive,+ s,1
wola boża,VERB,positive,+ s,3
wolapik,VERB,negative,- s,1
wolna ręka,VERB,positive,+ s,2
wolna sobota,VERB,positive,+ s,1
wolna wola,VERB,positive,+ s,2
wolne,VERB,positive,+ s,2
wolniuchny,ADV,negative,- s,2
wolniutki,ADV,negative,- s,4
wolniuśki,ADV,negative,- s,1
wolnoamerykanka,VERB,negative,- s,2
wolność,VERB,positive,+ s,7
wolność sumienia,VERB,positive,+ s,2
wolny,ADV,positive,+ s,11
wolontariuszka,VERB,positive,+ s,2
wolta,VERB,negative,- s,1
wonny,ADV,positive,+ s,2
wołający o pomstę,ADV,negative,- m,2
wołać o pomstę,NOUN,negative,- m,2
wołać o pomstę do nieba,NOUN,negative,- m,2
wołowy,ADV,negative,- s,1
wpadać,NOUN,negative,- s,14
wpadać w oko,NOUN,positive,+ s,2
wpadka,VERB,negative,- s,6
wpatrzony,ADV,positive,+ m,2
wpaść na pomysł,NOUN,positive,+ s,1
wpaść w oko,NOUN,positive,+ s,2
wpierniczać,NOUN,negative,- s,15
wpierniczać się,NOUN,negative,- s,10
wpierniczyć,NOUN,negative,- s,15
wpierniczyć się,NOUN,negative,- s,10
wpompowywać,NOUN,negative,- s,2
wprawa,VERB,positive,+ s,2
wprawnie,ADJ,positive,+ s,2
wprawny,ADV,positive,+ s,4
wpychać,NOUN,negative,- s,9
wpychać się,NOUN,negative,- s,5
wpółdziki,ADV,negative,- s,2
wpółmartwy,ADV,negative,- m,2
wpółobłąkany,ADV,negative,- s,4
wpółżywy,ADV,negative,- s,3
wpływowy,ADV,positive,+ s,2
wrabiać,NOUN,negative,- s,5
wracać,NOUN,positive,+ s,2
wrak,VERB,negative,- s,4
wrak człowieka,VERB,negative,- m,2
wrastać,NOUN,negative,- s,2
wrazić,NOUN,negative,- s,1
wrażać,NOUN,negative,- s,1
wrażliwiec,VERB,negative,- s,1
wrażliwość,VERB,positive,+ s,4
wrażliwy,ADV,negative,- s,3
wredność,VERB,negative,- m,2
wredny,ADV,negative,- m,6
wredota,VERB,negative,- m,4
wrobić,NOUN,negative,- s,5
wrogi,ADV,negative,- s,9
wrogość,VERB,negative,- m,2
wrosnąć,NOUN,positive,+ s,3
wrzaskliwość,VERB,negative,- m,3
wrzaskliwy,ADV,negative,- s,7
wrzawa,VERB,negative,- m,2
wrzawliwy,ADV,negative,- s,1
wrzenie,VERB,negative,- m,2
wrzodzianka,VERB,negative,- s,2
wrzód na dupie,VERB,negative,- m,2
wrzód na tyłku,VERB,negative,- m,2
wróg,VERB,negative,- s,5
wróg klasowy,VERB,negative,- m,2
wróżbiarski,ADV,negative,- s,2
wsad,VERB,positive,+ s,1
wschodząca gwiazda,VERB,positive,+ m,2
wsiadać,NOUN,negative,- s,3
wsiok,VERB,negative,- m,2
wsiowość,VERB,negative,- m,2
wsiowy,ADV,negative,- s,3
wsiowy,VERB,negative,- s,2
wsiowy filozof,VERB,negative,- s,2
wsiur,VERB,negative,- m,2
wsiurski,ADV,negative,- m,2
wskazany,ADV,positive,+ s,2
wskazówka,VERB,positive,+ s,2
wskrzesiciel,VERB,positive,+ m,2
wspaniale,ADJ,positive,+ s,6
wspaniałomyślność,VERB,positive,+ m,2
wspaniałomyślny,ADV,positive,+ m,4
wspaniałość,VERB,positive,+ m,4
wspaniały,ADV,positive,+ s,15
wsparcie,VERB,positive,+ s,7
wspierać,NOUN,positive,+ s,2
wspierać się,NOUN,positive,+ s,3
wspomożyciel,VERB,positive,+ s,2
wspólnota,VERB,positive,+ s,1
wspólny,ADV,positive,+ s,1
współczesność,VERB,positive,+ m,2
współczucie,VERB,negative,- s,1
współczujący,ADV,negative,- s,4
współdźwięczny,ADV,positive,+ s,2
współlaureat,VERB,positive,+ s,1
współodpowiedzialny,ADV,negative,- m,2
współpraca,VERB,positive,+ s,1
współradość,VERB,positive,+ s,3
współsprawca,VERB,negative,- s,2
współudział,VERB,negative,- s,1
współuprawniony,ADV,positive,+ s,1
współwinny,ADV,negative,- m,2
współwinowajca,VERB,negative,- s,2
współwłaścicielka,VERB,positive,+ s,1
wstawiennictwo,VERB,positive,+ s,2
wstawiony,ADV,negative,- s,2
wsteczniak,VERB,negative,- m,2
wstecznik,VERB,negative,- m,2
wsteczność,VERB,negative,- s,3
wsteczny,ADV,negative,- s,3
wstrząs,VERB,negative,- m,2
wstrząsający,ADV,negative,- m,2
wstrząśnięty,ADV,negative,- m,3
wstręciuch,VERB,negative,- s,2
wstręt,VERB,negative,- m,2
wstrętny,ADV,negative,- m,14
wstyd,VERB,negative,- s,4
wstydliwość,VERB,negative,- s,4
wstydliwy,ADV,negative,- s,6
wstęp,VERB,positive,+ s,1
wstęp wolny,VERB,positive,+ s,1
wsypa,VERB,negative,- m,2
wsza,VERB,negative,- m,2
wszarz,VERB,negative,- m,4
wszawy,ADV,negative,- m,8
wszechdobry,ADV,positive,+ m,2
wszechdoskonałość,VERB,positive,+ m,2
wszechdoskonały,ADV,positive,+ m,2
wszechmiłosierny,ADV,positive,+ m,2
wszechmiłość,VERB,positive,+ m,2
wszechmoc,VERB,negative,- s,2
wszechmocny,ADV,negative,- m,2
wszechmądry,ADV,positive,+ m,2
wszechpolski,ADV,negative,- s,2
wszechpotęga,VERB,negative,- s,2
wszechsiła,VERB,positive,+ s,2
wszechstronność,VERB,positive,+ s,5
wszechstronny,ADV,positive,+ s,8
wszechwładność,VERB,negative,- s,2
wszechwładny,ADV,negative,- m,2
wszechwładza,VERB,negative,- s,2
wszetecznica,VERB,negative,- m,2
wszetecznik,VERB,negative,- s,2
wszeteczny,ADV,negative,- s,3
wszyscy diabli,VERB,negative,- s,2
wszystkoizm,VERB,negative,- s,2
wszystkowiedzący,ADV,positive,+ s,2
wszyściutki,ADV,positive,+ s,2
wszędobylski,ADV,negative,- s,4
wtaczać,NOUN,negative,- s,2
wtaczać się,NOUN,negative,- s,2
wtajemniczony,VERB,positive,+ s,1
wtapiać,NOUN,negative,- s,4
wtargać,NOUN,negative,- s,3
wtargnięcie,VERB,negative,- s,2
wtoczyć,NOUN,negative,- s,2
wtoczyć się,NOUN,negative,- s,2
wtopa,VERB,negative,- m,2
wtopić,NOUN,negative,- s,4
wtrącać,NOUN,negative,- s,4
wtrącać się,NOUN,negative,- s,5
wtrącić,NOUN,negative,- s,6
wtrącić się,NOUN,negative,- s,4
wtórność,VERB,negative,- s,2
wtórny,ADV,negative,- s,2
wtórny analfabeta,VERB,negative,- m,2
wtórny analfabetyzm,VERB,negative,- s,1
wujek,VERB,positive,+ s,1
wulgarność,VERB,negative,- m,2
wulgarny,ADV,negative,- s,8
wulgaryzator,VERB,negative,- m,2
wyautować,NOUN,negative,- s,2
wyautowywać,NOUN,negative,- s,2
wybabrać,NOUN,negative,- s,7
wybabrać się,NOUN,negative,- s,7
wybaczalny,ADV,positive,+ s,2
wybaczać,NOUN,positive,+ s,2
wybaczyć,NOUN,positive,+ s,2
wybadać,NOUN,positive,+ s,6
wybadać się,NOUN,positive,+ s,1
wybadywać się,NOUN,positive,+ s,1
wybawca,VERB,positive,+ s,2
wybawiać,NOUN,positive,+ s,2
wybawiciel,VERB,positive,+ s,2
wybawicielski,ADV,positive,+ m,2
wybawić,NOUN,positive,+ s,4
wybawić się,NOUN,positive,+ s,2
wybebeszać,NOUN,negative,- s,2
wybebeszyć,NOUN,negative,- s,2
wybiedzony,ADV,negative,- s,2
wybijający się,ADV,positive,+ s,2
wybijać,NOUN,negative,- s,14
wybijać się,NOUN,positive,+ s,9
wybitnie,ADJ,positive,+ m,3
wybitność,VERB,positive,+ m,2
wybitny,ADV,positive,+ m,7
wybiórczo,ADJ,negative,- s,2
wybić,NOUN,negative,- s,21
wybić się,NOUN,positive,+ s,8
wybladły,ADV,negative,- s,1
wyblakłość,VERB,negative,- s,2
wyblakły,ADV,negative,- s,6
wyboistość,VERB,negative,- s,2
wyboisty,ADV,negative,- s,2
wybornie,ADJ,positive,+ s,3
wyborny,ADV,positive,+ s,14
wyborowy,ADV,positive,+ s,2
wybrakowany,ADV,negative,- s,2
wybranek,VERB,positive,+ m,2
wybraniec,VERB,positive,+ s,2
wybranka,VERB,positive,+ m,2
wybrany,ADV,positive,+ s,2
wybredniś,VERB,negative,- s,2
wybredność,VERB,negative,- m,2
wybredny,ADV,negative,- s,2
wybryk,VERB,negative,- s,2
wybryk natury,VERB,negative,- s,2
wybrzydzanie,VERB,negative,- s,2
wybuchowa atmosfera,VERB,negative,- m,2
wybuchowiec,VERB,negative,- s,2
wybuchowość,VERB,negative,- m,4
wybuchowy,ADV,positive,+ s,7
wybujały,ADV,negative,- s,2
wybój,VERB,positive,+ s,1
wybłyskiwać,NOUN,positive,+ s,2
wybłysnąć,NOUN,positive,+ s,2
wychodzić jak zabłocki na mydle,NOUN,negative,- s,2
wychowalny,ADV,positive,+ s,2
wychowawca,VERB,positive,+ s,2
wychowawczo,ADJ,positive,+ s,1
wychować,NOUN,positive,+ s,4
wychowywać,NOUN,positive,+ s,4
wychrzta,VERB,negative,- s,1
wychudły,ADV,negative,- s,2
wycie,VERB,negative,- s,2
wycierać,NOUN,negative,- s,2
wycierać gębę,NOUN,negative,- s,3
wycierać się,NOUN,negative,- s,2
wycinać,NOUN,negative,- s,8
wycinkowo,ADJ,negative,- s,2
wycinkowość,VERB,negative,- s,2
wycisk,VERB,negative,- s,2
wyciągać,NOUN,positive,+ s,2
wyciągać pomocną dłoń,NOUN,positive,+ s,3
wyciąć,NOUN,negative,- s,7
wycyckać,NOUN,negative,- s,3
wyczarować,NOUN,positive,+ s,2
wyczekać,NOUN,positive,+ s,4
wyczekać się,NOUN,negative,- s,2
wyczekiwany,ADV,positive,+ s,2
wyczerpanie,VERB,negative,- s,2
wyczerpany,ADV,negative,- s,3
wyczerpujący,ADV,positive,+ s,2
wyczucie,VERB,positive,+ s,2
wyczulony,ADV,positive,+ s,2
wyczuwalny,ADV,positive,+ s,2
wyczynowy,ADV,positive,+ s,1
wyczytać,NOUN,positive,+ s,4
wyczytywać,NOUN,positive,+ s,4
wyczyścić,NOUN,positive,+ s,7
wyczyścić się,NOUN,positive,+ s,2
wydajność,VERB,positive,+ s,4
wydajny,ADV,positive,+ s,8
wydarzeniowy,ADV,positive,+ s,2
wydateczek,VERB,negative,- s,1
wydatny,ADV,positive,+ s,2
wydestylować,NOUN,positive,+ s,1
wydezynfekować,NOUN,positive,+ s,2
wydoić,NOUN,negative,- s,3
wydolność,VERB,positive,+ s,5
wydolność fizyczna,VERB,positive,+ s,2
wydolny,ADV,positive,+ s,4
wydra,VERB,negative,- m,2
wydrowaty,ADV,negative,- s,8
wydrwigrosz,VERB,negative,- m,2
wydrylować,NOUN,negative,- s,2
wydziwiać,NOUN,negative,- s,4
wydęty,ADV,negative,- s,1
wyemancypować,NOUN,positive,+ s,4
wyemancypować się,NOUN,positive,+ s,2
wyforować,NOUN,negative,- s,1
wyforować się,NOUN,negative,- s,1
wyga,VERB,positive,+ m,2
wygadanie,VERB,positive,+ s,2
wygadany,ADV,positive,+ s,2
wygasać,NOUN,negative,- s,2
wygasnąć,NOUN,negative,- s,3
wygaszać się,NOUN,positive,+ s,1
wygnanie,VERB,negative,- s,2
wygnaniec,VERB,negative,- s,2
wygniwać,NOUN,negative,- m,2
wygnić,NOUN,negative,- m,2
wygoda,VERB,positive,+ s,4
wygodnicki,ADV,negative,- s,4
wygodnicki,VERB,negative,- s,2
wygodnictwo,VERB,negative,- m,2
wygodnie,ADJ,positive,+ s,2
wygodniś,VERB,negative,- s,1
wygodny,ADV,positive,+ s,8
wygoić,NOUN,positive,+ s,2
wygrana,VERB,positive,+ s,2
wygrany,ADV,positive,+ s,5
wygrać,NOUN,positive,+ s,10
wygrywać,NOUN,positive,+ s,10
wygryzać,NOUN,negative,- s,8
wygryźć,NOUN,negative,- s,8
wygrzebać,NOUN,positive,+ s,3
wygrzebywać,NOUN,positive,+ s,3
wygwizdowo,VERB,negative,- s,3
wygwizdów,VERB,negative,- s,3
wygórowany,ADV,negative,- s,2
wygładzać,NOUN,positive,+ s,2
wygładzić,NOUN,positive,+ s,2
wygłodniały,ADV,negative,- m,2
wygłodzenie,VERB,negative,- s,1
wygłup,VERB,negative,- m,1
wyhaftować,NOUN,negative,- s,2
wyizolowanie,VERB,negative,- s,2
wyjadacz,VERB,positive,+ m,2
wyjadać,NOUN,positive,+ s,4
wyjaławiać,NOUN,negative,- s,7
wyjaławiać się,NOUN,negative,- s,6
wyjałowieć,NOUN,negative,- s,6
wyjałowić,NOUN,negative,- s,6
wyjałowić się,NOUN,negative,- s,6
wyjaśnialny,ADV,positive,+ s,2
wyjaśniać,NOUN,positive,+ s,2
wyjaśnienie,VERB,positive,+ s,1
wyjaśnić,NOUN,positive,+ s,2
wyjec,VERB,negative,- m,2
wyjeść,NOUN,negative,- s,2
wyjeździć,NOUN,positive,+ s,4
wyjątkowość,VERB,positive,+ s,2
wyjątkowy,ADV,positive,+ m,2
wyjście,VERB,positive,+ s,2
wyjściowy,ADV,positive,+ s,2
wyjść,NOUN,positive,+ s,1
wyjść jak zabłocki na mydle,NOUN,negative,- s,2
wykarmiać,NOUN,positive,+ s,4
wykarmić,NOUN,positive,+ s,4
wykiwać,NOUN,negative,- s,2
wykluczenie,VERB,negative,- s,3
wykluczony,ADV,negative,- s,3
wyklęty,ADV,negative,- s,3
wykolegować,NOUN,negative,- s,2
wykolejeniec,VERB,negative,- m,2
wykolejony,ADV,negative,- m,4
wykombinować,NOUN,positive,+ s,2
wykonalność,VERB,positive,+ s,2
wykonalny,ADV,positive,+ s,2
wykonawca,VERB,positive,+ s,1
wykonać,NOUN,positive,+ s,1
wykoncypować,NOUN,positive,+ s,2
wykonywalny,ADV,positive,+ s,1
wykopać,NOUN,negative,- s,2
wykopnąć,NOUN,negative,- s,3
wykopywać,NOUN,negative,- m,1
wykorkować,NOUN,negative,- m,2
wykorzystać,NOUN,positive,+ s,2
wykorzystywać,NOUN,negative,- m,2
wykołować,NOUN,negative,- s,2
wykołowywać,NOUN,negative,- s,2
wykończony,ADV,negative,- s,3
wykroczenie,VERB,negative,- s,2
wykrystalizować,NOUN,positive,+ s,2
wykrywać,NOUN,positive,+ s,2
wykrzesać,NOUN,positive,+ s,2
wykręt,VERB,negative,- s,2
wykrętny,ADV,negative,- s,4
wykształciuch,VERB,negative,- s,2
wykształcony,ADV,positive,+ s,2
wykwalifikowany,ADV,positive,+ s,3
wykwintniś,VERB,negative,- m,2
wykwintny,ADV,positive,+ s,6
wykwitać,NOUN,negative,- s,3
wykwitnąć,NOUN,negative,- s,3
wykładać się,NOUN,negative,- s,2
wylatywać,NOUN,negative,- s,2
wyleczalność,VERB,positive,+ s,3
wyleczalny,ADV,positive,+ s,1
wyleczyć,NOUN,positive,+ s,2
wyleniały,ADV,negative,- s,2
wylewanie,VERB,negative,- m,2
wylewny,ADV,positive,+ s,2
wyliczalny,ADV,positive,+ s,3
wyliniały,ADV,negative,- s,2
wyluzować,NOUN,positive,+ s,2
wylądować,NOUN,negative,- s,2
wylęgarnia,VERB,negative,- s,1
wylękniony,ADV,negative,- s,2
wylękły,ADV,negative,- s,2
wymagać,NOUN,positive,+ s,1
wymarzony,ADV,positive,+ m,2
wymarzyć,NOUN,positive,+ s,4
wymarły,ADV,negative,- s,2
wymawialny,ADV,positive,+ s,1
wymiana,VERB,positive,+ s,1
wymiarowy,ADV,positive,+ s,2
wymiatacz,VERB,positive,+ m,2
wymiatać,NOUN,positive,+ s,7
wymienność,VERB,positive,+ s,1
wymieść,NOUN,positive,+ s,2
wymijający,ADV,negative,- s,2
wymijać,NOUN,positive,+ s,2
wyminąć,NOUN,positive,+ s,2
wymiotny,ADV,negative,- m,1
wymiękły,ADV,negative,- s,1
wymoczek,VERB,negative,- s,2
wymoczkowaty,ADV,negative,- s,3
wymodlić,NOUN,positive,+ s,2
wymokły,ADV,negative,- s,5
wymowa,VERB,positive,+ m,2
wymowność,VERB,positive,+ s,3
wymowny,ADV,positive,+ s,2
wymuskany,ADV,positive,+ s,4
wymuszać,NOUN,negative,- s,2
wymuszenie,VERB,negative,- s,2
wymuszony,ADV,negative,- s,2
wymówka,VERB,negative,- s,4
wymądrzać się,NOUN,negative,- s,3
wynagradzać,NOUN,positive,+ s,2
wynagrodzić,NOUN,positive,+ s,2
wynalazca,VERB,positive,+ s,1
wynalazczy,ADV,positive,+ s,2
wynegocjować,NOUN,positive,+ s,2
wynicować,NOUN,positive,+ s,6
wynicować się,NOUN,negative,- s,4
wyniosłość,VERB,negative,- s,2
wyniosły,ADV,negative,- s,6
wyniszczenie,VERB,negative,- m,1
wynędzniały,ADV,negative,- s,4
wyobcowanie,VERB,negative,- s,2
wypad,VERB,positive,+ s,1
wypadeczek,VERB,negative,- s,2
wypadek,VERB,negative,- s,4
wypadek przy pracy,VERB,negative,- s,2
wypalać,NOUN,negative,- s,14
wypalać się,NOUN,negative,- s,4
wypalić,NOUN,negative,- s,14
wypalić się,NOUN,negative,- s,3
wypaprać,NOUN,negative,- s,2
wypaprać się,NOUN,negative,- s,2
wypasiony,ADV,positive,+ s,8
wypasisty,ADV,positive,+ s,4
wypasowy,ADV,positive,+ s,2
wypaćkać,NOUN,negative,- s,2
wypaćkać się,NOUN,negative,- s,2
wypaśny,ADV,positive,+ s,7
wypełnić,NOUN,positive,+ s,1
wypełzły,ADV,negative,- s,2
wypicować,NOUN,positive,+ s,2
wypierdalać,NOUN,negative,- m,2
wypierdalać się,NOUN,negative,- m,2
wypierdek,VERB,negative,- m,2
wypierdek mamuta,VERB,negative,- m,2
wypierdolić,NOUN,negative,- s,3
wypierdolić się,NOUN,negative,- m,2
wypierniczać,NOUN,negative,- s,2
wypierniczyć,NOUN,negative,- s,2
wypijać,NOUN,negative,- s,2
wypisany na czole,ADV,positive,+ s,1
wypisać,NOUN,negative,- s,1
wypitka,VERB,negative,- s,2
wypity,ADV,negative,- s,3
wypić,NOUN,negative,- s,2
wypleniać,NOUN,positive,+ s,2
wypocina,VERB,negative,- s,2
wypociny,VERB,negative,- s,2
wypoczynek,VERB,positive,+ m,2
wypoczywać,NOUN,positive,+ s,2
wypocząć,NOUN,positive,+ s,2
wypoczęty,ADV,positive,+ s,2
wypolerować,NOUN,positive,+ s,1
wypompować,NOUN,negative,- s,4
wypompowywać,NOUN,negative,- s,4
wypompowywać się,NOUN,negative,- s,2
wyposażyć,NOUN,positive,+ s,1
wyprawka,VERB,positive,+ s,1
wyprać,NOUN,positive,+ s,11
wyprać się,NOUN,positive,+ s,4
wypromować,NOUN,positive,+ s,2
wypromowywać,NOUN,positive,+ s,2
wyprosić,NOUN,negative,- s,1
wyprowadzić,NOUN,positive,+ s,2
wyprzedzać,NOUN,positive,+ s,2
wyprzedzić,NOUN,positive,+ s,1
wypróbować,NOUN,positive,+ s,1
wypróchniały,ADV,negative,- s,4
wypunktować,NOUN,positive,+ s,7
wypunktowywać,NOUN,positive,+ s,6
wypędzenie,VERB,negative,- m,2
wypłacalność,VERB,positive,+ s,2
wypłacalny,ADV,positive,+ s,2
wypłaszać,NOUN,negative,- s,2
wypłaszać się,NOUN,negative,- s,2
wypłata,VERB,positive,+ s,1
wypłosz,VERB,negative,- s,2
wypłoszyć,NOUN,negative,- s,2
wypłoszyć się,NOUN,negative,- s,2
wypłowiały,ADV,negative,- s,2
wyrabiać,NOUN,positive,+ s,15
wyrabiać się,NOUN,positive,+ s,11
wyrachowanie,VERB,negative,- s,5
wyrachowany,ADV,negative,- s,5
wyrafinowanie,VERB,positive,+ s,4
wyrafinowany,ADV,positive,+ m,4
wyraj,VERB,positive,+ s,1
wyrastać,NOUN,positive,+ s,5
wyrazistość,VERB,positive,+ s,4
wyrazisty,ADV,positive,+ s,6
wyrazić się,NOUN,negative,- s,2
wyraźność,VERB,positive,+ s,2
wyraźny,ADV,positive,+ s,2
wyrażalny,ADV,positive,+ s,4
wyrażać się,NOUN,negative,- s,2
wyremontować,NOUN,positive,+ s,1
wyrobiony,ADV,positive,+ s,4
wyrobić,NOUN,positive,+ s,14
wyrobić się,NOUN,positive,+ s,10
wyrobniczy,ADV,negative,- s,3
wyrobnik,VERB,negative,- m,2
wyrocznia,VERB,positive,+ s,1
wyrodek,VERB,negative,- s,2
wyrodny,ADV,negative,- s,7
wyrok,VERB,negative,- s,2
wyrok uniewinniający,VERB,positive,+ s,1
wyrokowiec,VERB,negative,- m,2
wyrosnąć,NOUN,negative,- s,3
wyrostek,VERB,negative,- s,2
wyrozumiałość,VERB,positive,+ m,2
wyrozumiały,ADV,positive,+ s,3
wyrudziały,ADV,negative,- s,2
wyrwa,VERB,negative,- s,2
wyrysować,NOUN,positive,+ s,1
wyrysowywać,NOUN,negative,- s,2
wyrzec się,NOUN,negative,- s,2
wyrzekać,NOUN,negative,- s,1
wyrzekać się,NOUN,negative,- s,1
wyrzeźbić,NOUN,positive,+ s,1
wyrznąć się,NOUN,negative,- s,1
wyrzucać,NOUN,negative,- s,6
wyrzucić,NOUN,negative,- s,6
wyrzut,VERB,negative,- s,3
wyrzut sumienia,VERB,negative,- s,4
wyrzutek,VERB,negative,- m,2
wyrzuty sumienia,VERB,negative,- s,3
wyrzygać,NOUN,negative,- s,5
wyrzygać się,NOUN,negative,- s,2
wyrzygiwać,NOUN,negative,- s,2
wyrzynać,NOUN,negative,- m,2
wyrzynać się,NOUN,negative,- s,3
wyrządzać,NOUN,negative,- s,2
wyrządzić,NOUN,negative,- s,2
wyróżniający się,ADV,positive,+ m,1
wyróżnienie,VERB,positive,+ s,1
wyróżniony,ADV,positive,+ s,2
wyróżnić,NOUN,positive,+ s,4
wyrżnąć,NOUN,negative,- s,1
wyrżnąć się,NOUN,negative,- s,6
wyschnięty,ADV,negative,- s,4
wyschnąć,NOUN,negative,- s,8
wyschły,ADV,negative,- s,4
wysegregować,NOUN,positive,+ s,1
wysiadka,VERB,negative,- s,1
wysiedlenie,VERB,negative,- m,2
wysiudać,NOUN,negative,- s,2
wysiudywać,NOUN,negative,- s,2
wysiłek,VERB,negative,- s,2
wyskok,VERB,negative,- s,2
wyskokowy,ADV,positive,+ s,4
wyskrobek,VERB,negative,- m,2
wysmuklać,NOUN,positive,+ s,2
wysmuklać się,NOUN,positive,+ s,2
wysmukleć,NOUN,positive,+ s,2
wysmuklić,NOUN,positive,+ s,2
wysmuklić się,NOUN,positive,+ s,2
wysmukłość,VERB,positive,+ m,2
wysoki,ADV,positive,+ s,9
wysoki połysk,VERB,positive,+ s,1
wysokich lotów,ADV,positive,+ s,2
wysokiego lotu,ADV,positive,+ m,2
wysokiej próby,ADV,positive,+ s,3
wysokobudżetowy,ADV,negative,- s,4
wysokodochodowy,ADV,positive,+ s,4
wysokoefektywny,ADV,positive,+ s,2
wysokogatunkowy,ADV,positive,+ s,3
wysokojakościowy,ADV,positive,+ m,2
wysokokwalifikowany,ADV,positive,+ s,3
wysokolotny,ADV,positive,+ s,6
wysokomleczny,ADV,positive,+ s,1
wysokonakładowy,ADV,positive,+ s,1
wysokoplenny,ADV,positive,+ s,2
wysokopłatny,ADV,positive,+ s,3
wysokowartościowy,ADV,positive,+ s,2
wysokowydajny,ADV,positive,+ m,2
wyspany,ADV,positive,+ s,2
wyspać się,NOUN,positive,+ s,2
wysportowany,ADV,positive,+ s,5
wystarczający,ADV,positive,+ s,2
wystarczalny,ADV,positive,+ s,2
wystawać,NOUN,negative,- s,1
wystawnie,ADJ,positive,+ s,1
wystawny,ADV,negative,- s,2
wystraszony,ADV,negative,- s,2
wystrychać,NOUN,negative,- s,2
wystrychnąć,NOUN,negative,- s,2
wystrzałowy,ADV,positive,+ m,2
wystudiowany,ADV,negative,- s,2
wystygły,ADV,negative,- s,2
wystylizować,NOUN,positive,+ s,2
wystąpić,NOUN,negative,- s,1
występność,VERB,negative,- m,4
występny,ADV,negative,- s,5
wysublimowany,ADV,positive,+ m,2
wysuszać,NOUN,negative,- s,2
wysuszyć,NOUN,negative,- s,1
wysychać,NOUN,negative,- s,8
wysypiać się,NOUN,positive,+ s,2
wyszarzały,ADV,negative,- s,2
wyszczotkować,NOUN,positive,+ s,1
wyszczuplać,NOUN,positive,+ s,2
wyszczuplić,NOUN,positive,+ s,2
wyszkolony,ADV,positive,+ s,2
wyszlachetnieć,NOUN,positive,+ s,9
wyszlochać,NOUN,negative,- s,4
wyszlochać się,NOUN,positive,+ s,2
wyszorować,NOUN,positive,+ s,2
wyszpachlować,NOUN,negative,- s,2
wyszukany,ADV,positive,+ s,3
wyszukiwać,NOUN,positive,+ s,1
wysępić,NOUN,negative,- s,2
wysławiać,NOUN,positive,+ m,2
wysławić,NOUN,positive,+ m,2
wysłużony,ADV,negative,- s,4
wytaczać się,NOUN,negative,- s,2
wytapetować,NOUN,negative,- s,2
wytchnienie,VERB,positive,+ s,2
wytoczyć się,NOUN,negative,- s,2
wytopić,NOUN,negative,- m,2
wytopić się,NOUN,negative,- s,3
wytrawny,ADV,positive,+ s,4
wytruć,NOUN,negative,- s,2
wytrwałość,VERB,positive,+ m,2
wytrwały,ADV,positive,+ s,4
wytrzeć,NOUN,negative,- s,3
wytrzeć gębę,NOUN,negative,- s,3
wytrzeć się,NOUN,negative,- s,2
wytrzymałość,VERB,positive,+ s,3
wytrzymały,ADV,positive,+ s,6
wytworniś,VERB,negative,- m,2
wytworny,ADV,positive,+ m,4
wytwórnia,VERB,negative,- s,1
wytyczna,VERB,positive,+ s,1
wytyk,VERB,negative,- s,1
wytęskniony,ADV,positive,+ s,4
wytężony,ADV,positive,+ s,1
wytłumaczalny,ADV,positive,+ s,4
wytłumaczyć,NOUN,positive,+ s,6
wyuzdanie,VERB,negative,- m,2
wyuzdany,ADV,negative,- m,2
wyuzdać,NOUN,negative,- s,2
wywabiać,NOUN,positive,+ s,2
wywalić,NOUN,negative,- s,2
wywczas,VERB,positive,+ s,2
wywiadywać się,NOUN,positive,+ s,1
wywianować,NOUN,positive,+ s,2
wywlec,NOUN,negative,- s,13
wywlec się,NOUN,negative,- s,6
wywlekać,NOUN,negative,- s,13
wywlekać się,NOUN,negative,- s,3
wywołaniec,VERB,negative,- s,2
wywrotność,VERB,negative,- s,2
wywrotny,ADV,negative,- s,3
wywrotowość,VERB,negative,- s,2
wywrotowy,ADV,negative,- s,2
wywyższać,NOUN,negative,- s,2
wywyższać się,NOUN,negative,- s,3
wywyższenie,VERB,positive,+ s,2
wywyższyć,NOUN,positive,+ s,1
wywyższyć się,NOUN,negative,- s,2
wywózka,VERB,negative,- m,2
wywłaszczyciel,VERB,negative,- s,2
wywłoka,VERB,negative,- m,2
wyzabijać,NOUN,negative,- s,3
wyzdrowieć,NOUN,positive,+ s,2
wyziębły,ADV,negative,- s,4
wyzuty,ADV,negative,- m,2
wyzwalać,NOUN,positive,+ s,1
wyzwać,NOUN,negative,- s,3
wyzwisko,VERB,negative,- s,2
wyzwoliciel,VERB,positive,+ s,2
wyzwolić,NOUN,positive,+ s,1
wyzwolony,ADV,positive,+ s,2
wyzysk,VERB,negative,- m,2
wyzyskiwacz,VERB,negative,- m,2
wyzywający,ADV,negative,- s,3
wyzywać,NOUN,negative,- s,3
wyćwiczyć,NOUN,positive,+ s,2
wyładnieć,NOUN,positive,+ s,3
wyłkać,NOUN,negative,- s,6
wyłkać się,NOUN,negative,- s,2
wyłoić,NOUN,negative,- s,2
wyłożyć się,NOUN,negative,- s,4
wyłudzacz,VERB,negative,- m,2
wyłudzać,NOUN,negative,- m,2
wyłudzenie,VERB,negative,- s,2
wyłudzić,NOUN,negative,- m,2
wyłupiasty,ADV,negative,- s,2
wyłączny,ADV,positive,+ s,1
wyścig,VERB,negative,- s,3
wyścig szczurów,VERB,negative,- s,2
wyściskać,NOUN,positive,+ s,1
wyśmiać,NOUN,negative,- s,1
wyśmiać się,NOUN,positive,+ s,2
wyśmienicie,ADJ,positive,+ m,2
wyśmienity,ADV,positive,+ s,13
wyśmiewać,NOUN,negative,- s,1
wyśmiewać się,NOUN,negative,- s,2
wyśnić,NOUN,positive,+ s,2
wyświechtany,ADV,negative,- s,6
wyż kompensacyjny,VERB,negative,- s,1
wyżerać,NOUN,negative,- m,2
wyższość,VERB,negative,- m,2
wyższy,ADV,positive,+ s,2
wyżynka,VERB,negative,- m,2
wyżyty,ADV,negative,- s,2
wyżywać się,NOUN,positive,+ s,6
wyżółknąć,NOUN,negative,- s,1
wyżółkły,ADV,negative,- s,2
wzbijać,NOUN,negative,- s,1
wzbijać się,NOUN,negative,- s,6
wzbić się,NOUN,negative,- s,7
wzbogacać,NOUN,positive,+ s,10
wzbogacać się,NOUN,positive,+ s,8
wzbogacić,NOUN,positive,+ s,8
wzbogacić się,NOUN,positive,+ s,10
wzburzenie,VERB,negative,- m,2
wzburzony,ADV,negative,- s,4
wzdychacz,VERB,negative,- s,2
wzdychać,NOUN,negative,- s,5
wzgarda,VERB,negative,- m,2
wzgardliwość,VERB,negative,- m,2
wzgardliwy,ADV,negative,- m,4
wzgląd,VERB,positive,+ s,2
względność,VERB,negative,- s,2
względy,VERB,positive,+ s,2
wziątek,VERB,negative,- s,2
wziątka,VERB,negative,- s,2
wziąć poprawkę,NOUN,positive,+ s,2
wziąć za żonę,NOUN,positive,+ s,1
wzięcie,VERB,positive,+ s,2
wzięty,ADV,positive,+ s,2
wzlot,VERB,positive,+ s,2
wzmacniający,ADV,positive,+ s,5
wzmacniać,NOUN,positive,+ s,9
wzmacniać się,NOUN,positive,+ s,6
wzmocnić,NOUN,positive,+ s,9
wzmocnić się,NOUN,positive,+ s,5
wzniecać,NOUN,negative,- s,1
wzniosły,ADV,negative,- s,6
wznowa,VERB,negative,- m,1
wzorcowy,ADV,positive,+ m,2
wzorowy,ADV,positive,+ s,7
wzorzec,VERB,positive,+ m,2
wzrastać,NOUN,positive,+ s,4
wzrosnąć,NOUN,positive,+ s,2
wzruszać,NOUN,positive,+ s,3
wzruszony,ADV,positive,+ s,2
wzruszyć,NOUN,positive,+ s,1
wzór,VERB,positive,+ s,4
wódeczka,VERB,positive,+ s,1
wór,VERB,negative,- s,2
wół,VERB,negative,- s,2
wół roboczy,VERB,negative,- m,2
wąchacz,VERB,negative,- m,2
wągrowaty,ADV,negative,- s,1
wąsacz,VERB,negative,- s,1
wąsal,VERB,negative,- s,1
wąsaty,VERB,negative,- s,1
wąskie gardło,VERB,negative,- s,4
wątle,ADJ,negative,- s,2
wątlutki,ADV,negative,- s,12
wątpiący,ADV,negative,- s,1
wątpliwość,VERB,negative,- s,2
wątpliwy,ADV,negative,- s,4
wątrobiarz,VERB,negative,- s,2
wątło,ADJ,negative,- s,2
wątłość,VERB,negative,- s,7
wątły,ADV,negative,- s,12
wąż,VERB,negative,- m,2
węszyć,NOUN,positive,+ s,1
węzeł,VERB,negative,- s,2
węzeł babski,VERB,negative,- s,1
węzeł gordyjski,VERB,negative,- s,3
węzłowaty,ADV,negative,- s,1
wężowaty,ADV,negative,- s,5
wężowisko,VERB,negative,- s,1
wężowy,ADV,negative,- s,2
władczy,ADV,negative,- s,2
władny,ADV,positive,+ s,2
władza,VERB,positive,+ s,2
władzuchna,VERB,negative,- s,2
włam,VERB,negative,- m,2
włamanie,VERB,negative,- s,2
włamywacz,VERB,negative,- m,2
własnoręczność,VERB,positive,+ s,1
własnowolny,ADV,positive,+ s,2
własny,ADV,positive,+ s,2
własny kąt,VERB,positive,+ s,3
włazić,NOUN,negative,- s,10
właściwość,VERB,positive,+ s,2
właściwy,ADV,positive,+ s,7
włochaty,ADV,negative,- s,2
włość,VERB,positive,+ s,1
włóczyć,NOUN,negative,- s,12
włóczyć się,NOUN,negative,- s,1
włóczęga,VERB,negative,- m,2
włóknisty,ADV,negative,- s,1
włączać się,NOUN,positive,+ s,2
włączyć się,NOUN,positive,+ s,2
wścibski,ADV,negative,- s,4
wścibsko,ADJ,negative,- s,2
wścibskość,VERB,negative,- m,2
wścibstwo,VERB,negative,- m,2
wściekać,NOUN,negative,- m,2
wściekać się,NOUN,negative,- s,4
wściekłość,VERB,negative,- m,2
wściekły,ADV,negative,- s,6
yakuza,VERB,negative,- m,2
yuppies,VERB,negative,- s,1
z bożej łaski,ADV,negative,- m,2
z czapy,ADV,negative,- s,2
z dupy,ADJ,negative,- s,3
z dupy,ADV,negative,- m,2
z grubej rury,ADJ,negative,- s,2
z kosmosu,ADV,negative,- s,3
z krwi i kości,ADV,positive,+ s,4
z lekka,ADJ,negative,- s,2
z nieprawego łoża,ADV,negative,- s,7
z piekła rodem,ADV,negative,- s,5
z pieprzykiem,ADV,positive,+ s,2
z prawdziwego zdarzenia,ADV,positive,+ s,2
za free,ADJ,positive,+ s,1
zaadoptować,NOUN,positive,+ s,1
zaaferować się,NOUN,negative,- s,2
zaakceptować,NOUN,positive,+ s,2
zaaklimatyzować się,NOUN,positive,+ s,2
zaalarmować,NOUN,positive,+ s,2
zaambarasować,NOUN,negative,- s,4
zaambarasować się,NOUN,negative,- s,4
zaangażowanie,VERB,positive,+ s,2
zaangażować,NOUN,positive,+ s,2
zaangażować się,NOUN,positive,+ s,2
zaatakować,NOUN,negative,- s,14
zaawansowany,ADV,positive,+ s,2
zababrać,NOUN,negative,- s,11
zababrać się,NOUN,negative,- s,4
zabajdurzyć,NOUN,negative,- s,11
zabajdurzyć się,NOUN,negative,- s,2
zabaletować,NOUN,positive,+ s,3
zabalować,NOUN,positive,+ s,4
zabarwiać się,NOUN,positive,+ s,1
zabarwić się,NOUN,positive,+ s,4
zabawa,VERB,negative,- s,2
zabaweczka,VERB,negative,- s,1
zabawiać,NOUN,positive,+ s,3
zabawiać się,NOUN,positive,+ s,10
zabawić,NOUN,positive,+ s,4
zabawić się,NOUN,negative,- s,9
zabawka,VERB,positive,+ s,4
zabawność,VERB,positive,+ s,2
zabawny,ADV,positive,+ s,4
zabawowy,ADV,positive,+ s,4
zabazgrać,NOUN,negative,- s,4
zabazgrolić,NOUN,negative,- s,2
zabazgrywać,NOUN,negative,- s,2
zabałaganiać,NOUN,negative,- s,8
zabałaganiać się,NOUN,negative,- s,4
zabałaganić,NOUN,negative,- s,4
zabałaganić się,NOUN,negative,- s,10
zabeczany,ADV,negative,- s,2
zabeczeć,NOUN,negative,- s,2
zabezpieczać,NOUN,positive,+ s,2
zabezpieczenie,VERB,positive,+ s,4
zabezpieczyć,NOUN,positive,+ s,2
zabełtać,NOUN,negative,- s,4
zabełtać się,NOUN,negative,- s,5
zabiedzony,ADV,negative,- s,2
zabieganie,VERB,negative,- s,2
zabiegliwy,ADV,positive,+ s,1
zabiegły,ADV,positive,+ s,1
zabijaka,VERB,negative,- s,2
zabijać,NOUN,negative,- m,8
zabijać klina,NOUN,negative,- s,2
zabijać się,NOUN,negative,- s,5
zabijać ćwieka,NOUN,negative,- s,2
zabijać śmiechem,NOUN,negative,- s,2
zabiwakować,NOUN,negative,- s,1
zabić,NOUN,negative,- s,11
zabić klina,NOUN,negative,- s,2
zabić się,NOUN,negative,- m,2
zabić ćwieka,NOUN,negative,- s,2
zabić śmiechem,NOUN,negative,- s,2
zabobonność,VERB,negative,- m,2
zabobonny,ADV,negative,- s,3
zaborca,VERB,negative,- m,4
zaborczo,ADJ,negative,- s,2
zaborczy,ADV,negative,- s,6
zaborowy,ADV,negative,- s,2
zabrudzenie,VERB,negative,- s,2
zabrudzony,ADV,negative,- s,1
zabujać,NOUN,negative,- s,4
zabujać się,NOUN,negative,- s,2
zabulić,NOUN,negative,- s,2
zabytek,VERB,positive,+ s,2
zabytkowość,VERB,positive,+ s,3
zabytkowy,ADV,positive,+ s,4
zabójca,VERB,negative,- m,2
zabójczość,VERB,negative,- m,2
zabójczy,ADV,negative,- m,8
zabójstwo,VERB,negative,- m,2
zabór,VERB,negative,- s,1
zabłyszczeć,NOUN,positive,+ s,3
zabłąkany,ADV,negative,- s,3
zacementować,NOUN,positive,+ s,3
zacementować się,NOUN,positive,+ s,3
zachcianka,VERB,positive,+ s,1
zachciewajka,VERB,positive,+ s,4
zachlipać,NOUN,negative,- s,6
zachodzić,NOUN,negative,- s,4
zachodzić za skórę,NOUN,negative,- s,3
zachorowalność,VERB,negative,- s,1
zachowaniowy,ADV,positive,+ s,2
zachrypły,ADV,negative,- s,2
zachwalacz,VERB,negative,- s,1
zachwianie gospodarcze,VERB,negative,- m,2
zachwycający,ADV,positive,+ m,2
zachwycać,NOUN,positive,+ m,2
zachwycać się,NOUN,positive,+ m,2
zachwycenie,VERB,positive,+ m,2
zachwycić,NOUN,positive,+ m,2
zachwyt,VERB,positive,+ m,2
zachód,VERB,negative,- s,2
zachęcający,ADV,positive,+ s,4
zachęcać,NOUN,positive,+ s,2
zachęta,VERB,positive,+ s,2
zachłanność,VERB,negative,- m,2
zachłanny,ADV,negative,- s,2
zaciek,VERB,negative,- s,2
zaciekawienie,VERB,positive,+ s,2
zaciekawiony,ADV,positive,+ s,4
zaciekłość,VERB,negative,- m,2
zaciekły,ADV,negative,- s,1
zacierać,NOUN,negative,- s,5
zaciesz,VERB,positive,+ s,1
zacietrzewienie,VERB,negative,- s,2
zacinać,NOUN,negative,- s,13
zacinać się,NOUN,negative,- s,2
zacisze,VERB,positive,+ s,2
zaciszność,VERB,positive,+ s,2
zaciszny,ADV,positive,+ s,2
zaciukać,NOUN,negative,- s,3
zaciukiwać,NOUN,negative,- s,3
zaciąć,NOUN,negative,- s,11
zaciąć się,NOUN,negative,- s,7
zacięty,ADV,positive,+ s,2
zacność,VERB,positive,+ s,2
zacny,ADV,positive,+ m,6
zacofanie,VERB,negative,- s,4
zacofaniec,VERB,negative,- m,2
zacofany,ADV,negative,- s,4
zaczadziały,ADV,negative,- s,3
zaczarowany,ADV,positive,+ m,2
zaczepiać,NOUN,negative,- s,7
zaczepność,VERB,negative,- s,2
zaczepny,ADV,negative,- s,5
zaczerwieniony,ADV,negative,- s,2
zaczytać,NOUN,negative,- s,2
zaczytać się,NOUN,negative,- s,2
zaczytywać,NOUN,negative,- s,2
zaczytywać się,NOUN,positive,+ s,5
zadawniony,ADV,negative,- s,1
zadbać,NOUN,positive,+ s,2
zadeszczony,ADV,negative,- s,2
zadowalający,ADV,positive,+ s,2
zadowalać,NOUN,positive,+ s,2
zadowolenie,VERB,positive,+ m,2
zadowolić,NOUN,positive,+ s,2
zadowolony,ADV,positive,+ s,4
zadośćuczynienie,VERB,positive,+ s,1
zadra,VERB,negative,- m,2
zadrażniać,NOUN,negative,- s,2
zadrażnienie,VERB,negative,- s,2
zadrażnić,NOUN,negative,- s,2
zadrwić,NOUN,negative,- s,11
zadufanie,VERB,negative,- m,2
zadufaność,VERB,negative,- s,3
zadufany,ADV,negative,- s,3
zadufały,ADV,negative,- s,3
zadufek,VERB,negative,- s,2
zadupie,VERB,negative,- s,5
zadurzenie,VERB,positive,+ s,3
zadurzony,ADV,positive,+ s,2
zaduszek,VERB,negative,- s,2
zadyma,VERB,negative,- m,1
zadymiarz,VERB,negative,- s,2
zadymienie,VERB,negative,- s,2
zadymić się,NOUN,negative,- s,1
zadyszany,ADV,negative,- s,3
zadziałać,NOUN,positive,+ s,4
zadzierzysty,ADV,positive,+ s,8
zadzierżystość,VERB,negative,- s,2
zadzierżysty,ADV,negative,- s,7
zadziobać,NOUN,negative,- s,4
zadziobywać,NOUN,negative,- s,4
zadziora,VERB,negative,- s,2
zadziorność,VERB,positive,+ s,2
zadąsać się,NOUN,negative,- s,2
zadęcie,VERB,negative,- m,2
zadłużenie,VERB,negative,- s,2
zadżumiony,ADV,negative,- m,2
zafascynować,NOUN,positive,+ m,2
zafoliować,NOUN,positive,+ s,1
zagadkowy,ADV,negative,- s,1
zagarnięcie mienia,VERB,negative,- s,2
zagasać,NOUN,negative,- s,2
zagasić,NOUN,negative,- s,6
zagasnąć,NOUN,negative,- s,6
zaginiony,ADV,negative,- s,2
zaginąć,NOUN,negative,- s,2
zagmatwany,ADV,negative,- s,2
zagniewany,ADV,negative,- m,2
zagoić,NOUN,positive,+ s,2
zagoniony,ADV,negative,- s,2
zagorzały,ADV,negative,- m,1
zagraniczniak,VERB,negative,- s,2
zagrać,NOUN,negative,- s,4
zagrożenie,VERB,negative,- s,3
zagrożony,ADV,negative,- s,2
zagrypiony,ADV,negative,- s,1
zagryzać,NOUN,negative,- s,2
zagryzmalać,NOUN,negative,- s,2
zagryzmolić,NOUN,negative,- s,4
zagryźć,NOUN,negative,- s,2
zagrzebać,NOUN,positive,+ s,4
zagrzybiony,ADV,negative,- s,3
zagubienie,VERB,negative,- s,2
zagubiony,ADV,negative,- s,3
zagęszczać,NOUN,positive,+ s,4
zagęszczać się,NOUN,negative,- s,5
zagęścić,NOUN,positive,+ s,4
zagęścić się,NOUN,negative,- s,5
zagłada,VERB,negative,- m,6
zahamowanie,VERB,negative,- s,2
zahandlować,NOUN,positive,+ s,1
zahartowany,ADV,positive,+ s,2
zahukany,ADV,negative,- m,2
zaigrać,NOUN,positive,+ s,2
zainspirować,NOUN,positive,+ s,4
zainteresowanie,VERB,positive,+ s,4
zaintrygować,NOUN,positive,+ s,2
zaiskrzeć,NOUN,positive,+ s,2
zajadać,NOUN,positive,+ s,4
zajadać się,NOUN,negative,- s,3
zajadły,ADV,negative,- m,3
zajawka,VERB,positive,+ s,4
zajebisty,ADV,positive,+ s,2
zajeść,NOUN,negative,- s,3
zajeść się,NOUN,negative,- s,5
zajmować,NOUN,positive,+ s,2
zajmujący,ADV,positive,+ m,2
zajob,VERB,negative,- m,2
zająkiwać się,NOUN,negative,- s,2
zająkliwy,ADV,negative,- s,2
zajęczy,ADV,negative,- m,2
zajęty,ADV,negative,- s,2
zajście,VERB,negative,- s,2
zajść,NOUN,negative,- s,6
zajść za skórę,NOUN,negative,- s,2
zakalcowaty,ADV,negative,- s,2
zakamarek,VERB,negative,- s,1
zakamieniałość,VERB,negative,- m,2
zakamieniały,ADV,negative,- m,2
zakapior,VERB,negative,- m,2
zakatarzony,ADV,negative,- s,1
zakatrupiać,NOUN,negative,- m,2
zakatrupić,NOUN,negative,- m,2
zakaz,VERB,negative,- s,1
zakazany,ADV,negative,- s,5
zakazowy,ADV,negative,- s,2
zakała,VERB,negative,- m,2
zakaźny,ADV,negative,- s,1
zakażenie,VERB,negative,- s,2
zakichany,ADV,negative,- m,2
zakisić się,NOUN,negative,- s,1
zakisły,ADV,negative,- s,6
zaklimatyzować się,NOUN,positive,+ s,1
zakochanie,VERB,positive,+ m,2
zakochany,ADV,positive,+ s,6
zakochany,VERB,positive,+ s,3
zakombinować,NOUN,positive,+ s,6
zakpić,NOUN,negative,- s,10
zakrwawiony,ADV,negative,- s,2
zakrwawić,NOUN,negative,- s,2
zakrzepły,ADV,negative,- s,1
zakręcony,ADV,positive,+ s,6
zakręt,VERB,negative,- s,2
zakręt śmierci,VERB,negative,- m,2
zaktywizować,NOUN,positive,+ s,2
zaktywizować się,NOUN,positive,+ s,2
zakulisowy,ADV,negative,- s,2
zakup,VERB,positive,+ s,1
zakuta pała,VERB,negative,- m,2
zakuty,ADV,negative,- m,2
zakuty łeb,VERB,negative,- m,2
zakwitać,NOUN,negative,- s,6
zakwitnąć,NOUN,positive,+ s,13
zakątek,VERB,positive,+ s,2
zakładnictwo,VERB,negative,- s,2
zakłamanie,VERB,negative,- s,2
zakłamany,ADV,negative,- m,8
zakłopotanie,VERB,negative,- s,2
zakłopotany,ADV,negative,- s,2
zakłuć w oko,NOUN,negative,- s,1
zakłócenie,VERB,negative,- s,4
zalany,ADV,negative,- s,3
zalać,NOUN,negative,- s,4
zalecać,NOUN,positive,+ s,2
zalecić,NOUN,positive,+ s,2
zaleczać,NOUN,positive,+ s,2
zaleczyć,NOUN,positive,+ s,2
zaległość,VERB,negative,- s,2
zaległy,ADV,negative,- s,2
zalew,VERB,negative,- s,1
zalewać,NOUN,negative,- s,4
zalewać się,NOUN,negative,- s,2
zależność,VERB,negative,- s,4
zależny,ADV,negative,- s,2
zaliczalny,ADV,positive,+ s,1
zalotny,ADV,positive,+ s,4
zalutować,NOUN,negative,- s,1
zalęknienie,VERB,negative,- m,2
zalękniony,ADV,negative,- s,4
zamach,VERB,negative,- s,2
zamach samobójczy,VERB,negative,- s,2
zamachowiec,VERB,negative,- m,2
zamanewrować,NOUN,positive,+ s,2
zamarznięty,ADV,negative,- m,2
zamarzyć,NOUN,positive,+ s,2
zamarzyć się,NOUN,positive,+ s,1
zamarzły,ADV,negative,- m,2
zamarły,ADV,negative,- s,6
zamaskowany,ADV,negative,- s,4
zamazany,ADV,negative,- s,3
zamek na lodzie,VERB,negative,- s,3
zamek na piasku,VERB,negative,- s,2
zamglony,ADV,negative,- s,2
zamierzchłe czasy,VERB,negative,- s,2
zamierzchłość,VERB,negative,- s,2
zamieszanie,VERB,negative,- s,2
zamieszać,NOUN,negative,- s,3
zamieszać się,NOUN,negative,- s,6
zamieszki,VERB,negative,- m,2
zamigotać,NOUN,positive,+ s,3
zamiłowanie,VERB,positive,+ s,3
zamknięcie,VERB,negative,- s,1
zamknięty,ADV,negative,- s,2
zamknięty w sobie,ADV,negative,- s,2
zamokły,ADV,negative,- s,2
zamontować,NOUN,positive,+ s,1
zamordować,NOUN,negative,- s,8
zamordować się,NOUN,negative,- m,2
zamordowywać,NOUN,negative,- s,3
zamordowywać się,NOUN,negative,- m,2
zamordysta,VERB,negative,- m,2
zamotany,ADV,negative,- s,2
zamożnie,ADJ,positive,+ s,4
zamożny,ADV,positive,+ s,4
zamrożenie,VERB,negative,- s,1
zamówić,NOUN,positive,+ s,1
zamącać,NOUN,negative,- s,9
zamącić,NOUN,negative,- s,11
zamącić się,NOUN,negative,- s,6
zamęt,VERB,negative,- s,2
zaniechać,NOUN,negative,- s,1
zanieczyszczenie,VERB,negative,- s,4
zanieczyszczony,ADV,negative,- m,2
zaniedbanie,VERB,negative,- s,2
zaniedbany,ADV,negative,- s,5
zaniedbywanie,VERB,negative,- s,2
zaniepokojenie,VERB,negative,- s,2
zaniepokojony,ADV,negative,- s,3
zanik,VERB,negative,- s,3
zaniżać,NOUN,negative,- s,2
zantagonizować się,NOUN,negative,- s,3
zaogniony,ADV,negative,- s,2
zaopatrzyć,NOUN,positive,+ s,2
zaopiekować się,NOUN,positive,+ s,2
zaoszczędzić,NOUN,positive,+ s,2
zaowocować,NOUN,positive,+ s,2
zapadalność,VERB,negative,- s,1
zapadły,ADV,negative,- s,6
zapadły kąt,VERB,negative,- s,3
zapalać,NOUN,negative,- s,2
zapalać się,NOUN,positive,+ s,2
zapalczywość,VERB,negative,- m,4
zapalczywy,ADV,negative,- s,4
zapaleniec,VERB,positive,+ m,2
zapalić,NOUN,negative,- s,2
zapalny,ADV,negative,- s,5
zapalony,ADV,positive,+ m,2
zapanować,NOUN,positive,+ s,2
zapaprać,NOUN,negative,- s,4
zaparcie,VERB,positive,+ m,2
zapas,VERB,positive,+ s,4
zapasik,VERB,positive,+ s,1
zapaść gospodarcza,VERB,negative,- m,2
zapaść kredytowa,VERB,negative,- s,1
zapchajdziura,VERB,negative,- m,2
zapchać,NOUN,positive,+ s,1
zaperzony,ADV,negative,- s,3
zapewniać,NOUN,positive,+ s,2
zapewnienie,VERB,positive,+ s,2
zapewnić,NOUN,positive,+ s,3
zapiecowy,ADV,positive,+ s,2
zapiekły,ADV,negative,- s,7
zapierać,NOUN,negative,- s,3
zapierać się,NOUN,negative,- s,7
zapijaczony,ADV,negative,- m,6
zapijać się,NOUN,negative,- m,2
zapity,ADV,negative,- s,4
zaplanowany,ADV,positive,+ s,1
zaplecze,VERB,positive,+ s,1
zapleśniały,ADV,negative,- s,8
zaplonkować,NOUN,negative,- s,2
zapluty karzeł reakcji,VERB,negative,- m,2
zapobiec,NOUN,positive,+ s,2
zapobieganie,VERB,positive,+ s,1
zapobiegawczy,ADV,positive,+ s,2
zapobiegać,NOUN,positive,+ s,2
zapobiegliwość,VERB,positive,+ s,2
zapobiegliwy,ADV,positive,+ s,4
zapobieżeć,NOUN,positive,+ s,1
zapominalski,ADV,negative,- s,1
zapominalski,VERB,negative,- s,1
zapominalskość,VERB,negative,- s,2
zapominalstwo,VERB,negative,- s,2
zapominać,NOUN,negative,- s,14
zapomnienie,VERB,negative,- s,2
zapomnieć,NOUN,negative,- s,14
zapomoga,VERB,positive,+ s,2
zapora,VERB,negative,- s,3
zaporowy,ADV,negative,- s,3
zapotniały,ADV,negative,- s,2
zapowietrzony,ADV,negative,- m,4
zapoznawczy,ADV,positive,+ s,1
zapracowany,ADV,negative,- s,2
zapracować,NOUN,positive,+ s,3
zapraszający,ADV,positive,+ s,2
zaprawić,NOUN,positive,+ s,2
zaprawny,ADV,positive,+ s,2
zaprać,NOUN,positive,+ s,1
zaprocentować,NOUN,positive,+ s,2
zaproszenie,VERB,positive,+ s,2
zaproszony,VERB,positive,+ s,1
zaprzaniec,VERB,negative,- s,3
zaprzedaniec,VERB,negative,- m,2
zaprzeć,NOUN,negative,- s,5
zaprzeć się,NOUN,negative,- s,6
zaprzyjaźniony,ADV,positive,+ s,3
zaprzysiężony,ADV,positive,+ s,3
zapudłować,NOUN,negative,- s,4
zapunktować,NOUN,positive,+ s,6
zapunktowywać,NOUN,positive,+ s,4
zapuszczony,ADV,negative,- s,5
zapuszkować,NOUN,negative,- s,4
zapyziały,ADV,negative,- s,7
zapóźnienie,VERB,negative,- s,3
zapóźniony,ADV,negative,- s,4
zapęd,VERB,negative,- s,2
zapłakany,ADV,negative,- s,4
zapłakać,NOUN,negative,- s,4
zapłodnić,NOUN,positive,+ s,1
zarabiać,NOUN,positive,+ s,8
zarabiać się,NOUN,negative,- s,2
zaradczy,ADV,positive,+ s,2
zaradność,VERB,positive,+ s,4
zaradny,ADV,positive,+ s,4
zaradzić,NOUN,positive,+ s,2
zarastać,NOUN,negative,- s,5
zaraza,VERB,negative,- s,4
zarazić,NOUN,negative,- s,2
zarazić się,NOUN,negative,- s,2
zarażać,NOUN,negative,- s,2
zarażać się,NOUN,negative,- s,2
zardzewiały,ADV,negative,- s,2
zareklamować,NOUN,negative,- s,1
zarekomendować,NOUN,positive,+ s,2
zarobaczać,NOUN,negative,- s,5
zarobaczać się,NOUN,negative,- s,5
zarobaczyć,NOUN,negative,- s,6
zarobaczyć się,NOUN,negative,- s,5
zarobić,NOUN,positive,+ s,6
zarobić się,NOUN,negative,- s,2
zarobkowy,ADV,positive,+ m,2
zarosnąć,NOUN,negative,- s,3
zarozumialec,VERB,negative,- m,2
zarozumialstwo,VERB,negative,- m,2
zarozumiałość,VERB,negative,- s,5
zarozumiały,ADV,negative,- s,4
zarośnięty,ADV,negative,- s,1
zarumieniać,NOUN,positive,+ s,2
zarumieniać się,NOUN,positive,+ s,2
zarumienić,NOUN,positive,+ s,2
zarumienić się,NOUN,positive,+ s,2
zaryczeć,NOUN,negative,- s,4
zaryczeć się,NOUN,negative,- s,5
zarykiwać,NOUN,negative,- s,2
zarykiwać się,NOUN,negative,- s,3
zarysowanie,VERB,negative,- s,1
zarysowywać,NOUN,positive,+ s,2
zarzewie,VERB,negative,- s,2
zarznąć,NOUN,positive,+ s,5
zarzut,VERB,negative,- m,2
zarzygać,NOUN,negative,- s,3
zarzygać się,NOUN,negative,- s,2
zarzygiwać,NOUN,negative,- s,3
zarzygiwać się,NOUN,negative,- s,3
zarzynać,NOUN,positive,+ s,7
zarzynać się,NOUN,negative,- s,6
zaróżowiony,ADV,positive,+ s,2
zarąbać,NOUN,negative,- s,9
zarąbywać,NOUN,negative,- s,7
zaręczać,NOUN,positive,+ s,4
zaręczyć,NOUN,positive,+ s,4
zarżnąć,NOUN,negative,- s,9
zarżnąć się,NOUN,negative,- s,6
zasada,VERB,positive,+ s,3
zasadność,VERB,positive,+ s,3
zasadny,ADV,positive,+ s,2
zasadzka,VERB,negative,- s,3
zasapany,ADV,negative,- s,2
zaschnąć,NOUN,negative,- s,2
zasiadywać,NOUN,negative,- s,1
zasiadywać się,NOUN,negative,- s,2
zasiedziałość,VERB,negative,- s,4
zasiedzieć,NOUN,negative,- s,2
zasiedzieć się,NOUN,negative,- s,4
zasilić,NOUN,positive,+ s,2
zasiniały,ADV,negative,- s,2
zasięgać języka,NOUN,positive,+ s,1
zasięgać opinii,NOUN,positive,+ s,1
zasięgnąć opinii,NOUN,positive,+ s,2
zaskarbić,NOUN,positive,+ s,3
zaskarżalny,ADV,positive,+ s,1
zaskarżać,NOUN,negative,- s,2
zaskarżyć,NOUN,negative,- s,2
zaskorupiały,ADV,negative,- s,5
zaskutkować,NOUN,positive,+ s,2
zaskórniak,VERB,positive,+ s,1
zasmakować,NOUN,positive,+ s,2
zasmarkaniec,VERB,negative,- m,2
zasmarkany,ADV,negative,- s,8
zasnąć,NOUN,negative,- s,4
zasnąć na wieki,NOUN,negative,- s,3
zasobny,ADV,positive,+ s,4
zasobożerność,VERB,negative,- s,2
zaspany,ADV,negative,- s,3
zaspawać,NOUN,negative,- s,2
zaspać,NOUN,negative,- s,2
zaspokajać,NOUN,positive,+ s,2
zaspokoić,NOUN,positive,+ s,2
zasraniec,VERB,negative,- m,2
zasraność,VERB,negative,- m,2
zasrany,ADV,negative,- m,2
zastanawiający,ADV,negative,- s,1
zastanowienie,VERB,positive,+ s,1
zastawiać,NOUN,negative,- s,7
zastawiać się,NOUN,negative,- s,2
zastawić,NOUN,negative,- s,5
zastawić się,NOUN,negative,- s,2
zastałość,VERB,negative,- s,4
zastały,ADV,negative,- s,8
zastosowalny,ADV,positive,+ s,2
zastosowanie,VERB,positive,+ s,1
zastrachany,ADV,negative,- s,2
zastraszający,ADV,negative,- m,4
zastrzyk,VERB,positive,+ s,2
zastygły,ADV,negative,- s,2
zastój,VERB,negative,- s,4
zasugerować,NOUN,positive,+ s,1
zasuszać,NOUN,negative,- s,3
zasuszyć,NOUN,positive,+ s,4
zasychać,NOUN,negative,- s,2
zasypiać,NOUN,negative,- s,8
zaszczepić,NOUN,positive,+ s,1
zaszczyt,VERB,positive,+ m,1
zaszczytność,VERB,positive,+ s,5
zaszczytny,ADV,positive,+ m,2
zaszkodzić,NOUN,negative,- s,4
zaszlachtować,NOUN,negative,- m,4
zaszlochany,ADV,negative,- s,3
zaszłość,VERB,negative,- s,2
zasądzalny,ADV,positive,+ s,1
zasępić,NOUN,negative,- s,2
zasępić się,NOUN,negative,- s,2
zasłona dymna,VERB,negative,- s,2
zasłuchany,ADV,positive,+ s,1
zasługa,VERB,positive,+ s,2
zasłużony,ADV,positive,+ s,4
zasłużony,VERB,positive,+ m,2
zasłużyć,NOUN,positive,+ s,1
zasłynąć,NOUN,positive,+ s,2
zatabaczony,ADV,negative,- s,6
zataczać krąg,NOUN,negative,- s,1
zatapiać,NOUN,negative,- s,3
zatarg,VERB,negative,- m,2
zataszczyć,NOUN,negative,- s,2
zatonąć,NOUN,negative,- s,2
zatopić,NOUN,negative,- s,5
zator,VERB,negative,- s,4
zatracenie,VERB,negative,- s,3
zatracony,ADV,negative,- s,10
zatrata,VERB,negative,- s,5
zatroskanie,VERB,negative,- s,2
zatroskany,ADV,negative,- s,4
zatrucie,VERB,negative,- s,1
zatruwacz,VERB,negative,- m,2
zatrważająco,ADJ,negative,- m,2
zatrwożony,ADV,negative,- s,3
zatrzeć,NOUN,negative,- s,5
zatrzymać,NOUN,positive,+ s,1
zatrzęsienie,VERB,negative,- s,2
zatwardzialec,VERB,negative,- m,1
zatwardziały,ADV,negative,- m,2
zatęchły,ADV,negative,- s,8
zatłoczenie,VERB,negative,- s,2
zatłuszczony,ADV,negative,- s,2
zaufanie,VERB,positive,+ s,2
zaufany,ADV,positive,+ s,3
zaufać,NOUN,positive,+ s,3
zauroczyć,NOUN,positive,+ s,2
zausznik,VERB,positive,+ s,1
zauważalny,ADV,positive,+ s,2
zawada,VERB,negative,- s,2
zawadiacki,ADV,negative,- s,2
zawadiaka,VERB,negative,- s,2
zawalidroga,VERB,negative,- s,4
zawalisko,VERB,negative,- s,3
zawartość cukru w cukrze,VERB,negative,- s,2
zawdzięczać,NOUN,positive,+ s,2
zawiany,ADV,negative,- s,2
zawierać,NOUN,positive,+ s,3
zawierać znajomość,NOUN,positive,+ s,1
zawierucha,VERB,negative,- m,1
zawikłanie,VERB,negative,- s,2
zawilgotniały,ADV,negative,- s,1
zawirowanie gospodarcze,VERB,negative,- m,2
zawistnik,VERB,negative,- m,2
zawistność,VERB,negative,- m,2
zawistny,ADV,negative,- m,4
zawisłość,VERB,negative,- s,2
zawiłość,VERB,negative,- s,5
zawiły,ADV,negative,- s,2
zawiść,VERB,negative,- m,2
zawlec,NOUN,negative,- s,10
zawlec się,NOUN,negative,- s,2
zawlekać,NOUN,negative,- s,10
zawlekać się,NOUN,negative,- s,2
zawoalowany,ADV,negative,- s,2
zawodniczka,VERB,negative,- s,1
zawodność,VERB,negative,- s,2
zawodność rynku,VERB,negative,- s,1
zawodny,ADV,negative,- s,2
zawodowiec,VERB,positive,+ m,2
zawodowość,VERB,positive,+ s,2
zawodowstwo,VERB,positive,+ m,2
zawodowy,ADV,positive,+ s,6
zawodzenie,VERB,negative,- m,2
zawołany,ADV,positive,+ s,2
zawrotność,VERB,negative,- s,2
zawrzeć,NOUN,positive,+ s,5
zawrzeć znajomość,NOUN,positive,+ s,1
zawrót głowy,VERB,positive,+ s,2
zawstydzający,ADV,negative,- s,4
zawstydzenie,VERB,negative,- m,2
zawstydzony,ADV,negative,- s,2
zawyżyć,NOUN,negative,- s,2
zawziętość,VERB,negative,- s,3
zawzięty,ADV,positive,+ s,9
zawód,VERB,negative,- m,2
zawężenie,VERB,negative,- s,1
zawłaszczenie,VERB,negative,- m,2
zawłoka,VERB,negative,- m,2
zazdrosny,ADV,negative,- s,5
zazdrościwy,ADV,negative,- s,2
zazdrość,VERB,negative,- m,4
zaziajany,ADV,negative,- s,2
zazieleniać,NOUN,positive,+ s,2
zazielenieć,NOUN,negative,- s,2
zazielenić,NOUN,positive,+ s,2
zazielenić się,NOUN,negative,- s,3
zaziemski,ADV,positive,+ s,1
zazuleńka,VERB,positive,+ s,2
zaćma,VERB,negative,- s,1
zaćwierkać,NOUN,positive,+ s,2
załamanie,VERB,negative,- s,3
załamanie gospodarcze,VERB,negative,- m,2
załamać,NOUN,negative,- m,2
załapać,NOUN,positive,+ s,2
załatwiacz,VERB,negative,- m,2
załgany,ADV,negative,- m,6
załgać,NOUN,negative,- m,2
załgać się,NOUN,negative,- s,2
załgiwać,NOUN,negative,- m,2
załgiwać się,NOUN,negative,- s,2
załzawiony,ADV,negative,- s,1
zaścianek,VERB,negative,- s,4
zaściankowość,VERB,negative,- s,2
zaściankowy,ADV,negative,- s,2
zaślepienie,VERB,negative,- m,2
zaślepiony,ADV,negative,- m,2
zaśmiardły,ADV,negative,- m,4
zaśmiać się,NOUN,positive,+ s,7
zaśmierdły,ADV,negative,- m,4
zaśmiewać się,NOUN,positive,+ s,2
zaświtać,NOUN,positive,+ s,6
zażartować,NOUN,negative,- s,6
zażartość,VERB,negative,- m,2
zażarty,ADV,negative,- m,3
zażenowanie,VERB,negative,- m,2
zażenowany,ADV,negative,- s,2
zażydzony,ADV,negative,- s,3
zażyle,ADJ,positive,+ s,3
zażywać,NOUN,positive,+ s,2
zażywny,ADV,negative,- s,1
zażyły,ADV,positive,+ s,6
zbabiały,ADV,negative,- m,2
zbabrać,NOUN,negative,- s,11
zbabrać się,NOUN,negative,- s,9
zbaczać,NOUN,negative,- s,6
zbadanie,VERB,positive,+ s,1
zbadać,NOUN,positive,+ s,10
zbajać,NOUN,negative,- s,4
zbajdurzyć,NOUN,negative,- s,4
zbalansować,NOUN,positive,+ s,2
zbalastować,NOUN,negative,- s,3
zbaraniały,ADV,negative,- s,1
zbawca,VERB,positive,+ s,2
zbawczy,ADV,positive,+ m,2
zbawiać,NOUN,positive,+ s,7
zbawienny,ADV,positive,+ m,2
zbawić,NOUN,positive,+ s,7
zberezeństwo,VERB,negative,- s,3
zbereźnik,VERB,negative,- s,2
zbereźny,ADV,negative,- m,4
zbereżeństwo,VERB,negative,- s,3
zbełtać,NOUN,negative,- s,2
zbełtać się,NOUN,negative,- s,3
zbiedniały,ADV,negative,- s,2
zbieg,VERB,negative,- s,2
zbiegostwo,VERB,negative,- s,2
zbieleć,NOUN,negative,- s,2
zbieranina,VERB,negative,- s,1
zbierać,NOUN,positive,+ s,6
zbijać,NOUN,positive,+ s,9
zbijać bąki,NOUN,negative,- s,1
zbijać się,NOUN,negative,- s,1
zbijać z pantałyku,NOUN,negative,- s,2
zbiory,VERB,positive,+ s,1
zbir,VERB,negative,- m,2
zbić,NOUN,negative,- s,12
zbić się,NOUN,negative,- s,6
zbić z pantałyku,NOUN,negative,- s,2
zbladnąć,NOUN,negative,- s,6
zbladły,ADV,negative,- s,3
zblakły,ADV,negative,- s,2
zblazowany,ADV,negative,- s,4
zblednieć,NOUN,negative,- s,6
zblednąć,NOUN,negative,- s,6
zbliżenie,VERB,positive,+ s,1
zboczenica,VERB,positive,+ s,1
zboczeniec,VERB,negative,- s,3
zboczony,ADV,negative,- s,8
zboczyć,NOUN,negative,- s,4
zbogacać,NOUN,positive,+ s,2
zbogacać się,NOUN,positive,+ s,2
zbolały,ADV,negative,- s,7
zborność,VERB,positive,+ s,2
zborny,ADV,positive,+ s,2
zbożny,ADV,positive,+ s,6
zbrodnia,VERB,negative,- s,4
zbrodnia hitlerowska,VERB,negative,- m,2
zbrodnia kainowa,VERB,negative,- m,2
zbrodnia komunistyczna,VERB,negative,- m,2
zbrodnia nazistowska,VERB,negative,- m,2
zbrodnia przeciw ludzkości,VERB,negative,- m,2
zbrodnia przeciw pokojowi,VERB,negative,- s,3
zbrodnia przeciwko ludzkości,VERB,negative,- m,2
zbrodnia stalinowska,VERB,negative,- m,2
zbrodnia wojenna,VERB,negative,- m,2
zbrodniarz,VERB,negative,- m,2
zbrodniarz wojenny,VERB,negative,- m,2
zbrodniczo,ADJ,negative,- m,2
zbrodniczy,ADV,negative,- m,6
zbrodzień,VERB,negative,- m,2
zbrojny,ADV,negative,- s,2
zbrzydzić,NOUN,negative,- m,2
zbrzydzić się,NOUN,negative,- m,2
zbudować,NOUN,positive,+ s,2
zbuntowany,ADV,negative,- s,2
zbuntować,NOUN,negative,- s,2
zbuntować się,NOUN,negative,- s,2
zbutwiały,ADV,negative,- s,2
zbydlęcieć,NOUN,negative,- m,2
zbydlęcić się,NOUN,negative,- m,2
zbytecznie,ADJ,negative,- s,2
zbyteczność,VERB,negative,- s,2
zbyteczny,ADV,negative,- s,2
zbytkowny,ADV,negative,- s,5
zbytkowy,ADV,positive,+ s,4
zbytni,ADV,negative,- s,1
zbytnica,VERB,negative,- m,2
zbytnik,VERB,negative,- m,2
zbytnio,ADJ,negative,- s,2
zbytny,ADV,positive,+ s,4
zbywać,NOUN,positive,+ s,8
zbyć,NOUN,positive,+ s,3
zbzikowany,ADV,negative,- s,4
zbój,VERB,negative,- s,2
zbójca,VERB,negative,- s,2
zbójecki,ADV,negative,- s,2
zbójnictwo,VERB,negative,- s,2
zbójnik,VERB,negative,- s,2
zbędnie,ADJ,negative,- s,1
zbędność,VERB,negative,- s,2
zbędny,ADV,negative,- s,2
zbłąkana owca,VERB,negative,- s,4
zbłąkana owieczka,VERB,negative,- s,4
zbłąkany,ADV,negative,- s,5
zdatny,ADV,positive,+ s,2
zdawać sobie sprawę,NOUN,positive,+ s,2
zdawkowy,ADV,negative,- s,1
zdać,NOUN,positive,+ s,2
zdechlak,VERB,negative,- s,2
zdechlina,VERB,negative,- s,4
zdechnąć,NOUN,negative,- s,4
zdechły,ADV,negative,- s,12
zdecydowanie,VERB,positive,+ s,2
zdecydowany,ADV,positive,+ s,7
zdemistyfikować,NOUN,positive,+ s,2
zdenerwowanie,VERB,negative,- s,7
zdenerwowany,ADV,negative,- s,5
zdenerwować się,NOUN,negative,- s,4
zdesperowany,ADV,negative,- s,3
zdeterminowany,ADV,positive,+ s,4
zdewociały,ADV,negative,- s,3
zdezorientowany,ADV,negative,- s,2
zdezynfekować,NOUN,positive,+ s,2
zdobić,NOUN,positive,+ s,3
zdobniczy,ADV,positive,+ s,2
zdobny,ADV,positive,+ s,2
zdobywać,NOUN,positive,+ s,2
zdobywca,VERB,positive,+ s,4
zdobywczy,ADV,negative,- s,3
zdobywczyni,VERB,positive,+ s,2
zdobyć,NOUN,positive,+ s,2
zdoić,NOUN,negative,- s,2
zdoić się,NOUN,negative,- s,2
zdolniacha,VERB,positive,+ m,1
zdolny,ADV,positive,+ s,2
zdrada,VERB,negative,- s,7
zdrada stanu,VERB,negative,- m,2
zdradliwość,VERB,negative,- s,7
zdradliwy,ADV,negative,- s,6
zdradny,ADV,negative,- m,4
zdradziecki,ADV,negative,- m,6
zdradziectwo,VERB,negative,- m,4
zdrajca,VERB,negative,- s,4
zdrewniały,ADV,negative,- s,2
zdrewnieć,NOUN,negative,- s,3
zdrowie,VERB,positive,+ s,4
zdrowiuteńki,ADV,positive,+ s,11
zdrowiutki,ADV,positive,+ s,10
zdroworozsądkowy,ADV,positive,+ s,2
zdrowotny,ADV,positive,+ s,2
zdrowy,ADV,positive,+ s,18
zdrowy rozsądek,VERB,positive,+ m,2
zdrożny,ADV,negative,- m,2
zdrów,ADV,positive,+ s,2
zdrówko,VERB,positive,+ s,2
zdrętwiały,ADV,negative,- s,2
zdrętwieć,NOUN,negative,- s,8
zdumiewający,ADV,positive,+ s,1
zdurniały,ADV,negative,- m,2
zduszony,ADV,negative,- s,1
zdychać,NOUN,negative,- s,4
zdyscyplinowanie,VERB,positive,+ s,2
zdyscyplinowany,ADV,positive,+ s,2
zdyszany,ADV,negative,- s,3
zdziadziały,ADV,negative,- s,5
zdziałać,NOUN,positive,+ s,2
zdziczały,ADV,negative,- m,2
zdziecinniały,ADV,negative,- s,2
zdzierać,NOUN,negative,- s,3
zdzierca,VERB,negative,- m,2
zdzierczy,ADV,negative,- s,4
zdzierstwo,VERB,negative,- m,2
zdzierus,VERB,negative,- s,3
zdzira,VERB,negative,- m,4
zdzirowaty,ADV,negative,- m,8
zdziwaczały,ADV,negative,- s,3
zdziwiony,ADV,negative,- s,1
zdziwko,VERB,negative,- m,2
zdążyć,NOUN,positive,+ s,2
zdębiały,ADV,negative,- s,3
zdębieć,NOUN,negative,- s,4
ze szczętem,ADJ,negative,- s,3
zebrać,NOUN,positive,+ s,6
zedrzeć,NOUN,negative,- s,4
zefiryczny,ADV,positive,+ s,2
zejście,VERB,negative,- m,2
zejść,NOUN,negative,- s,10
zejść na ziemię,NOUN,positive,+ s,2
zejść się,NOUN,positive,+ s,6
zelant,VERB,negative,- s,3
zelota,VERB,negative,- s,3
zelżywość,VERB,negative,- m,2
zemdlony,ADV,negative,- s,2
zemsta,VERB,negative,- m,1
zemściwy,ADV,negative,- s,2
zepsucie,VERB,negative,- s,2
zepsutość,VERB,negative,- m,2
zepsuty,ADV,negative,- s,7
zepsuć,NOUN,negative,- s,15
zepsuć się,NOUN,negative,- s,11
zero,VERB,negative,- m,2
zero-jedynkowy,ADV,negative,- s,1
zerowy,ADV,negative,- s,1
zerwanie,VERB,negative,- s,2
zerznąć,NOUN,negative,- m,1
zerówka,VERB,positive,+ s,2
zeschnięty,ADV,negative,- s,3
zeschnąć,NOUN,negative,- s,4
zeschnąć się,NOUN,negative,- s,3
zeschły,ADV,negative,- s,3
zeskorupiały,ADV,negative,- s,5
zespawać się,NOUN,negative,- s,2
zespoilerować,NOUN,negative,- s,2
zespolenie,VERB,positive,+ s,2
zespolik,VERB,negative,- s,2
zespół,VERB,positive,+ s,1
zestarzały,ADV,negative,- s,5
zestawiać,NOUN,positive,+ s,4
zestetyzować,NOUN,positive,+ s,2
zestresowany,ADV,negative,- s,2
zetempowiec,VERB,negative,- s,2
zetlały,ADV,negative,- s,2
zew krwi,VERB,positive,+ m,2
zewłok,VERB,negative,- s,2
zezol,VERB,negative,- m,2
zezowate szczęście,VERB,negative,- s,2
zezowaty,ADV,negative,- s,2
zezwłok,VERB,negative,- s,2
zgaga,VERB,negative,- s,5
zgangrenować,NOUN,negative,- s,2
zgarbiony,ADV,negative,- s,4
zgarniać,NOUN,positive,+ s,2
zgasić,NOUN,negative,- s,7
zgasić się,NOUN,negative,- s,5
zgasnąć,NOUN,negative,- s,10
zgaszony,ADV,negative,- s,6
zgasły,ADV,negative,- s,5
zgiełk,VERB,negative,- s,4
zgiełkliwy,ADV,negative,- s,6
zgliszcze,VERB,negative,- s,2
zgliwiały,ADV,negative,- s,2
zgniłek,VERB,negative,- s,7
zgniły,ADV,negative,- s,7
zgnuśniały,ADV,negative,- m,6
zgnębienie,VERB,negative,- m,2
zgnębiony,ADV,negative,- s,5
zgoda,VERB,positive,+ s,4
zgodliwość,VERB,positive,+ s,2
zgodliwy,ADV,positive,+ s,2
zgodność,VERB,positive,+ s,3
zgodny,ADV,positive,+ s,6
zgon,VERB,negative,- m,2
zgorszenie,VERB,negative,- m,2
zgorszony,ADV,negative,- s,2
zgorzknialec,VERB,negative,- m,2
zgorzkniały,ADV,negative,- s,6
zgorzknienie,VERB,negative,- m,2
zgotować,NOUN,positive,+ s,2
zgrabiały,ADV,negative,- s,2
zgrabieć,NOUN,negative,- s,2
zgrabniutki,ADV,positive,+ s,8
zgrabność,VERB,positive,+ s,5
zgrabny,ADV,positive,+ s,8
zgraja,VERB,negative,- s,4
zgranie,VERB,positive,+ s,4
zgrany,ADV,positive,+ s,2
zgredy,VERB,negative,- s,3
zgromadzać,NOUN,positive,+ s,2
zgromadzić,NOUN,positive,+ s,1
zgroza,VERB,negative,- m,2
zgrubiałość,VERB,negative,- s,1
zgrubiały,ADV,negative,- s,3
zgrubienie,VERB,negative,- s,1
zgrubny,ADV,negative,- s,4
zgryw,VERB,positive,+ s,1
zgrywa,VERB,positive,+ s,1
zgrywny,ADV,positive,+ s,2
zgryziony,ADV,negative,- s,4
zgryzota,VERB,negative,- s,2
zgryźliwiec,VERB,negative,- s,2
zgryźliwość,VERB,negative,- m,2
zgryźliwy,ADV,negative,- s,4
zgrzebność,VERB,negative,- s,2
zgrzebny,ADV,negative,- s,4
zgrzybiałość,VERB,negative,- s,4
zgrzybiały,ADV,negative,- s,10
zgrzytliwy,ADV,negative,- s,4
zguba,VERB,negative,- m,2
zgubiciel,VERB,negative,- s,2
zgubność,VERB,negative,- m,2
zgubny,ADV,negative,- m,2
zgęstnieć,NOUN,negative,- s,5
zgłodniały,ADV,negative,- s,5
zgłosić,NOUN,positive,+ s,1
zgłupiały,ADV,negative,- s,2
zhandlować,NOUN,negative,- s,2
zhumanizować,NOUN,positive,+ s,4
zhumanizować się,NOUN,positive,+ s,2
zianie,VERB,negative,- m,2
zideologizować,NOUN,negative,- s,2
zidiociałość,VERB,negative,- m,2
zidiociały,ADV,negative,- s,7
zielenieć,NOUN,negative,- s,4
zieleniuchny,ADV,positive,+ s,2
zielenić się,NOUN,positive,+ s,4
zielona fala,VERB,positive,+ s,2
zielona granica,VERB,negative,- s,1
zielona noc,VERB,positive,+ s,2
zieloni,VERB,negative,- s,2
zieloniuchny,ADV,positive,+ s,2
zieloniutki,ADV,positive,+ s,5
zieloność,VERB,positive,+ s,3
zielony,ADV,positive,+ s,5
zielony,VERB,negative,- s,1
ziemia obiecana,VERB,positive,+ s,3
ziemistoblady,ADV,negative,- s,1
ziemistość,VERB,negative,- s,2
ziemisty,ADV,negative,- s,2
ziewać,NOUN,negative,- s,1
zimna krew,VERB,positive,+ s,2
zimno,VERB,negative,- s,2
zimnokrwisty,ADV,negative,- s,2
zimność,VERB,negative,- s,2
zimny,ADV,negative,- s,8
zimny drań,VERB,negative,- m,2
zimny prysznic,VERB,negative,- m,2
zinstrumentalizować,NOUN,negative,- s,2
zintelektualizować się,NOUN,positive,+ s,2
ziom,VERB,positive,+ s,2
zionięcie,VERB,negative,- m,2
zirytowany,ADV,negative,- s,4
zjadacz chleba,VERB,negative,- m,2
zjadliwość,VERB,positive,+ s,4
zjadliwy,ADV,negative,- s,7
zjawisko,VERB,positive,+ s,3
zjawiskowość,VERB,positive,+ m,2
zjawiskowy,ADV,positive,+ m,2
zjałowieć,NOUN,negative,- s,6
zjechać,NOUN,negative,- s,5
zjednoczenie,VERB,positive,+ s,3
zjełczały,ADV,negative,- s,6
zjeździć,NOUN,positive,+ s,3
zjeździć się,NOUN,negative,- s,2
zjeżdżać,NOUN,negative,- s,10
zlatać się,NOUN,negative,- s,2
zleniwiały,ADV,negative,- s,2
zlew,VERB,positive,+ s,2
zlewka,VERB,positive,+ s,3
zleżały,ADV,negative,- s,4
zlikwidować,NOUN,negative,- s,2
zlodowaciały,ADV,negative,- s,5
zlękniony,ADV,negative,- s,4
zmacerować,NOUN,negative,- s,2
zmagania,VERB,negative,- m,2
zmanierowanie,VERB,negative,- s,2
zmanipulować,NOUN,negative,- s,4
zmarkotniały,ADV,negative,- s,4
zmarniały,ADV,negative,- s,6
zmarnować,NOUN,negative,- s,2
zmarnować się,NOUN,negative,- s,2
zmarszczyć,NOUN,negative,- s,1
zmartwiały,ADV,negative,- s,9
zmartwienie,VERB,negative,- s,2
zmartwiony,ADV,negative,- s,2
zmarznięty,ADV,negative,- s,6
zmarzły,ADV,negative,- s,6
zmarła,VERB,negative,- s,1
zmarły,ADV,negative,- m,2
zmaskulinizować,NOUN,negative,- s,1
zmatowiały,ADV,negative,- s,2
zmaza,VERB,negative,- m,2
zmiatać,NOUN,negative,- s,3
zmienny,ADV,negative,- s,2
zmienny jak kobieta,ADV,negative,- s,2
zmierzwiony,ADV,negative,- s,2
zmieszanie,VERB,negative,- s,3
zmieszać,NOUN,negative,- s,6
zmieszać się,NOUN,negative,- s,4
zmieszać z błotem,NOUN,negative,- m,2
zmieść,NOUN,negative,- s,3
zmistyfikować,NOUN,negative,- s,2
zmiękczyć,NOUN,negative,- s,1
zmięknąć,NOUN,positive,+ s,2
zmiękły,ADV,positive,+ s,1
zmiłowanie,VERB,positive,+ m,2
zmobilizować,NOUN,positive,+ s,2
zmodernizować,NOUN,positive,+ s,2
zmodernizować się,NOUN,positive,+ s,1
zmontować,NOUN,positive,+ s,1
zmora,VERB,negative,- m,2
zmordować,NOUN,negative,- s,6
zmordować się,NOUN,negative,- s,3
zmotywować,NOUN,positive,+ s,2
zmowa,VERB,negative,- s,4
zmowa milczenia,VERB,negative,- s,3
zmrużyć oko,NOUN,positive,+ s,1
zmurszałość,VERB,negative,- s,2
zmurszały,ADV,negative,- s,6
zmusić,NOUN,negative,- s,3
zmuszać,NOUN,negative,- s,3
zmysł,VERB,positive,+ s,2
zmysłowy,ADV,positive,+ s,6
zmysły,VERB,positive,+ s,2
zmywalny,ADV,positive,+ s,2
zmyłka,VERB,negative,- s,1
zmyłkowy,ADV,negative,- s,2
zmyślność,VERB,positive,+ m,2
zmyślny,ADV,positive,+ s,4
zmącać,NOUN,negative,- s,5
zmącić,NOUN,negative,- s,7
zmącić się,NOUN,negative,- s,7
zmącić wodę,NOUN,negative,- s,2
zmęczenie,VERB,negative,- s,3
zmęczony,ADV,negative,- s,4
znachor,VERB,negative,- m,2
znachorski,ADV,negative,- s,2
znaczenie,VERB,positive,+ s,2
znaczny,ADV,positive,+ s,2
znaczyć,NOUN,positive,+ s,5
znaczący,ADV,positive,+ s,3
znajda,VERB,negative,- s,2
znajdek,VERB,positive,+ s,3
znajduch,VERB,negative,- s,3
znajoma,VERB,positive,+ s,1
znajomość,VERB,positive,+ s,2
znajść,NOUN,positive,+ s,6
znajść się,NOUN,positive,+ s,4
znakomicie,ADJ,positive,+ s,3
znakomitość,VERB,positive,+ m,2
znakomity,ADV,positive,+ s,15
znalezisko,VERB,positive,+ s,1
znamienitość,VERB,positive,+ m,2
znamienity,ADV,positive,+ s,5
znamienny,ADV,positive,+ s,1
znaność,VERB,positive,+ s,1
znany,ADV,positive,+ s,1
znawca,VERB,positive,+ m,2
znawczyni,VERB,positive,+ s,2
znerwicowany,ADV,negative,- m,2
zniechęcać,NOUN,negative,- s,2
zniechęcać się,NOUN,negative,- s,2
zniechęcenie,VERB,negative,- m,2
zniechęcić,NOUN,negative,- s,2
zniechęcić się,NOUN,negative,- s,2
zniechęcony,ADV,negative,- s,4
zniecierpliwiony,ADV,negative,- s,4
znieczulica,VERB,negative,- m,2
znieczulony,ADV,negative,- s,2
zniedołężniały,ADV,negative,- s,7
zniekształcić,NOUN,negative,- s,2
zniekształcony,ADV,negative,- m,1
zniesmaczony,ADV,negative,- s,2
zniesławienie,VERB,negative,- m,2
zniewaga,VERB,negative,- m,2
zniewalający,ADV,positive,+ m,2
znieważać,NOUN,negative,- s,2
znieważyć,NOUN,negative,- s,3
zniewieścialec,VERB,negative,- s,2
zniewieściałość,VERB,negative,- m,2
zniewieściały,ADV,negative,- m,2
zniewolenie,VERB,negative,- m,2
zniewolony,ADV,negative,- m,2
znikliwy,ADV,negative,- s,2
znikomy,ADV,negative,- s,2
zniszczony,ADV,negative,- m,2
zniszczyć,NOUN,negative,- s,2
zniżka,VERB,positive,+ s,1
znojny,ADV,negative,- s,2
znosić,NOUN,negative,- m,2
znoszony,ADV,negative,- s,2
znudzenie,VERB,negative,- s,2
znudzony,ADV,negative,- s,4
znużenie,VERB,negative,- s,2
znużony,ADV,negative,- s,4
znędzniały,ADV,negative,- s,5
znękany,ADV,negative,- s,3
zobaczyć,NOUN,positive,+ s,1
zobojętnienie,VERB,negative,- m,2
zobowiązany,ADV,positive,+ s,1
zoil,VERB,negative,- m,2
zomowiec,VERB,negative,- s,2
zonk,VERB,negative,- m,2
zoptymalizować,NOUN,positive,+ s,2
zorganizowany,ADV,positive,+ s,2
zorganizować,NOUN,positive,+ s,2
zorganizować się,NOUN,positive,+ s,1
zostawiać,NOUN,negative,- s,15
zostawić,NOUN,negative,- s,24
zołza,VERB,negative,- m,2
zołzowaty,ADV,negative,- s,5
zrakowaciały,ADV,negative,- m,2
zramolały,ADV,negative,- s,4
zranić,NOUN,negative,- s,2
zrazić,NOUN,negative,- s,2
zregenerować,NOUN,positive,+ s,2
zrelaksowany,ADV,positive,+ s,2
zrelaksować,NOUN,positive,+ s,2
zreumatyzowany,ADV,negative,- s,3
zrewolucjonizować,NOUN,positive,+ s,3
zrezygnowany,ADV,negative,- s,5
zrezygnować,NOUN,positive,+ s,1
zripostować,NOUN,positive,+ s,1
zrobaczywiały,ADV,negative,- s,6
zrobić,NOUN,positive,+ s,9
zrobić balona,NOUN,negative,- s,2
zrobić koło dupy,NOUN,negative,- s,3
zrobić koło pióra,NOUN,negative,- s,2
zrobić koło tyłka,NOUN,negative,- s,2
zrobić oczy,NOUN,negative,- s,1
zrobić się,NOUN,negative,- s,2
zrobić w balona,NOUN,negative,- s,2
zrobić w bambuko,NOUN,negative,- s,2
zrobić w jajo,NOUN,negative,- s,3
zrobić w karola,NOUN,negative,- s,2
zrobić w konia,NOUN,negative,- s,2
zrobić w trąbę,NOUN,negative,- s,3
zrobić z gęby cholewę,NOUN,negative,- s,3
zrobić z gęby dupę,NOUN,negative,- m,2
zrobić z igły widły,NOUN,negative,- s,2
zrobić z mordy dupę,NOUN,negative,- m,2
zrobić z muchy słonia,NOUN,negative,- s,2
zropiały,ADV,negative,- s,1
zrozpaczony,ADV,negative,- m,4
zrozumiałość,VERB,positive,+ s,2
zrozumiały,ADV,positive,+ s,4
zrozumienie,VERB,positive,+ m,2
zrozumieć,NOUN,positive,+ s,1
zrośnięty,ADV,negative,- s,1
zrudziały,ADV,negative,- s,2
zrutynizować,NOUN,negative,- s,2
zrutynizować się,NOUN,negative,- s,2
zrypany,ADV,negative,- s,11
zrysować,NOUN,negative,- s,1
zryty,ADV,negative,- m,2
zrywność,VERB,positive,+ s,2
zrywny,ADV,positive,+ s,1
zrzygać się,NOUN,negative,- s,2
zrzynać,NOUN,negative,- s,2
zrzęda,VERB,negative,- s,2
zrzędliwość,VERB,negative,- s,5
zrzędliwy,ADV,negative,- s,4
zrzędność,VERB,negative,- s,5
zrzędny,ADV,negative,- s,3
zrzędzenie,VERB,negative,- m,2
zrzędziarstwo,VERB,negative,- s,3
zrównoważenie,VERB,positive,+ m,2
zrównoważoność,VERB,positive,+ s,3
zrównoważony,ADV,positive,+ s,2
zrównoważony rozwój,VERB,positive,+ s,1
zrąbać,NOUN,negative,- s,3
zręczność,VERB,positive,+ s,4
zręczny,ADV,positive,+ s,8
zsiniały,ADV,negative,- s,2
zsychać,NOUN,negative,- s,4
zsychać się,NOUN,negative,- s,4
zsyłka,VERB,negative,- s,5
zszarzały,ADV,negative,- s,6
zszywać,NOUN,positive,+ s,2
zszyć,NOUN,positive,+ s,2
zubożały,ADV,negative,- s,2
zubożenie,VERB,negative,- s,2
zuch,VERB,positive,+ s,2
zuchowaty,ADV,positive,+ s,4
zuchwalczy,ADV,negative,- s,4
zuchwale,ADJ,negative,- s,2
zuchwalec,VERB,negative,- m,2
zuchwalstwo,VERB,negative,- m,4
zuchwałość,VERB,negative,- m,2
zuchwały,ADV,negative,- s,1
zupa na gwoździu,VERB,negative,- s,1
zupa z gwoździa,VERB,negative,- s,1
zupełność,VERB,positive,+ s,1
zużyty,ADV,negative,- s,4
zwada,VERB,negative,- s,2
zwalisko,VERB,negative,- s,1
zwalisty,ADV,negative,- s,2
zwalniać,NOUN,negative,- s,5
zwariowany,ADV,positive,+ s,2
zwarty,ADV,positive,+ s,4
zwała,VERB,positive,+ s,2
zwichrzony,ADV,negative,- s,2
zwierzątko,VERB,positive,+ s,1
zwierzę,VERB,positive,+ s,4
zwierzęcy,ADV,negative,- s,3
zwietrzały,ADV,negative,- s,4
zwieńczenie,VERB,positive,+ m,1
zwieńczyć,NOUN,positive,+ s,2
zwinność,VERB,positive,+ s,5
zwinny,ADV,positive,+ s,4
zwiotczały,ADV,negative,- s,2
związany,ADV,positive,+ m,1
zwiędnięty,ADV,negative,- s,6
zwiędły,ADV,negative,- s,6
zwięzły,ADV,positive,+ s,2
zwlec,NOUN,negative,- s,6
zwlec się,NOUN,negative,- s,4
zwlekać,NOUN,negative,- s,6
zwlekać się,NOUN,negative,- s,4
zwodniczość,VERB,negative,- s,4
zwodniczy,ADV,negative,- s,7
zwodnik,VERB,negative,- m,2
zwodny,ADV,negative,- s,6
zwodziciel,VERB,negative,- m,2
zwolenniczka,VERB,positive,+ s,1
zwolnić,NOUN,positive,+ s,7
zwornik,VERB,positive,+ s,2
zwracać uwagę,NOUN,negative,- s,4
zwrotność,VERB,positive,+ s,2
zwrotny,ADV,positive,+ s,4
zwrócić,NOUN,negative,- s,2
zwrócić uwagę,NOUN,positive,+ s,5
zwycięski,ADV,positive,+ s,4
zwycięskość,VERB,positive,+ m,2
zwycięstwo,VERB,positive,+ s,5
zwycięzca,VERB,positive,+ m,2
zwyciężać,NOUN,negative,- s,3
zwyciężczyni,VERB,positive,+ s,2
zwyciężony,VERB,negative,- s,2
zwyrodnialec,VERB,negative,- m,2
zwyrodniały,ADV,negative,- m,2
zwyrol,VERB,negative,- s,3
zwątlały,ADV,negative,- s,1
zwątpienie,VERB,negative,- s,2
zwłoka,VERB,negative,- s,2
zwłoki,VERB,negative,- s,2
zwłókniały,ADV,negative,- m,1
zygotarianin,VERB,negative,- s,3
zysk,VERB,positive,+ s,5
zyskownie,ADJ,positive,+ s,2
zyskowność,VERB,positive,+ s,3
zyskowny,ADV,positive,+ m,2
zziajany,ADV,negative,- s,2
zzieleniały,ADV,negative,- s,6
zzielenieć,NOUN,negative,- s,2
zziębnięty,ADV,negative,- s,2
zziębły,ADV,negative,- s,2
złagodniały,ADV,positive,+ s,2
złagodnieć,NOUN,positive,+ s,2
złagodzić,NOUN,positive,+ s,2
złakniony,ADV,negative,- s,2
złakomić się,NOUN,negative,- s,4
złamany,ADV,negative,- s,6
złamas,VERB,negative,- m,2
złamać,NOUN,negative,- s,2
złapać,NOUN,positive,+ s,2
złe,VERB,negative,- s,3
zło,VERB,negative,- s,5
zło konieczne,VERB,negative,- s,3
złociutki,ADV,positive,+ s,2
złoczynny,ADV,negative,- s,2
złoczyńca,VERB,negative,- m,2
złodziej,VERB,negative,- m,2
złodziej kieszonkowy,VERB,negative,- m,2
złodziejaszek,VERB,negative,- s,2
złodziejka,VERB,negative,- s,3
złodziejski,ADV,negative,- s,9
złodziejstwo,VERB,negative,- m,2
złoić,NOUN,negative,- s,5
złoić się,NOUN,negative,- s,1
złom,VERB,negative,- s,3
złomiarz,VERB,negative,- m,4
złota młodzież,VERB,negative,- s,2
złota rączka,VERB,positive,+ m,2
złote czasy,VERB,positive,+ m,2
złote jabłko,VERB,positive,+ m,2
złote runo,VERB,positive,+ m,2
złotko,VERB,positive,+ m,2
złoto,VERB,positive,+ s,4
złotousty,ADV,positive,+ s,2
złotości,VERB,positive,+ s,5
złoty,ADV,positive,+ m,4
złoty cielec,VERB,negative,- s,2
złoty deszcz,VERB,positive,+ s,2
złoty interes,VERB,positive,+ m,2
złoty wiek,VERB,positive,+ s,3
złoty środek,VERB,positive,+ s,2
złotówczyna,VERB,negative,- s,2
złowieszczość,VERB,negative,- m,2
złowieszczy,ADV,negative,- m,2
złowrogi,ADV,negative,- m,4
złowrogość,VERB,negative,- m,2
złowróżbność,VERB,negative,- m,2
złowróżbny,ADV,negative,- m,4
złowróżebny,ADV,negative,- m,2
złościć,NOUN,negative,- s,2
złościć się,NOUN,negative,- s,2
złośliwiec,VERB,negative,- s,2
złośliwość,VERB,negative,- s,4
złośliwy,ADV,negative,- m,10
złośnica,VERB,negative,- s,2
złośnik,VERB,negative,- s,2
złość,VERB,negative,- m,4
złożoność,VERB,negative,- s,2
złożony,ADV,negative,- s,2
złożyć,NOUN,positive,+ s,3
złożyć się,NOUN,positive,+ s,3
złudność,VERB,negative,- m,2
złudzenie,VERB,negative,- s,4
zły,ADV,negative,- s,22
zły człowiek,VERB,negative,- m,2
zżymać się,NOUN,negative,- s,4
zżymnąć się,NOUN,negative,- s,1
zżółkły,ADV,negative,- s,2
ćpuński,ADV,negative,- m,2
ćwiartuchna,VERB,positive,+ s,1
ćwiczyć,NOUN,positive,+ s,2
ćwierkać,NOUN,positive,+ s,2
ćwierknąć,NOUN,positive,+ s,1
ćwierćinteligent,VERB,negative,- m,2
ćwik,VERB,negative,- s,1
ćwok,VERB,negative,- m,2
łabędzica,VERB,positive,+ s,2
łachmaniarski,ADV,negative,- s,3
łachmaniarz,VERB,negative,- m,2
łachmaniasty,ADV,negative,- m,2
łachmyta,VERB,negative,- s,4
łachudra,VERB,negative,- s,2
łaciarz,VERB,negative,- s,2
łacina,VERB,negative,- s,2
ład,VERB,positive,+ s,5
ład społeczny,VERB,positive,+ s,2
ładnie,ADJ,positive,+ s,14
ładnieć,NOUN,positive,+ s,2
ładniuchny,ADV,positive,+ s,3
ładniutki,ADV,positive,+ s,3
ładniutko,ADJ,positive,+ s,3
ładny,ADV,positive,+ s,15
ładownie,ADJ,positive,+ s,2
ładowny,ADV,positive,+ s,2
ładunek,VERB,negative,- s,1
łagier,VERB,negative,- s,3
łagodnie,ADJ,positive,+ s,20
łagodność,VERB,positive,+ s,8
łagodny,ADV,positive,+ s,19
łagodzić,NOUN,positive,+ s,2
łagodząco,ADJ,positive,+ s,6
łagodzący,ADV,positive,+ s,4
łajdacki,ADV,negative,- s,8
łajdacko,ADJ,negative,- s,3
łajdackość,VERB,negative,- s,4
łajdactwo,VERB,negative,- m,4
łajdaczyć się,NOUN,negative,- s,6
łajdak,VERB,negative,- m,2
łajdus,VERB,negative,- m,2
łajza,VERB,negative,- m,2
łaknienie,VERB,positive,+ s,2
łakomie,ADJ,negative,- s,1
łakomić się,NOUN,negative,- s,2
łakomo,ADJ,negative,- s,1
łakomstwo,VERB,negative,- s,2
łakomy,ADV,negative,- s,2
łakomy kąsek,VERB,positive,+ s,1
łamaga,VERB,negative,- m,2
łamistrajk,VERB,negative,- s,2
łamliwy,ADV,negative,- s,2
łapanie za słówka,VERB,negative,- s,2
łapanka,VERB,negative,- m,2
łapać,NOUN,positive,+ s,2
łapać się,NOUN,positive,+ s,1
łapczywiec,VERB,negative,- s,2
łapczywość,VERB,negative,- s,2
łapczywy,ADV,negative,- s,4
łapiduch,VERB,negative,- s,2
łapka,VERB,positive,+ s,1
łapownictwo,VERB,negative,- m,2
łapownik,VERB,negative,- m,2
łapserdak,VERB,positive,+ s,4
łapówa,VERB,negative,- m,2
łapówka,VERB,negative,- m,2
łapówkarstwo,VERB,negative,- m,2
łapówkarz,VERB,negative,- m,2
łaska,VERB,positive,+ s,3
łaskawca,VERB,positive,+ s,4
łaskawie,ADJ,positive,+ s,6
łaskawość,VERB,positive,+ m,2
łaskawy,ADV,positive,+ s,10
łasuch,VERB,positive,+ s,2
łasy,ADV,negative,- s,2
łaszczyć się,NOUN,negative,- s,1
łatanina,VERB,negative,- s,4
łatek,VERB,negative,- s,2
łatka,VERB,negative,- s,2
łatwiutko,ADJ,positive,+ s,3
łatwić,NOUN,positive,+ s,1
łatwo,ADJ,positive,+ s,4
łatwopalnie,ADJ,negative,- s,4
łatwopalny,ADV,negative,- s,2
łatwostrawny,ADV,positive,+ s,4
łatwowierność,VERB,negative,- s,2
łatwowierny,ADV,negative,- s,2
łatwość,VERB,positive,+ s,4
łatwy,ADV,positive,+ s,8
łazarz,VERB,negative,- s,2
łazęga,VERB,negative,- m,2
łańcuszek,VERB,positive,+ s,1
łańcuszkowy,ADV,negative,- s,2
łeb,VERB,negative,- s,4
łebski,ADV,positive,+ s,3
łechczywy,ADV,positive,+ s,2
łechtliwy,ADV,positive,+ s,2
łepski,ADV,positive,+ s,3
łgarz,VERB,negative,- m,2
łkanie,VERB,negative,- s,2
łkać,NOUN,negative,- s,4
łobuz,VERB,negative,- s,4
łobuzeria,VERB,negative,- s,3
łobuzerka,VERB,negative,- m,2
łobuzerski,ADV,negative,- s,2
łobuzersko,ADJ,positive,+ s,2
łobuzerstwo,VERB,negative,- m,2
łobuziak,VERB,positive,+ s,2
łobuzowaty,ADV,negative,- s,2
łoić,NOUN,negative,- s,10
łomot,VERB,negative,- m,2
łomotanina,VERB,negative,- m,2
łono abrahama,VERB,positive,+ s,2
łopatologicznie,ADJ,positive,+ s,1
łopatologiczny,ADV,positive,+ s,2
łopatą do głowy,ADJ,negative,- s,2
łotr,VERB,negative,- m,2
łotrostwo,VERB,negative,- m,4
łotrowski,ADV,negative,- s,4
łotrowsko,ADJ,negative,- s,3
łotrzyk,VERB,negative,- s,2
łotrzykowsko,ADJ,negative,- s,1
łowca posagów,VERB,negative,- m,2
łoś,VERB,negative,- m,2
łoże śmierci,VERB,negative,- s,1
łuczny,ADV,positive,+ s,2
łup,VERB,negative,- s,2
łupiestwo,VERB,negative,- s,3
łupieżca,VERB,negative,- m,2
łupiskóra,VERB,negative,- m,2
łuskowatość,VERB,negative,- s,2
łut,VERB,positive,+ s,2
łut szczęścia,VERB,positive,+ s,2
łycha,VERB,negative,- s,2
łykacz,VERB,negative,- s,2
łykać,NOUN,positive,+ s,11
łyknąć,NOUN,positive,+ s,11
łykowato,ADJ,negative,- s,2
łykowaty,ADV,negative,- s,4
łysa pała,VERB,negative,- m,2
łysawo,ADJ,negative,- s,4
łysawy,ADV,negative,- s,2
łyskać,NOUN,negative,- s,2
łyso,ADJ,negative,- s,4
łysość,VERB,negative,- s,2
łysy,ADV,negative,- s,2
łysy,VERB,negative,- m,2
łzawica,VERB,negative,- s,1
łzawie,ADJ,negative,- s,1
łzawo,ADJ,negative,- s,4
łzawość,VERB,negative,- m,2
łzawy,ADV,negative,- s,4
łącznik,VERB,positive,+ s,2
łączyna,VERB,negative,- s,1
łączyć,NOUN,positive,+ s,1
ściana,VERB,negative,- s,5
ściek,VERB,negative,- s,1
ściemniać,NOUN,negative,- s,2
ścierpły,ADV,negative,- s,2
ścierwo,VERB,negative,- s,1
ścierwojad,VERB,negative,- m,4
ścigać,NOUN,negative,- s,2
ścignąć,NOUN,negative,- s,3
ścinać,NOUN,negative,- s,8
ścinek,VERB,negative,- s,1
ścinka,VERB,negative,- s,1
ściorać się,NOUN,negative,- s,8
ścisk,VERB,negative,- s,2
ściskać,NOUN,positive,+ s,1
ścisłość,VERB,positive,+ m,2
ścisły,ADV,positive,+ s,7
ściągalność,VERB,positive,+ s,1
ściągalny,ADV,positive,+ s,2
ściąć się,NOUN,negative,- s,9
ściąć z nóg,NOUN,negative,- m,1
ścięcie,VERB,negative,- s,2
ścięgnisty,ADV,negative,- s,1
śladowy,ADV,negative,- s,1
ślamazara,VERB,negative,- s,3
ślamazarność,VERB,negative,- s,2
ślamazarny,ADV,negative,- m,4
śledziennik,VERB,negative,- m,2
ślepawy,ADV,negative,- s,4
ślepiec,VERB,negative,- s,1
ślepić,NOUN,negative,- s,6
ślepy,ADV,negative,- s,6
ślepy jak kret,ADV,negative,- s,3
śliczniutki,ADV,positive,+ s,9
ślicznotka,VERB,positive,+ m,2
śliczny,ADV,positive,+ s,11
ślimaczy,ADV,negative,- m,2
śliski,ADV,negative,- s,2
śliskość,VERB,negative,- s,2
śliwa,VERB,negative,- s,2
ślizgnąć się,NOUN,negative,- s,5
śliznąć się,NOUN,negative,- s,5
ślub,VERB,positive,+ s,1
śmiać się,NOUN,negative,- s,7
śmiałek,VERB,positive,+ s,2
śmiały,ADV,positive,+ s,4
śmiech,VERB,positive,+ m,2
śmiech przez łzy,VERB,negative,- s,2
śmieciarski,ADV,negative,- s,3
śmieciarz,VERB,negative,- m,4
śmieciowy,ADV,negative,- s,3
śmiercionośność,VERB,negative,- m,2
śmiercionośny,ADV,negative,- m,8
śmierdziel,VERB,negative,- s,4
śmierdzieć,NOUN,negative,- s,5
śmierdziuch,VERB,negative,- m,2
śmierdzący,ADV,negative,- s,5
śmiertelnik,VERB,negative,- s,1
śmiertelność,VERB,negative,- s,3
śmiertelny,ADV,negative,- m,6
śmierć,VERB,negative,- m,2
śmierć kołyskowa,VERB,negative,- m,2
śmierć łóżeczkowa,VERB,negative,- m,2
śmieszek,VERB,positive,+ s,3
śmieszka,VERB,positive,+ s,2
śmieszkować,NOUN,negative,- s,1
śmieszność,VERB,negative,- s,4
śmieszny,ADV,positive,+ s,6
śmietaneczka,VERB,positive,+ s,1
śmietanka,VERB,positive,+ s,2
śmietniczkowy,ADV,negative,- s,3
śmietnikowy,ADV,negative,- m,2
śmieć,VERB,negative,- s,4
śmigłość,VERB,positive,+ s,4
śmigły,ADV,positive,+ s,2
śniadanko,VERB,positive,+ s,1
śniadość,VERB,positive,+ s,2
śnięty,ADV,negative,- s,5
śpieszny,ADV,negative,- s,2
śpieszyć,NOUN,positive,+ s,2
śpieszyć się,NOUN,negative,- s,2
śpiew,VERB,positive,+ s,1
śpiewający,ADV,positive,+ s,5
śpiewność,VERB,positive,+ s,2
śpiewny,ADV,positive,+ s,2
śpioch,VERB,negative,- s,1
śpioszydło,VERB,negative,- s,1
śpiąca królewna,VERB,negative,- s,2
śpiący,ADV,negative,- s,1
śpiący królewicz,VERB,negative,- s,2
śpiączka,VERB,negative,- s,1
śpiączkowy,ADV,negative,- s,1
średni,ADV,negative,- s,10
średniak,VERB,negative,- m,2
średniawy,ADV,negative,- s,8
średniowiecznik,VERB,negative,- s,4
średniowieczny,ADV,negative,- m,2
środkowy palec,VERB,negative,- m,2
świadczyć,NOUN,positive,+ s,2
świadectwo,VERB,positive,+ s,1
świadek,VERB,positive,+ s,3
świadom,ADV,positive,+ s,2
świadomość,VERB,positive,+ s,2
świadomy,ADV,positive,+ s,6
światełko,VERB,positive,+ s,1
światełko w tunelu,VERB,positive,+ s,2
światoburczy,ADV,positive,+ s,1
światowy,ADV,positive,+ s,4
światłość,VERB,positive,+ m,2
światły,ADV,positive,+ s,7
świecić,NOUN,positive,+ s,6
świecić się,NOUN,positive,+ s,4
świergotliwy,ADV,positive,+ s,2
świetlany,ADV,positive,+ m,4
świetlisty,ADV,positive,+ s,2
świetnie,ADJ,positive,+ m,2
świetność,VERB,positive,+ m,2
świetny,ADV,positive,+ s,20
świeża krew,VERB,positive,+ s,1
świeże powietrze,VERB,positive,+ s,1
świeżość,VERB,positive,+ s,2
świeżuteńki,ADV,positive,+ s,19
świeżutki,ADV,positive,+ s,21
świeży,ADV,positive,+ s,16
świnia,VERB,negative,- m,2
świniopas,VERB,negative,- s,2
świniowaty,ADV,negative,- m,2
świntuch,VERB,negative,- s,2
świrnięty,ADV,negative,- s,2
świrowaty,ADV,negative,- m,2
świtać,NOUN,positive,+ s,2
świąteczność,VERB,positive,+ m,2
świątobliwy,ADV,positive,+ s,2
świątynia,VERB,positive,+ s,3
święta krowa,VERB,negative,- m,2
święto,VERB,positive,+ s,1
świętobliwy,ADV,positive,+ s,1
świętokradca,VERB,negative,- m,2
świętokradczy,ADV,negative,- s,6
świętokradzki,ADV,negative,- s,6
świętokradztwo,VERB,negative,- m,4
świętokupstwo,VERB,negative,- s,2
świętoszkowaty,ADV,negative,- s,4
świętować,NOUN,positive,+ s,3
świętość,VERB,positive,+ m,4
święty,ADV,positive,+ s,2
święty spokój,VERB,positive,+ m,2
świętówka,VERB,negative,- s,2
świńska górka,VERB,negative,- s,1
świńska morda,VERB,negative,- m,4
świński,ADV,negative,- s,6
świński blondyn,VERB,negative,- m,2
świński dołek,VERB,positive,+ s,1
świński ryj,VERB,negative,- m,4
świńskość,VERB,negative,- m,2
świństewko,VERB,negative,- s,2
świństwo,VERB,negative,- s,4
świśnięty,ADV,negative,- s,2
źle wychowany,ADV,negative,- m,2
żabi skok,VERB,positive,+ s,2
żabowaty,ADV,negative,- s,6
żakostwo,VERB,negative,- s,2
żal,VERB,positive,+ s,7
żalenie się,VERB,negative,- m,2
żar,VERB,negative,- m,2
żarliwiec,VERB,positive,+ s,3
żarliwość,VERB,positive,+ s,2
żart,VERB,positive,+ s,3
żartki,ADV,positive,+ s,2
żartobliwość,VERB,positive,+ s,2
żartobliwy,ADV,positive,+ s,3
żartować,NOUN,positive,+ s,6
żartowny,ADV,positive,+ s,2
żarty,ADV,negative,- s,4
żarłoctwo,VERB,negative,- s,3
żarłocznie,ADJ,negative,- s,1
żarłoczny,ADV,negative,- m,2
żarłok,VERB,negative,- s,2
żałoba,VERB,negative,- s,6
żałobliwy,ADV,negative,- s,2
żałobniczka,VERB,negative,- s,1
żałobnik,VERB,negative,- s,2
żałobny,ADV,negative,- s,5
żałosność,VERB,negative,- m,2
żałosny,ADV,negative,- m,8
żałościwy,ADV,negative,- s,3
żałośliwy,ADV,negative,- s,2
żałość,VERB,negative,- m,2
żebracki,ADV,negative,- s,4
żebractwo,VERB,negative,- s,3
żebraczy,ADV,negative,- s,10
żebrak,VERB,negative,- s,2
żebranina,VERB,negative,- s,3
żebry,VERB,negative,- m,2
żelastwo,VERB,negative,- s,2
żelazne zdrowie,VERB,positive,+ m,2
żelazny,ADV,positive,+ s,2
żenada,VERB,negative,- s,2
żenujący,ADV,negative,- s,3
żmijowaty,ADV,negative,- m,4
żmijowy,ADV,negative,- m,2
żmudność,VERB,negative,- m,2
żmudny,ADV,negative,- s,3
żona lota,VERB,negative,- s,4
żona putyfara,VERB,negative,- s,2
żonobójca,VERB,negative,- m,2
żołdacki,ADV,negative,- s,2
żołdak,VERB,negative,- m,2
żołnierz częstochowski,VERB,negative,- s,1
żołądek pod gardłem,VERB,negative,- m,2
żrący,ADV,negative,- s,1
żul,VERB,negative,- m,2
żuleria,VERB,negative,- m,2
żulernia,VERB,negative,- m,2
żulia,VERB,negative,- m,2
żulik,VERB,negative,- s,2
żurnalowy,ADV,positive,+ s,3
żwawość,VERB,positive,+ m,4
żwawy,ADV,positive,+ s,5
życie,VERB,positive,+ m,2
życiodajny,ADV,positive,+ m,2
życiodawca,VERB,positive,+ m,2
życiotwórczy,ADV,positive,+ s,2
życiowy,ADV,positive,+ s,5
życzenie,VERB,positive,+ s,1
życzeniowy,ADV,negative,- s,2
życzliwość,VERB,positive,+ m,2
życzliwy,ADV,positive,+ s,6
życzyć,NOUN,positive,+ s,2
żyd,VERB,negative,- s,3
żydokomuna,VERB,negative,- m,2
żydowski procent,VERB,negative,- m,2
żydowszczyzna,VERB,negative,- m,4
żydożerca,VERB,negative,- m,2
żydożerczy,ADV,negative,- m,2
żydożerstwo,VERB,negative,- m,2
żyjątko,VERB,positive,+ s,2
żylasty,ADV,negative,- s,4
żyleta,VERB,negative,- s,6
żywa gotówka,VERB,positive,+ s,2
żywe sreberko,VERB,positive,+ s,1
żywe srebro,VERB,positive,+ s,1
żywiec,VERB,negative,- s,1
żywioł,VERB,positive,+ m,2
żywiołowość,VERB,positive,+ s,4
żywiołowy,ADV,positive,+ s,5
żywić,NOUN,positive,+ s,4
żywotność,VERB,positive,+ s,4
żywotny,ADV,positive,+ s,5
żywość,VERB,positive,+ m,2
żywy,ADV,positive,+ s,15
żywy kościotrup,VERB,negative,- m,1
żywy towar,VERB,negative,- s,3
żyzność,VERB,positive,+ s,2
żyzny,ADV,positive,+ s,2
żyła,VERB,negative,- s,4
żyła złota,VERB,positive,+ m,2
żyłka,VERB,positive,+ s,2
żyłowaty,ADV,negative,- s,4
żółciutki,ADV,positive,+ s,2
żółtodziób,VERB,negative,- m,2
żółty,VERB,negative,- s,1
żółty alarm,VERB,negative,- m,2
żółwi,ADV,negative,- m,2
żółwiowaty,ADV,negative,- s,3
żółć,VERB,negative,- m,2
żądanie,VERB,negative,- s,2
żądliwy,ADV,negative,- s,2
żądza,VERB,negative,- m,2
żłób,VERB,negative,- s,5
