lemma,pos,sentiment,category,source_en,verified
abdykacja,NOUN,negative,negative,abdicating;abdication;abdications,auto
abdykować,VERB,negative,negative,abdicated;abdicates,auto
abecaść,VERB,negative,uncertainty,abeyances,auto
aberracja,NOUN,negative,negative,aberration;aberrations,auto
aberracyjny,ADJ,negative,negative,aberrational,auto
aberrant,NOUN,negative,negative,aberrant,auto
abrogacja,NOUN,negative,negative,abrogations,auto
absencja,NOUN,negative,negative,absenteeism,auto
adiustacja,NOUN,negative,litigious,adjourn,auto
adwokat,NOUN,negative,litigious,attorneys,auto
affreightment,NOUN,negative,litigious,affreightment,auto
akapit,NOUN,negative,litigious,subparagraph;subparagraphs,auto
akcesć,NOUN,negative,litigious,accessions,auto
akt,NOUN,negative,negative,indictment;indictments,auto
alarmować,NOUN,negative,negative,alerting,auto
alienacja,NOUN,negative,negative,alienation;alienations,auto
alienować,VERB,negative,negative,alienate;alienates,auto
alienuć,ADJ,negative,negative,alienating,auto
analizować,NOUN,negative,negative,scrutinizing,auto
analizować,VERB,negative,negative,scrutinize;scrutinizes,auto
annuls,NOUN,negative,negative,annuls,auto
anomalia,ADV,negative,negative,anomalies,auto
anomalia,NOUN,negative,negative,anomaly,auto
anomalnie,ADV,negative,negative,anomalously,auto
anomalny,ADJ,negative,negative,anomalous,auto
antykonkurencyjny,ADJ,negative,negative,anticompetitive,auto
antykorupcja,NOUN,negative,litigious,anticorruption,auto
antymonopolowy,ADJ,negative,negative,antitrust,auto
anulować,ADJ,negative,negative,cancelled,auto
anulować,NOUN,negative,negative,canceling;cancellation;cancelling,auto
anulować,VERB,negative,negative,cancel;cancels,auto
apelacja,NOUN,negative,litigious,appellate,auto
apelować,ADJ,negative,litigious,appealing,auto
arbiter,NOUN,negative,litigious,adjudicator;arbitrator,auto
arbitralnie,ADV,negative,uncertainty,arbitrarily,auto
arbitralność,NOUN,negative,uncertainty,arbitrariness,auto
arbitrazać,NOUN,negative,litigious,arbitrates;arbitrations,auto
arbitraż,NOUN,negative,litigious,arbitral;arbitrate;arbitrated;arbitrating;arbitration,auto
arbitrażowy,ADJ,negative,litigious,arbitrational;arbitrative,auto
aresztowany,ADJ,negative,litigious,arrested;remanded,auto
aresztować,NOUN,negative,negative,arrest;arrests,auto
argument,NOUN,negative,negative,argument;arguments;reargument,auto
argumentacyjny,ADJ,negative,negative,argumentative,auto
argumentować,ADJ,negative,negative,arguing,auto
argumentować,VERB,negative,negative,argued,auto
asertywny,ADJ,negative,litigious,assertable,auto
atak,NOUN,negative,negative,assault,manual
atrakcyjnoście,NOUN,positive,positive,attractiveness,auto
atrakcyjny,ADJ,positive,positive,attractive,auto
attorna,NOUN,negative,litigious,attorn,auto
attorns,NOUN,negative,litigious,attorns,auto
autoryzować,ADJ,negative,negative,unauthorized,auto
awaria,ADV,negative,negative,breakdowns;fails;failures;malfunctions,auto
awaria,NOUN,negative,negative,failure;malfunction,auto
badany,ADJ,negative,negative,investigated,auto
badać,VERB,negative,negative,investigates,auto
bailee,ADV,negative,litigious,bailee,auto
bailees,NOUN,negative,litigious,bailees,auto
balka,NOUN,negative,negative,balk,auto
bankrucić,NOUN,negative,negative,bankrupts,auto
bankructwo,NOUN,negative,negative,bankruptcies;bankruptcy;bankrupting,auto
bankrut,NOUN,negative,negative,bankrupt,auto
bariera,NOUN,negative,negative,barriers,auto
barierać,VERB,negative,negative,barrier,auto
bezapelacyjny,ADJ,negative,litigious,nonappealable;unappealable;unappealed,auto
bezczynność,NOUN,negative,negative,idle;inaction;inactivity,auto
bezczynny,ADJ,negative,negative,idled,auto
bezdźwięczny,ADJ,negative,negative,unsound,auto
bezinteresownie,ADV,negative,negative,disinterestedly;gratuitously,auto
bezinteresowność,NOUN,negative,negative,disinterestedness,auto
bezinteresowny,ADJ,negative,negative,disinterested,auto
bezpodstawny,ADJ,negative,negative,groundless;unfounded;unsubstantiated,auto
bezprawnie,ADV,negative,negative,unlawfully,auto
bezprawność,NOUN,negative,litigious,unlawfulness,auto
bezprawny,ADJ,negative,negative,wrongful,auto
bezpłatny,ADJ,positive,positive,complimentary,auto
bezrobocie,NOUN,negative,negative,unemployment,auto
bezrobotny,ADJ,negative,negative,unemployed,auto
bezskutecznie,ADV,negative,negative,unsuccessfully,auto
bezsporność,NOUN,negative,litigious,incontestability,auto
bezużyteczny,ADJ,negative,negative,unusable,auto
bezwartościowy,ADJ,negative,negative,worthless,auto
bezwarunkowy,ADJ,negative,litigious,noncontingent,auto
bezzasadnie,ADV,negative,negative,unduly;unjustifiably,auto
bezzasadny,ADJ,negative,negative,unmeritorious,auto
biec,VERB,positive,positive,proficient,auto
biedny,ADJ,negative,negative,poor,auto
bieg,NOUN,negative,negative,idling,auto
biegłość,NOUN,positive,positive,proficiency,auto
blokada,NOUN,negative,negative,lockouts,auto
blokadać,NOUN,negative,negative,lockout,auto
bojkot,NOUN,negative,negative,boycott;boycotting;boycotts,auto
bonafide,VERB,negative,litigious,bonafide,auto
boom,NOUN,positive,positive,booming,auto
brak,NOUN,negative,negative,deficiencies;illiquidity;inexperience;lack;lacking;lacks;nonpayment;nonpayments;nonforfeiture;noninfringement,auto
brakować,VERB,negative,negative,lacked,auto
bronić,ADJ,negative,negative,defended,auto
bronić,VERB,negative,negative,defend;defends,auto
być,NOUN,negative,litigious,bona,auto
błagać,VERB,negative,negative,plead;pleads,auto
błąd,NOUN,negative,negative,error;errors;errs;fault;miscalculation;mislead;misleads;misled;misrepresent;misrepresented;misstep;mistake;mistakes,auto
błądzić,NOUN,negative,negative,erring,auto
błędnie,ADV,negative,negative,erroneously;misstated,auto
błędny,ADJ,negative,negative,erred;erroneous,auto
cedent,NOUN,negative,litigious,cedant;cedants,auto
celowo,ADV,negative,negative,deliberately,auto
celowy,ADJ,negative,negative,deliberate;intentional,auto
cenzura,NOUN,negative,negative,censures,auto
cenzurować,NOUN,negative,negative,censuring,auto
certiorari,NOUN,negative,litigious,certiorari,auto
cesja,NOUN,negative,litigious,cession,auto
charakterystyczny,ADJ,positive,positive,distinctive,auto
charakterystyka,NOUN,negative,negative,mischaracterization,auto
charytatywny,ADJ,positive,positive,charitable,auto
chcieć,ADJ,negative,negative,unwanted,auto
choaty,NOUN,negative,litigious,choate,auto
chwytać,VERB,negative,negative,seize,auto
chybić,NOUN,negative,negative,misses,auto
chór,ADJ,negative,negative,ill,auto
cierpienie,NOUN,negative,negative,suffering,auto
cierpieć,VERB,negative,negative,suffer,auto
cieszyć,ADJ,positive,positive,enjoying,auto
cieszyć,VERB,positive,positive,enjoy;enjoyed;enjoys,auto
cień,NOUN,negative,negative,overshadows,auto
ciąć,ADV,negative,negative,cut;cutback,auto
ciąć,NOUN,negative,negative,cutbacks,auto
ciężar,NOUN,negative,negative,deadweight,auto
cofnąć,ADV,negative,negative,revocation;setback,auto
cofnąć,NOUN,negative,negative,revocations,auto
conveniens,NOUN,negative,litigious,conveniens,auto
cyberatak,NOUN,negative,negative,cyberattack,auto
cyberprzemoc,NOUN,negative,negative,cyberbullying,auto
cyberprzestępca,NOUN,negative,negative,cybercriminal;cybercriminals,auto
cyberprzestępczość,NOUN,negative,negative,cybercrime,auto
cyberprzestępstwo,NOUN,negative,negative,cybercrimes,auto
czyn,NOUN,negative,litigious,torts,auto
daleko,ADV,negative,litigious,hereafter;hereinafter;thereinafter,auto
datować,ADJ,negative,negative,misdated,auto
datować,NOUN,negative,negative,backdating,auto
defacement,NOUN,negative,negative,defacement,auto
defalkacja,NOUN,negative,litigious,defalcations,auto
defalkulacja,NOUN,negative,litigious,defalcation,auto
defensywny,ADJ,negative,negative,defensive,auto
deficyt,NOUN,negative,negative,deficit;deficits,auto
defraudacja,NOUN,negative,negative,defraud;defrauding;embezzle;embezzlement;embezzles;embezzling,auto
degradacja,NOUN,negative,negative,degradation;degradations;degrades;demote;demotes;demoting;demotion;demotions,auto
degradować,ADJ,negative,negative,degrading,auto
degradować,VERB,negative,negative,degrade,auto
dekret,NOUN,negative,litigious,decree,auto
dekretuć,ADJ,negative,litigious,decreeing,auto
delegacić,NOUN,negative,litigious,delegees,auto
delegata,NOUN,negative,litigious,delegatee,auto
delegowalny,ADJ,negative,litigious,delegable;delegatable,auto
delikt,NOUN,negative,litigious,tort,auto
deliktowo,ADV,negative,litigious,tortiously,auto
deliktowy,ADJ,negative,litigious,tortious,auto
deponować,NOUN,negative,litigious,deposing,auto
depos,NOUN,negative,litigious,depose,auto
depozycja,NOUN,negative,litigious,deposition,auto
depozycyjny,ADJ,negative,litigious,depositional,auto
depozyt,NOUN,negative,constraining,deposes;escrowing;escrow;escrows,auto
deprecjacja,NOUN,negative,negative,deprecation,auto
depresja,NOUN,negative,negative,depress,auto
depreswać,NOUN,negative,negative,depresses,auto
deprywacja,NOUN,negative,negative,deprivation,auto
derogować,ADJ,negative,litigious,derogated,auto
destabilizacja,NOUN,negative,negative,destabilization,auto
destabilizować,ADJ,negative,negative,destabilizing,auto
destabilizować,VERB,negative,negative,destabilize,auto
destrukcyjny,ADJ,negative,negative,destructive;disruptive,auto
desygnator,NOUN,negative,litigious,designator,auto
dewaluacja,NOUN,negative,negative,devalue;devaluing,auto
dewaluować,VERB,negative,negative,devalues,auto
dewolucja,NOUN,negative,negative,devolving,auto
dezafirmacja,NOUN,negative,litigious,disaffirm;disaffirmance,auto
dezaktywować,ADJ,negative,negative,inactivating,auto
dezaktywować,VERB,negative,negative,inactivate;inactivates,auto
dezaprobata,NOUN,negative,negative,disapproval;disapprovals;disapprove;disapproving,auto
dezawuować,NOUN,negative,negative,disavowing,auto
dezinformacja,NOUN,negative,negative,misinform;misinformation;misinforming,auto
dezinformować,VERB,negative,negative,misinforms,auto
dezinwestycja,NOUN,negative,negative,divestment;divestments,auto
dezorientacja,NOUN,negative,negative,confuse,auto
dezorientować,VERB,negative,negative,confuses,auto
dlaczego,ADV,negative,litigious,wherefore,auto
dlatego,ADV,negative,litigious,herefore,auto
dobrobyt,NOUN,positive,positive,prosperity,auto
dobry,ADJ,positive,positive,best;better,manual
dobry,NOUN,positive,positive,good,auto
doceniać,ADJ,negative,negative,underestimated,auto
doceniać,VERB,negative,negative,underestimates,auto
dochodzenie,NOUN,negative,negative,investigation;investigations,auto
docket,NOUN,negative,litigious,docket,auto
dodatek,NOUN,negative,litigious,addendums;appurtenances,auto
dofinansować,ADJ,negative,negative,underfunded,auto
dofinansować,NOUN,negative,negative,bailout,auto
doinformować,ADJ,negative,negative,misinformed,auto
dokapitalizować,ADJ,negative,negative,undercapitalized,auto
dokować,NOUN,negative,litigious,docketing,auto
dokręcać,NOUN,negative,negative,tightening,auto
dokument,NOUN,negative,litigious,dockets;hereof;hereto;herewithin,auto
domniemanie,NOUN,negative,uncertainty,presumption;presumptions,auto
domniemany,ADJ,negative,negative,alleged;presumed,auto
domyślny,ADJ,negative,negative,default;defaulted;defaulting;defaults,auto
done,NOUN,negative,litigious,donees,auto
doniesienie,NOUN,negative,negative,purports,auto
dopowiedzieć,ADJ,negative,negative,understated,auto
dopuszczalnie,ADV,negative,litigious,admissibly,auto
dopuszczalność,NOUN,negative,litigious,admissibility,auto
dopuszczalny,ADJ,negative,constraining,admissible;permissible,auto
doradca,NOUN,negative,litigious,counsels,auto
doradcać,NOUN,negative,litigious,counsel,auto
doradzać,ADJ,negative,litigious,counselled,auto
doradzać,VERB,negative,litigious,counseled,auto
doskonale,ADV,positive,positive,perfectly,auto
doskonać,ADJ,positive,positive,excellent;excelling;perfect,auto
doskonałość,NOUN,positive,positive,excellence;perfects,auto
dostarczyć,ADJ,negative,negative,undelivered,auto
dostatnić,ADJ,positive,positive,prosperous,auto
dotkliwość,NOUN,negative,negative,severities;severity,auto
dotychczas,ADV,negative,litigious,heretofore;theretofore,auto
downsiz,NOUN,negative,negative,downsize,auto
downsizing,NOUN,negative,negative,downsizing,auto
dowodowy,ADJ,negative,litigious,evidential;evidentiary,auto
dowolny,ADJ,negative,uncertainty,arbitrary,auto
dozwolić,ADJ,negative,constraining,permitted,auto
doścignić,ADJ,positive,positive,unsurpassed,auto
doświadczyć,ADJ,negative,negative,inexperienced,auto
drapieżny,ADJ,negative,negative,predatory,auto
drastycznie,ADV,negative,negative,drastically,auto
drastyczny,ADJ,negative,negative,drastic,auto
drobny,ADJ,negative,negative,petty,auto
dyktować,NOUN,negative,constraining,dictating,auto
dyktować,VERB,negative,constraining,dictate;dictates,auto
dyrektywa,NOUN,negative,constraining,directive;directives,auto
dyscyplinarny,ADJ,negative,negative,disciplinary,auto
dysfunkcja,NOUN,negative,negative,dysfunction;dysfunctions,auto
dysfunkcyjny,ADJ,negative,negative,dysfunctional,auto
dyskredytacja,NOUN,negative,negative,discrediting;disparagement,auto
dyskredytować,ADJ,negative,negative,disparaging,auto
dyskredytować,VERB,negative,negative,discredit;discredits;disparage;disparages,auto
dyskwalifikacja,NOUN,negative,negative,disqualification;disqualifications,auto
dyskwalifikować,VERB,negative,negative,disqualifies;disqualify,auto
dyskwalifikuć,ADJ,negative,negative,disqualifying,auto
dysocjacja,NOUN,negative,negative,disassociations,auto
dysproporcja,NOUN,negative,negative,disparagements;disparities;disparity;disproportion,auto
dysydent,NOUN,negative,negative,dissenter;dissenters;dissident;dissidents,auto
dywersja,NOUN,negative,negative,diversion,auto
dziedziczenie,NOUN,negative,litigious,intestacy,auto
dzierżawa,NOUN,negative,litigious,tenantability,auto
dół,NOUN,negative,negative,downward;downwards,auto
dłużnik,NOUN,negative,litigious,obligor;obligors,auto
efektywnie,ADV,positive,positive,efficiently,auto
efektywność,NOUN,positive,positive,efficiencies;efficiency,auto
egzekutor,NOUN,negative,litigious,executrices,auto
egzekwowalny,ADJ,negative,litigious,enforceably,auto
ekscytujący,ADJ,positive,positive,exciting,auto
ekskluzywność,NOUN,positive,positive,exclusives,auto
ekskluzywny,ADJ,positive,positive,exclusive,auto
eksmisja,NOUN,negative,negative,evicting;eviction,auto
eksmisć,NOUN,negative,negative,evictions;evicts,auto
eksmitować,ADJ,negative,negative,evicted,auto
eksmitować,VERB,negative,negative,evict,auto
eksploatacja,NOUN,negative,negative,exploitation,auto
eksponować,VERB,negative,negative,exposes,auto
ekspozycja,NOUN,negative,uncertainty,expose;exposure;exposures,auto
embargać,NOUN,negative,negative,embargoes,auto
embargo,NOUN,negative,negative,embargo;embargoed;embargoing,auto
entuzjastycznie,ADV,positive,positive,enthusiastically,auto
entuzjastyczny,ADJ,positive,positive,enthusiastic,auto
entuzjazm,NOUN,positive,positive,enthusiasm,auto
erodować,ADJ,negative,negative,eroded,auto
erozja,NOUN,negative,negative,erode;erodes;eroding;erosion,auto
escheat,NOUN,negative,litigious,escheat,auto
escheatment,NOUN,negative,litigious,escheatment,auto
eskalować,ADJ,negative,negative,escalated,auto
eskalować,VERB,negative,negative,escalate;escalates,auto
eskaluć,ADJ,negative,negative,escalating,auto
estoppel,NOUN,negative,litigious,estoppel,auto
etykieta,NOUN,negative,negative,mislabels,auto
exploit,NOUN,negative,negative,exploitations;exploits,auto
fantastyczny,ADJ,positive,positive,fantastic,auto
fat,NOUN,negative,litigious,facie,auto
faworyt,NOUN,positive,positive,favorites,auto
faworyzować,ADJ,positive,positive,favored,auto
faworyzować,NOUN,positive,positive,favoring,auto
fałsać,NOUN,negative,negative,falsity,auto
fałszerstwo,NOUN,negative,negative,adulteration;counterfeiting;falsification;falsifications;forgery,auto
fałszerz,NOUN,negative,negative,counterfeiter;counterfeiters;forgers,auto
fałszować,NOUN,negative,negative,adulterating;falsifying,auto
fałszować,VERB,negative,negative,adulterate;falsifies;falsify,auto
fałszywie,ADV,negative,negative,falsely,auto
fałszywy,NOUN,negative,negative,false,auto
fide,VERB,negative,litigious,fide,auto
fikcyjny,ADJ,negative,negative,fictitious,auto
finansować,ADJ,negative,negative,unfunded,auto
fluktuacja,NOUN,negative,uncertainty,fluctuation,auto
foreclosing,NOUN,negative,negative,foreclosing,auto
foreclosures,NOUN,negative,negative,foreclosures,auto
frustracja,NOUN,negative,negative,frustration;frustrations,auto
frustrować,VERB,negative,negative,frustrate;frustrates,auto
frustrująco,ADV,negative,negative,frustratingly,auto
frustruć,ADJ,negative,negative,frustrating,auto
gadżet,NOUN,negative,litigious,chattel,auto
gardło,NOUN,negative,negative,bottleneck;bottlenecks,auto
gdzieś,ADV,negative,uncertainty,somewhere,auto
genialny,ADJ,positive,positive,brilliant,auto
godny,ADJ,positive,positive,worthy,auto
gorszyć,ADJ,negative,negative,inferior;worse,auto
grantodawca,NOUN,negative,litigious,grantor;grantors,auto
grozić,VERB,negative,negative,threaten,auto
groźba,NOUN,negative,negative,threatening,auto
grzywna,NOUN,negative,negative,fined;fines,auto
gwarancja,NOUN,negative,litigious,warrantees,auto
gwarant,NOUN,negative,litigious,warrantor,auto
gwarantować,ADJ,negative,uncertainty,unguaranteed,auto
gwałtownie,ADV,negative,negative,abruptly;precipitously;violently,auto
gwałtowność,NOUN,negative,negative,abruptness,auto
gwałtowny,ADJ,negative,negative,precipitous;violent,auto
gładki,NOUN,positive,positive,smooth,auto
hamować,ADJ,negative,constraining,inhibiting,auto
hamować,VERB,negative,constraining,inhibit;inhibits,auto
hampers,NOUN,negative,negative,hampers,auto
haniebnie,ADV,negative,negative,disgracefully,auto
haniebny,NOUN,negative,negative,disgraceful,auto
haracz,NOUN,negative,negative,racketeering,auto
hańba,NOUN,negative,negative,disgrace;dishonor;dishonoring;dishonors;disrepute,auto
honor,NOUN,positive,positive,honor,auto
honorowy,ADJ,positive,positive,honorable,auto
idealny,ADJ,positive,positive,ideal,auto
ignorować,ADJ,negative,negative,ignored,auto
ignorować,NOUN,negative,negative,ignoring,auto
ignorować,VERB,negative,negative,ignore;ignores,auto
ile,ADV,negative,litigious,inasmuch;insofar,auto
impas,NOUN,negative,negative,deadlock;deadlocked;deadlocking;impasse;impasses,auto
imperatywny,ADJ,negative,negative,imperative,auto
implikować,VERB,negative,negative,implicate;implicates,auto
implikuć,ADJ,negative,negative,implicating,auto
imponować,VERB,positive,positive,impress;impresses,auto
imponująco,ADV,positive,positive,impressively,auto
imponujący,ADJ,positive,positive,impressing;impressive,auto
inakcja,NOUN,negative,negative,inactions,auto
inaktywacja,NOUN,negative,negative,inactivation;inactivations,auto
inaktywować,ADJ,negative,negative,inactivated,auto
inchoaty,NOUN,negative,litigious,inchoate,auto
incydent,NOUN,negative,negative,incident;incidents,auto
indemnitor,NOUN,negative,litigious,indemnitor,auto
indosant,NOUN,negative,litigious,indorsees,auto
informacyjny,ADJ,positive,positive,informative,auto
inforzec,NOUN,negative,litigious,inforce,auto
ingerencja,NOUN,negative,negative,interference,auto
ingerować,ADJ,negative,negative,interfering,auto
innowacja,NOUN,positive,positive,innovate;innovates;innovating;innovation;innovations,auto
innowacyjność,NOUN,positive,positive,innovativeness,auto
innowacyjny,ADJ,positive,positive,innovated;innovative,auto
innowator,NOUN,positive,positive,innovator;innovators,auto
inspiracja,NOUN,positive,positive,inspiration,auto
inspirować,ADJ,positive,positive,inspirational,auto
integralność,NOUN,positive,positive,integrity,auto
interpleader,ADV,negative,litigious,interpleader,auto
interpozycja,NOUN,negative,litigious,interposition;interpositions,auto
interpretacja,NOUN,negative,negative,misinterpret;misinterpretation;misinterpretations;misinterpreting,auto
interpretować,ADJ,negative,litigious,construed,auto
interpretować,VERB,negative,litigious,misinterprets;construe;construes,auto
interweniować,VERB,negative,litigious,interpose,auto
intestat,NOUN,negative,litigious,intestate,auto
irytacja,NOUN,negative,negative,annoyance;annoyances,auto
irytować,ADJ,negative,negative,annoying,auto
irytować,VERB,negative,negative,annoy;annoys,auto
jawnie,ADV,negative,negative,overtly,auto
juror,NOUN,negative,litigious,juror,auto
jury,NOUN,negative,litigious,jury,auto
juryman,NOUN,negative,litigious,juryman,auto
jurysdykcja,NOUN,negative,litigious,juris;jurisdiction;nonjurisdictional,auto
jurysdykcyjnie,ADV,negative,litigious,jurisdictionally,auto
jurysdykcyjny,ADJ,negative,litigious,jurisdictional,auto
jurysdykcć,NOUN,negative,litigious,jurisdictions,auto
język,NOUN,negative,litigious,legalese,auto
kaprysa,NOUN,negative,uncertainty,vagaries,auto
kara,NOUN,negative,negative,penalizes;penalties;penalty;punishes;punishment;punishments,auto
karacić,VERB,negative,negative,penalize,auto
karalny,ADJ,negative,litigious,punishable,auto
karanie,NOUN,negative,negative,penalizing;punishing,auto
karny,ADJ,negative,negative,punitive,auto
katastrofa,NOUN,negative,negative,catastrophe;catastrophes;disaster;disasters,auto
katastrofalnie,ADV,negative,negative,catastrophically;disastrously,auto
katastrofalny,ADJ,negative,negative,calamitous;catastrophic;disastrous,auto
kaucja,NOUN,negative,litigious,bail;bailed,auto
kiedykolwiek,ADV,negative,litigious,whensoever,auto
kiedyś,ADV,negative,uncertainty,sometime,auto
klasyfikować,VERB,negative,negative,misclassify,auto
klęski,NOUN,negative,negative,calamities,auto
kodycyl,NOUN,negative,litigious,codicil,auto
kodyfikacja,NOUN,negative,litigious,codification;codifications;codifying,auto
kodyfikować,VERB,negative,litigious,codifies;codify,auto
kolizja,NOUN,negative,negative,collision;collisions,auto
komitet,NOUN,negative,litigious,permittees,auto
komornik,NOUN,negative,litigious,bailiff;bailiffs,auto
kompensacyjny,ADJ,negative,litigious,compensatory,auto
komplement,NOUN,positive,positive,compliment;compliments,auto
komplementowan,NOUN,positive,positive,complimenting,auto
komplikacja,NOUN,negative,negative,complication;complications,auto
komplikować,ADJ,negative,negative,complicating,auto
komplikować,VERB,negative,negative,complicate;complicates,auto
komunikacja,NOUN,negative,negative,miscommunication,auto
konfiskata,NOUN,negative,negative,confiscating;confiscation;confiscations;impound;impounding;impounds;confiscatory,auto
konfiskować,VERB,negative,negative,confiscate;confiscates,auto
konflikt,NOUN,negative,negative,conflict;conflicts,auto
konfrontacja,NOUN,negative,negative,confront;confrontation;confrontations;confronting;confronts,auto
konfrontacyjny,ADJ,negative,negative,confrontational,auto
konieczny,ADJ,negative,constraining,necessitated,auto
konspiracyjny,ADJ,negative,negative,conspiratorial,auto
konspirator,NOUN,negative,negative,conspirator,auto
konstruktywnie,ADV,positive,positive,constructively,auto
konstruktywny,ADJ,positive,positive,constructive,auto
konstruować,NOUN,negative,litigious,construing,auto
konstytucja,NOUN,negative,litigious,constitution;constitutions,auto
konstytucyjnie,ADV,negative,litigious,constitutionally,auto
konstytucyjność,NOUN,negative,litigious,constitutionality,auto
konstytucyjny,ADJ,negative,litigious,constitutional,auto
konstytutywny,ADJ,negative,litigious,constitutive,auto
kontestacja,NOUN,negative,litigious,contestation,auto
kontestowalność,NOUN,negative,litigious,contestability,auto
kontradyktoryjny,ADJ,negative,negative,adversarial,auto
kontrahent,NOUN,negative,litigious,contractholders,auto
kontraktować,ADJ,negative,litigious,uncontracted,auto
kontraktować,NOUN,negative,litigious,contracting,auto
kontrasygnata,NOUN,negative,litigious,countersignor,auto
kontrola,NOUN,negative,negative,scrutiny,auto
kontrolować,ADJ,negative,negative,uncontrollable;uncontrolled,auto
kontrowersja,NOUN,negative,negative,controversy,auto
kontrowerswać,NOUN,negative,negative,controversies,auto
kontrowersyjnie,ADV,negative,negative,contentiously,auto
kontrowersyjć,ADJ,negative,litigious,controversial;controvert;controverted;controverting,auto
kontyngent,NOUN,negative,uncertainty,contingency;contingents,auto
korekta,NOUN,negative,negative,correction;corrections,auto
korupcja,NOUN,negative,negative,corrupting;corruption;corruptions,auto
korygować,ADJ,negative,negative,correcting,auto
korygować,VERB,negative,negative,corrects,auto
korzystnie,ADV,positive,positive,advantageously;beneficially;favorably,auto
korzystny,ADJ,positive,positive,advantageous;beneficial;benefitting;favorable,auto
korzyść,NOUN,positive,positive,benefit;benefiting,auto
kosztowny,ADJ,negative,negative,costly,auto
koć,NOUN,negative,negative,hamper,auto
kończyć,VERB,negative,negative,terminates,auto
kpina,NOUN,negative,negative,ridicules,auto
kpinać,NOUN,negative,negative,ridicule,auto
kreatywnie,ADV,positive,positive,creatively,auto
kreatywność,NOUN,positive,positive,creativeness;creativity,auto
kreatywny,ADJ,positive,positive,creative,auto
kryminalizacja,NOUN,negative,litigious,criminalizing,auto
kryminalizować,VERB,negative,litigious,criminalize,auto
krytycznie,ADV,negative,negative,critically,auto
krytyczny,ADJ,negative,negative,critical,auto
krytyka,NOUN,negative,negative,criticism;criticisms;criticizing,auto
krytykować,ADJ,negative,negative,criticized,auto
krytykować,VERB,negative,negative,criticize;criticizes,auto
kryzys,NOUN,negative,negative,crises;crisis,auto
krzywda,NOUN,negative,negative,harm;harming,auto
krzywoprzysięstwo,NOUN,negative,negative,perjury,auto
kręty,ADJ,negative,negative,tortuous,auto
kupić,NOUN,negative,negative,unmerchantable,auto
kurator,NOUN,negative,litigious,probationer;probationers,auto
kurczliwy,ADJ,negative,litigious,contractile,auto
kwestionowanie,NOUN,negative,negative,contesting,auto
kwestionowany,ADJ,negative,negative,contested;questioned,auto
kłamstwo,NOUN,negative,negative,lie;lying,auto
kłopot,NOUN,negative,negative,trouble;troubles,auto
kłopotliwy,ADJ,negative,negative,embarrassing,auto
las,NOUN,negative,negative,forestalls,auto
legacić,NOUN,negative,litigious,legatees,auto
legalizacja,NOUN,negative,litigious,legalization;legalizations;legalizing,auto
legalizować,VERB,negative,litigious,legalizes,auto
legalnie,ADV,negative,litigious,legally,auto
legalność,NOUN,negative,litigious,legality;legals,auto
legalny,ADJ,negative,litigious,legal,auto
legislacyjnie,ADV,negative,litigious,legislatively,auto
legislacyjny,ADJ,negative,litigious,legislative,auto
lekceważyć,ADJ,negative,negative,disregarded,auto
lekceważyć,NOUN,negative,negative,disregard;disregarding;disregards,auto
lekceważąco,ADV,negative,negative,disparagingly,auto
lekkomyślnie,ADV,negative,negative,recklessly,auto
lekkomyślność,NOUN,negative,negative,recklessness,auto
lekkomyślny,ADJ,negative,negative,reckless,auto
licencja,NOUN,negative,negative,unlicensed,auto
licencjonowalny,ADJ,negative,litigious,licensable,auto
lichwiarz,NOUN,negative,negative,usurious,auto
lichwo,NOUN,negative,negative,usury,auto
likwidacja,NOUN,negative,negative,liquidating;liquidation;liquidations,auto
likwidator,NOUN,negative,negative,liquidator;liquidators,auto
likwidować,VERB,negative,negative,liquidate;liquidates,auto
limit,NOUN,negative,constraining,limit;limits,auto
lojalny,ADJ,positive,positive,loyal,auto
losowo,ADV,negative,uncertainty,randomized;randomly,auto
losowość,NOUN,negative,uncertainty,randomness,auto
losowy,ADJ,negative,uncertainty,random,auto
lotny,ADJ,negative,negative,volatile,auto
lubieć,ADJ,negative,negative,disfavored,auto
lukratywny,ADJ,positive,positive,lucrative,auto
maleć,ADJ,negative,negative,declining;diminishing,auto
malwersacja,NOUN,negative,negative,embezzlements,auto
malwersant,NOUN,negative,negative,embezzler,auto
mandamus,NOUN,negative,litigious,mandamus,auto
mandat,NOUN,negative,constraining,mandate;mandates,auto
manipulacja,NOUN,negative,negative,manipulation;manipulations,auto
manipulacyjny,ADJ,negative,negative,manipulative,auto
manipulować,ADJ,negative,negative,manipulated,auto
manipulować,NOUN,negative,negative,manipulating,auto
manipulować,VERB,negative,negative,manipulate;manipulates,auto
markdown,NOUN,negative,negative,markdown,auto
marnotrawstwo,NOUN,negative,negative,wasting,auto
marzenie,NOUN,positive,positive,dream,auto
mediacja,NOUN,negative,litigious,mediation;mediations,auto
mediator,NOUN,negative,litigious,mediator;mediators,auto
mianować,ADJ,negative,litigious,appointor,auto
mimowolnie,ADV,negative,negative,involuntarily,auto
mimowolny,ADJ,negative,negative,involuntary,auto
mishandles,NOUN,negative,negative,mishandles,auto
mishandło,ADV,negative,negative,mishandle,auto
monopol,NOUN,negative,negative,monopoly,auto
monopolista,NOUN,negative,negative,monopolists,auto
monopolistyczny,ADJ,negative,negative,monopolistic,auto
monopolizacja,NOUN,negative,negative,monopolization;monopolizing,auto
monopolizować,VERB,negative,negative,monopolize;monopolizes,auto
moratoria,NOUN,negative,negative,moratoria;moratoriums,auto
moratorium,NOUN,negative,negative,moratorium,auto
most,NOUN,negative,negative,bridge,auto
mothballing,NOUN,negative,negative,mothballing,auto
mozolnie,ADV,negative,negative,tortuously,auto
możliwy,ADJ,negative,uncertainty,possible,auto
mutandis,ADV,negative,litigious,mutandis,auto
mylić,ADJ,negative,negative,confusing;misleading,auto
myląco,ADV,negative,negative,confusingly;misleadingly,auto
nabywać,VERB,negative,litigious,acquirees,auto
nabywca,NOUN,negative,litigious,acquirors,auto
nac,ADJ,negative,negative,abrupt;sudden,auto
nacisk,NOUN,negative,constraining,insistence,auto
nacisnąć,NOUN,negative,negative,pressing,auto
nadbudowa,ADJ,negative,negative,overbuilds,auto
nadbudować,NOUN,negative,negative,overbuilding,auto
nadkład,NOUN,negative,negative,overburden,auto
nadmiernie,ADV,negative,negative,excessively;inordinately,auto
nadmierny,ADJ,negative,negative,excessive;inordinate,auto
nadpodażyć,NOUN,negative,negative,oversupplied;oversupplies;oversupply;oversupplying,auto
nadprodukcja,NOUN,negative,negative,overproduced;overproduces;overproducing;overproduction,auto
nadpłata,NOUN,negative,negative,overpayment;overpayments,auto
nadużycie,NOUN,negative,negative,abuse;abuses;abusive;abusiveness;malfeasance;malpractice;misuse;misuses;misusing;misfeasance,auto
nadużywać,ADJ,negative,negative,abused;misused,auto
nadużywać,NOUN,negative,negative,abusing,auto
nadwartość,NOUN,negative,negative,overvalue,auto
nagle,ADV,negative,uncertainty,suddenly,auto
nagroda,NOUN,positive,positive,reward;rewards,auto
nagrodzić,ADJ,positive,positive,rewarded,auto
nakaz,NOUN,negative,negative,injunction,auto
nakazać,ADJ,negative,constraining,enjoined;mandated,auto
nakazać,VERB,negative,negative,enjoin,auto
nakazowy,ADJ,negative,litigious,injunctive,auto
nakazywać,ADJ,negative,constraining,enjoining;mandating,auto
nakazywać,VERB,negative,negative,enjoins,auto
nakazyć,NOUN,negative,litigious,injunctions;remands,auto
nakładać,ADJ,negative,constraining,imposing,auto
nakładać,VERB,negative,constraining,impose;imposes,auto
nalegać,NOUN,negative,constraining,insisting,auto
nalegać,VERB,negative,constraining,insist;insisted;insists,auto
należność,NOUN,negative,negative,uncollectibles,auto
należycie,ADV,negative,litigious,duly,auto
napaść,NOUN,negative,negative,assaults,auto
napaść,VERB,negative,negative,assaulting,auto
napiąć,ADJ,negative,negative,strained,auto
naprawić,ADJ,negative,litigious,remediated;remedied,auto
naprężenie,NOUN,negative,negative,straining;stresses,auto
naruszać,ADJ,negative,negative,infringing;violating;violative;violators;contravening;infringer,auto
naruszać,VERB,negative,negative,infringe;infringes;violate;violates;contravene;contravenes,auto
naruszyciel,NOUN,negative,negative,violator,auto
naruszyć,ADJ,negative,negative,breached;encroached;infringed;tampered;violated;contravened,auto
naruszyć,NOUN,negative,negative,breach;breaches;breaching;encroachments;infringement;infringements;violation;violations;contravention;contraventions,auto
narzekać,NOUN,negative,negative,complaining,auto
narzekać,VERB,negative,negative,complain,auto
narzucić,NOUN,negative,constraining,impositions,auto
nasilać,VERB,negative,negative,aggravate,auto
nasilenie,NOUN,negative,negative,sever,auto
następnie,ADV,negative,litigious,thereupon,auto
nałożyć,ADJ,negative,constraining,imposed,auto
nałożyć,NOUN,negative,constraining,imposition,auto
negatywa,NOUN,negative,negative,negatives,auto
negatywnie,ADV,negative,negative,negatively,auto
negatywny,ADJ,negative,negative,negative,auto
nieadekwatność,NOUN,negative,negative,inadequacy,auto
nieatrakcyjny,ADJ,negative,negative,unattractive,auto
niebezpieczeństwo,NOUN,negative,negative,danger;dangers;imperil;peril;perils,auto
niebezpiecznie,ADV,negative,negative,dangerously,auto
niebezpieczny,ADJ,negative,negative,dangerous;hazardous;unsafe,auto
niechętnie,ADV,negative,negative,aversely,auto
niechętny,ADJ,negative,negative,reluctant;unreceptive;unwilling,auto
niechęć,NOUN,negative,negative,reluctance;unwillingness,auto
nieco,ADV,negative,uncertainty,somewhat,auto
nieczytelny,ADJ,negative,negative,illegible,auto
niedbale,ADV,negative,negative,negligently,auto
niedbały,VERB,negative,negative,neglectful,auto
niedobory,NOUN,negative,negative,shortages;shortfalls,auto
niedobór,NOUN,negative,negative,deficiency;deficient;shortage;shortfall,auto
niedogodność,NOUN,negative,negative,inconvenience;inconveniences,auto
niedojrzały,VERB,negative,negative,immature,auto
niedokładnie,ADV,negative,negative,inaccurately,auto
niedokładność,NOUN,negative,uncertainty,inaccuracy;imprecision;imprecisions;inexactness,auto
niedokładny,ADJ,negative,negative,inaccurate;inexact,auto
niedopasowanie,NOUN,negative,negative,mismatch;mismatches;mismatching,auto
niedopasowany,ADJ,negative,negative,mismatched,auto
niedopowiedzenie,NOUN,negative,negative,understatement;understatements,auto
niedopuszczalnie,ADV,negative,negative,unacceptably,auto
niedopuszczalny,ADJ,negative,negative,impermissible;unacceptable,auto
niedopłata,NOUN,negative,negative,underpayment,auto
niedopłaty,NOUN,negative,negative,underpayments;underpays,auto
niedoskonałość,NOUN,negative,negative,imperfection;imperfections;inadequacies,auto
niedostarczalny,ADJ,negative,negative,undeliverable,auto
niedostępność,NOUN,negative,negative,unavailability,auto
niedostępny,ADJ,negative,negative,inaccessible;unavailable,auto
niedoszacowanie,NOUN,negative,negative,underestimate;underestimating;underestimation,auto
niedoubezpieczenie,NOUN,negative,negative,underinsured,auto
niedozwolony,ADJ,negative,negative,disallowed;disallowing,auto
nieefektywnie,ADV,negative,negative,inefficiently,auto
nieefektywność,NOUN,negative,negative,inefficiencies;inefficiency,auto
nieefektywny,ADJ,negative,negative,inefficient,auto
nieekonomicznie,ADV,negative,negative,uneconomically,auto
nieekonomiczny,ADJ,negative,negative,uneconomical,auto
nieetycznie,ADV,negative,negative,unethically,auto
nieetyczny,ADJ,negative,negative,unethical,auto
niefortunny,ADJ,negative,negative,unfortunate,auto
niefunkcjonalny,ADJ,negative,negative,nonfunctional,auto
niegospodarność,NOUN,negative,negative,mismanagement,auto
niehonorowo,ADV,negative,negative,dishonorably,auto
niehonorowy,ADJ,negative,negative,dishonorable,auto
niejasno,ADV,negative,uncertainty,vaguely,auto
niejasność,NOUN,negative,uncertainty,ambiguities;vagueness;vaguenesses,auto
niejasny,ADJ,negative,uncertainty,unclear;vague;vaguest,auto
niejednoznaczność,NOUN,negative,uncertainty,ambiguity,auto
niejednoznaczny,ADJ,negative,negative,inconclusive;ambiguous,auto
niekompatybilny,ADJ,negative,negative,incompatible,auto
niekompetencja,NOUN,negative,negative,incompetence;incompetency,auto
niekompetentnie,ADV,negative,negative,incompetently,auto
niekompetentny,ADJ,negative,negative,incompetent;incompetents,auto
niekompletnie,ADV,negative,negative,incompletely,auto
niekompletność,NOUN,negative,negative,incompleteness,auto
niekompletny,ADJ,negative,negative,incomplete,auto
niekonkurencyjny,ADJ,negative,negative,noncompetitive;uncompetitive,auto
niekonsekwentnie,ADV,negative,negative,inconsistently,auto
niekonstytucyjnie,ADV,negative,litigious,unconstitutionally,auto
niekonstytucyjność,NOUN,negative,litigious,unconstitutionality,auto
niekonstytucyjny,ADJ,negative,litigious,unconstitutional,auto
niekontrolowanie,NOUN,negative,negative,uncontrollably,auto
niekorzystnie,ADV,negative,negative,adversely;unfavorably,auto
niekorzystność,NOUN,negative,negative,unfavorability,auto
niekorzystny,ADJ,negative,negative,adverse;disadvantageous;unfavorable;unfavourable,auto
niekończący,ADJ,negative,litigious,nonterminable,auto
niekwalifikowalność,NOUN,negative,negative,ineligibility,auto
niekwalifikujący,ADJ,negative,negative,ineligible,auto
nielegalnie,ADV,negative,negative,illegally;illicitly,auto
nielegalność,NOUN,negative,negative,illegalities;illegality,auto
nielegalny,ADJ,negative,negative,illegal;illicit,auto
nielojalnie,ADV,negative,negative,disloyally,auto
nielojalność,NOUN,negative,negative,disloyalty,auto
nielojalny,ADJ,negative,negative,disloyal,auto
niematerialność,NOUN,negative,litigious,immateriality,auto
niematerialny,ADJ,negative,uncertainty,intangible,auto
niemoralny,ADJ,negative,negative,immoral,auto
niemożliwość,NOUN,negative,negative,impossibility,auto
niemożliwy,ADJ,negative,negative,impossible,auto
nienależny,ADJ,negative,negative,undue,auto
nienormalnie,ADV,negative,negative,abnormally,auto
nienormalny,ADJ,negative,negative,abnormal,auto
nieobecność,NOUN,negative,negative,absence;absences,auto
nieobserwowalny,ADJ,negative,uncertainty,unobservable,auto
nieoczekiwanie,ADV,negative,negative,unexpectedly,auto
nieodnowienie,NOUN,negative,negative,nonrenewal,auto
nieodpowiedni,ADJ,negative,negative,inadequate;inappropriate;unsuitable;unsuited,auto
nieodpowiednio,ADV,negative,negative,inadequately;unsuitably,auto
nieodpłatny,ADJ,negative,negative,gratuitous,auto
nieodwołalnie,ADV,negative,litigious,indefeasibly;irrevocably,auto
nieodwołalność,NOUN,negative,litigious,irrevocability,auto
nieodwołalny,ADJ,negative,constraining,irrevocable;noncancelable;noncancellable,auto
nieodwracalnie,ADV,negative,negative,irrecoverably;irreparably,auto
nieodwracalny,ADJ,negative,negative,irreparable;irreversible,auto
nieodzyskiwalny,ADJ,negative,negative,irrecoverable;unrecoverable,auto
nieokreśloność,NOUN,negative,uncertainty,indefiniteness,auto
nieopłacalny,ADJ,negative,negative,uneconomic;unprofitable,auto
nieosiągalność,NOUN,negative,negative,nonattainment,auto
nieosiągalny,ADJ,negative,negative,unobtainable,auto
nieostrożnie,ADV,negative,negative,carelessly,auto
nieostrożność,NOUN,negative,negative,carelessness,auto
nieostrożny,ADJ,negative,negative,careless,auto
niepewnie,ADV,negative,uncertainty,uncertainly,auto
niepewność,NOUN,negative,uncertainty,uncertainties;uncertainty,auto
niepewny,ADJ,negative,negative,insecure;unsure;uncertain;unsettled,auto
niepodrabialność,NOUN,negative,litigious,nonforfeitability,auto
niepodważalny,ADJ,negative,litigious,incontestable,auto
niepokojący,ADJ,negative,negative,disturbing;worrying,auto
niepokój,NOUN,negative,negative,distress;unrest,auto
niepoprawność,NOUN,negative,negative,incorrectness,auto
niepopularny,ADJ,negative,negative,unpopular,auto
nieporozumienie,NOUN,negative,negative,disagreements;misunderstanding;misunderstandings,auto
niepotrzebnie,ADV,negative,negative,unnecessarily,auto
niepotrzebny,ADJ,negative,negative,unnecessary;unneeded,auto
niepoważnie,ADV,negative,negative,frivolously,auto
niepoważny,ADJ,negative,negative,frivolous,auto
niepowiernicy,ADJ,negative,litigious,nonfiduciary,auto
niepowodzenie,NOUN,negative,negative,failing,auto
niepożądany,ADJ,negative,negative,undesirable;undesired;unwelcome,auto
niepraktyczność,NOUN,negative,negative,impracticalities;impracticality,auto
niepraktyczny,ADJ,negative,negative,impractical,auto
nieprawda,NOUN,negative,negative,untruth,auto
nieprawdopodobieństwo,NOUN,negative,uncertainty,improbability,auto
nieprawdopodobny,ADJ,negative,uncertainty,improbable,auto
nieprawdziwie,ADV,negative,negative,untruthfully,auto
nieprawdziwość,NOUN,negative,negative,untruthfulness,auto
nieprawdziwy,ADJ,negative,negative,untruthful,auto
nieprawidłowo,ADV,negative,negative,incorrectly,auto
nieprawidłowość,NOUN,negative,negative,abnormalities;abnormality;improprieties;irregularities;irregularity;misstatement;misstatements,auto
nieprawidłowy,ADJ,negative,negative,incorrect,auto
nieprecyzyjny,ADJ,negative,uncertainty,imprecise,auto
nieprodukcyjny,ADJ,negative,negative,nonproducing,auto
nieproduktywny,ADJ,negative,negative,nonproductive;unproductive,auto
nieproporcjonalnie,ADV,negative,negative,disproportionately,auto
nieproporcjonalny,ADJ,negative,negative,disproportional;disproportionate,auto
nieprzewidywalnie,ADV,negative,negative,unpredictably,auto
nieprzewidywalność,NOUN,negative,negative,unpredictability,auto
nieprzewidywalny,ADJ,negative,negative,unforeseeable;unpredictable,auto
nieprzychylny,ADJ,negative,negative,disfavoring,auto
nieprzydatność,NOUN,negative,negative,unsuitability,auto
nieprzyjazny,ADJ,negative,negative,unfriendly,auto
nieprzyjemny,ADJ,negative,negative,disagreeable,auto
nieprzyzwoitość,NOUN,negative,negative,indecency;obscenity,auto
nieprzyzwoity,ADJ,negative,negative,indecent;obscene,auto
niepłynny,ADJ,negative,negative,illiquid,auto
nieracjonalność,NOUN,negative,negative,unreasonableness,auto
nierealistyczny,ADJ,negative,negative,unrealistic,auto
nieregularnie,ADV,negative,negative,erratically;irregularly,auto
nieregularny,ADJ,negative,negative,erratic;irregular,auto
nierentowność,NOUN,negative,negative,unprofitability,auto
nierozstrzygnięty,ADJ,negative,negative,unresolved,auto
nierozsądnie,ADV,negative,negative,unreasonably,auto
nierozsądny,ADJ,negative,negative,unreasonable,auto
nierozważnie,ADV,negative,negative,imprudently,auto
nierozważny,ADJ,negative,negative,imprudent,auto
nieruchomość,NOUN,negative,litigious,hereditaments,auto
nierynkowy,ADJ,negative,negative,unmarketable,auto
nierówno,ADV,negative,negative,inequitably,auto
nierównowaga,NOUN,negative,negative,imbalance,auto
nierównowagić,ADJ,negative,negative,imbalances,auto
nierówność,NOUN,negative,negative,inequities;inequity,auto
niesamowity,ADJ,positive,positive,incredible,auto
niesezonowo,ADV,negative,uncertainty,unseasonably,auto
niesezonowość,NOUN,negative,uncertainty,unseasonable,auto
nieskutecznie,ADV,negative,negative,ineffectively,auto
nieskuteczność,NOUN,negative,negative,ineffectiveness,auto
nieskuteczny,ADJ,negative,negative,ineffective,auto
nieskładkowy,ADJ,negative,litigious,noncontributory,auto
niesmaczny,ADJ,negative,negative,unsavory,auto
niespecyficzny,ADJ,negative,uncertainty,unspecific,auto
niespokojny,ADJ,negative,negative,troubled,auto
niesprawiedliwie,ADV,negative,negative,unfairly;unjustly,auto
niesprawiedliwy,ADJ,negative,negative,inequitable;unjust,auto
niesprzedany,ADJ,negative,negative,unsold,auto
niesprzedawalny,ADJ,negative,negative,unsalable;unsaleable;unsellable,auto
niespójność,NOUN,negative,negative,inconsistencies;inconsistency,auto
niespójny,ADJ,negative,negative,inconsistent,auto
niestabilność,NOUN,negative,negative,instability;instabilities,auto
niestabilny,ADJ,negative,negative,unstable,auto
niestosowność,NOUN,negative,negative,impropriety,auto
niesubordynacja,NOUN,negative,negative,insubordination,auto
nieszczęście,ADV,negative,negative,calamity,auto
niesłusznie,ADV,negative,negative,wrongfully;wrongly,auto
nieuchronnie,ADV,negative,negative,unavoidably,auto
nieuczciwie,ADV,negative,negative,dishonestly;fraudulently,auto
nieuczciwość,NOUN,negative,litigious,dishonesty;nonfeasance,auto
nieuczciwy,ADJ,negative,negative,dishonest;fraudulent;unfair,auto
nieujawnianie,NOUN,negative,negative,nondisclosure,auto
nieumyślnie,ADV,negative,negative,inadvertently;unintentionally,auto
nieumyślny,ADJ,negative,negative,inadvertent,auto
nieusunięty,ADJ,negative,litigious,unremedied;unremediated,auto
nieuwaga,NOUN,negative,negative,inattention,auto
nieuzasadniony,ADJ,negative,negative,unconscionable;unjustifiable;unjustified;unwarranted;nonusurious,auto
nieważność,NOUN,negative,litigious,invalidity;nullities;nullity,auto
nieważny,ADJ,negative,negative,invalid,auto
nieweryfikowalny,ADJ,negative,litigious,nonseverable,auto
niewiadomy,ADJ,negative,uncertainty,unknowns,auto
niewiarygodnie,ADV,positive,positive,incredibly,auto
niewrażliwy,ADJ,negative,negative,insensitive,auto
niewskazanie,NOUN,negative,negative,inadvisability,auto
niewydolność,NOUN,negative,negative,insufficiency,auto
niewygodny,ADJ,negative,negative,inconvenient,auto
niewykonalność,NOUN,negative,litigious,unenforceability,auto
niewykonalny,ADJ,negative,negative,impracticable;indefeasible;unfeasible;unenforceable,auto
niewykryty,ADJ,negative,negative,undetected,auto
niewykrywalny,ADJ,negative,uncertainty,undetectable,auto
niewymierny,ADJ,negative,uncertainty,unquantifiable,auto
niewypłacalność,NOUN,negative,negative,insolvencies;insolvency,auto
niewypłacalny,ADJ,negative,negative,insolvent,auto
niewystarczająco,ADV,negative,negative,insufficiently,auto
niewystarczający,ADJ,negative,negative,insufficient,auto
niewłaściwie,ADV,negative,negative,improperly;inappropriately,auto
niewłaściwy,ADJ,negative,negative,improper;wrong,auto
niezadowolenie,NOUN,negative,negative,dissatisfaction,auto
niezadowolony,ADJ,negative,negative,dissatisfied;unsatisfied,auto
niezajęty,ADJ,negative,negative,unoccupied,auto
niezależnie,ADV,negative,litigious,notwithstanding,auto
niezamierzony,ADJ,negative,negative,unintended;unintentional,auto
niezawodność,NOUN,positive,positive,dependability,auto
niezawodny,ADJ,positive,positive,dependable,auto
niezdolność,NOUN,negative,negative,inability;incapacity;unfitness,auto
niezdolny,ADJ,negative,negative,incapable;unable;unfit,auto
niezgoda,NOUN,negative,negative,disagreeing;disagreement,auto
niezgodność,NOUN,negative,negative,incompatibilities;incompatibility;noncompliance;noncompliances;nonconformities;nonconformity,auto
niezgodny,ADJ,negative,negative,noncompliant;noncomplying;nonconforming,auto
nieznajomość,NOUN,negative,uncertainty,unfamiliarity,auto
nieznany,ADJ,negative,uncertainty,unfamiliar;unknown,auto
niezrozumienie,NOUN,negative,negative,misunderstand,auto
niezrównany,ADJ,positive,positive,unmatched;unparalleled,auto
niezrównoważony,ADJ,negative,negative,unsustainable,auto
niezwykle,ADV,negative,uncertainty,unusually,auto
niezwykły,ADJ,negative,uncertainty,unusual,auto
niezwłocznie,ADV,negative,litigious,forthwith,auto
niełaski,NOUN,negative,negative,disfavor,auto
nieścisłość,NOUN,negative,negative,inaccuracies,auto
nieściągalność,NOUN,negative,negative,uncollectibility,auto
nieściągalny,ADJ,negative,negative,nonrecoverable;uncollectable;uncollectible,auto
nieświadomie,ADV,negative,negative,unknowingly,auto
nieświadomy,ADJ,negative,negative,unaware;unknowing,auto
niniejszy,ADJ,negative,litigious,hereby;hereinbefore;hereunto;hereupon;herewith,auto
niszczycielski,NOUN,negative,negative,devastating,auto
niszczyć,NOUN,negative,negative,destroying,auto
niszczyć,VERB,negative,negative,destroys,auto
nolo,NOUN,negative,litigious,nolo,auto
nonbreaching,NOUN,negative,litigious,nonbreaching,auto
notarialnie,ADV,negative,litigious,notarize;notarizing,auto
notariusz,NOUN,negative,litigious,notaries,auto
notariuszyć,NOUN,negative,litigious,notarial;notary,auto
notaryzacja,NOUN,negative,litigious,notarization,auto
novo,ADV,negative,litigious,novo,auto
nękać,ADJ,negative,negative,harassed,auto
nękać,NOUN,negative,negative,harassing;harassment,auto
nękać,VERB,negative,negative,harass,auto
obalająco,ADV,negative,litigious,rebuttably,auto
obalać,ADJ,negative,litigious,rebutting,auto
obalić,ADJ,negative,litigious,rebutted,auto
obalić,NOUN,negative,litigious,overturn;rebuts;rebuttal;rebuttals,auto
obalić,VERB,negative,litigious,rebut,auto
obawa,NOUN,negative,negative,concern;concerns;fears,auto
obchodzić,ADJ,negative,negative,circumvented,auto
obchodzić,NOUN,negative,negative,circumventing,auto
obciążać,ADJ,negative,negative,aggravating;burdening;encumbering;encumbrancer;encumbrancers,auto
obciążać,VERB,negative,negative,encumber;encumbers,auto
obciążyć,ADJ,negative,negative,burdened;encumbered;unencumbered,auto
obciążyć,NOUN,negative,negative,burden;burdens;encumbrance;encumbrances;strain,auto
obejście,ADV,negative,negative,circumvent;circumvention,auto
obejść,NOUN,negative,negative,circumventions;circumvents,auto
obfitość,NOUN,positive,positive,abundance,auto
obfity,ADJ,positive,positive,abundant;plentiful,auto
obliczać,VERB,negative,negative,miscalculates,auto
obliczyć,ADJ,negative,negative,miscalculated,auto
obliczyć,NOUN,negative,negative,miscalculating;miscalculations,auto
obliczyć,VERB,negative,negative,miscalculate,auto
obniżka,NOUN,negative,negative,downgrades,auto
obniżyć,ADJ,negative,negative,downgraded,auto
obniżyć,NOUN,negative,negative,downgrade;downgrading,auto
obowiązek,NOUN,negative,constraining,obligation;obligations,auto
obowiązkowo,ADV,negative,constraining,manditorily,auto
obowiązkowy,ADJ,negative,constraining,compulsory;mandatory;obligatory,auto
obrazić,ADJ,negative,negative,offended,auto
obraźliwie,ADV,negative,negative,abusively,auto
obrażać,VERB,negative,negative,offend;offends,auto
obsługiwać,ADJ,negative,negative,mishandled,auto
ocenić,ADJ,negative,negative,misjudged;reassessed,auto
ocenzurować,ADJ,negative,negative,censured,auto
oczekiwać,ADJ,negative,negative,unexpected,auto
oczernia,NOUN,negative,negative,denigrates,auto
oczerniać,ADJ,negative,negative,denigrated;denigrating;slandered,auto
oczerniać,NOUN,negative,negative,denigration,auto
oczerniać,VERB,negative,negative,denigrate,auto
odbiegać,ADJ,negative,negative,deviating,auto
odbiegać,VERB,negative,negative,deviate,auto
odbit,NOUN,positive,positive,rebounded,auto
odbić,NOUN,positive,positive,rebound;rebounding,auto
odblokować,NOUN,negative,litigious,unencumber,auto
odchylić,ADJ,negative,negative,deviated,auto
odchylić,NOUN,negative,negative,deviates;deviation;deviations,auto
odciąć,ADJ,negative,negative,severed,auto
odebrać,ADJ,negative,negative,uncollected,auto
odejść,NOUN,negative,negative,quitting,auto
odejść,VERB,negative,negative,quit,auto
odjąć,ADJ,negative,negative,detracted,auto
odkrywać,NOUN,negative,negative,uncovering,auto
odkrywać,VERB,negative,negative,uncovers,auto
odkryć,ADJ,negative,negative,uncover;uncovered,auto
odkładać,NOUN,negative,negative,postponing,auto
odmiana,NOUN,negative,uncertainty,variations,auto
odmowa,NOUN,negative,negative,denials;refusals;refuses,auto
odpis,NOUN,negative,negative,chargeoffs;writedown;writedowns;writeoff;writeoffs,auto
odpowiednio,ADV,positive,positive,adequately,auto
odpraw,NOUN,negative,litigious,severances,auto
odprawo,NOUN,negative,litigious,severance,auto
odpłata,NOUN,negative,negative,retribution;retributions,auto
odraczać,VERB,negative,litigious,adjourns,auto
odroczenie,NOUN,negative,negative,defer;postponement;postponements;postpones;adjourning;adjournment;adjournments,auto
odroczyć,ADJ,negative,litigious,adjourned,auto
odroczyć,VERB,negative,negative,postpone,auto
odrzucać,ADJ,negative,negative,repudiating,auto
odrzucać,VERB,negative,negative,repudiates,auto
odrzucić,ADJ,negative,negative,declined;disapproved;disclaimed;refused;rejected;repudiated;recused,auto
odrzucić,NOUN,negative,negative,reject;rejecting;rejection;rejections;repudiation;repudiations,auto
odrzucić,VERB,negative,negative,repudiate,auto
odrzut,NOUN,negative,negative,kickback;rejects,auto
odrębność,NOUN,positive,positive,distinctiveness,auto
odstraszać,ADJ,negative,negative,deterring,auto
odstraszać,NOUN,negative,negative,deterrence,auto
odstraszać,VERB,negative,negative,deter;deters,auto
odstępstwo,NOUN,negative,litigious,derogate;derogates;derogating;derogation;derogations,auto
odszkodowanie,NOUN,negative,litigious,disgorgement;indemnifiable;indemnification;indemnifications;indemnifying;indemnities;indemnity,auto
odsłaniać,NOUN,negative,negative,exposing,auto
odsłonąć,ADJ,negative,negative,exposed,auto
odtąd,ADV,negative,litigious,henceforth;henceforward;thenceforth;thenceforward,auto
odwet,NOUN,negative,negative,retaliate;retaliated;retaliates;retaliating;retaliation;retaliations,auto
odwetowy,ADJ,negative,negative,retaliatory,auto
odwołalność,NOUN,negative,litigious,revocability,auto
odwołanie,NOUN,negative,litigious,appellants;appellees,auto
odwołać,ADJ,negative,negative,canceled;revoked;appealed,auto
odwołać,NOUN,negative,negative,cancellations;revoke;revokes;revoking;appeal;appeals,auto
odwoływalny,ADJ,negative,litigious,appealable,auto
odwoływać,ADJ,negative,litigious,appellant,auto
odzysk,NOUN,positive,positive,regain,auto
odzyskać,ADJ,negative,negative,unrecovered;regained,auto
odzyskać,NOUN,positive,positive,regaining,auto
odzyskiwać,NOUN,negative,negative,repossessing,auto
odłączać,VERB,negative,negative,disassociates,auto
odłączenie,NOUN,negative,negative,disassociating;disassociation,auto
oferencić,NOUN,negative,litigious,offerees;offerors,auto
oferent,NOUN,negative,litigious,offeree;offeror,auto
ofiara,NOUN,negative,negative,fatalities;victims,auto
ofiarny,ADJ,negative,negative,sacrificial,auto
ograniczać,ADJ,negative,constraining,confining;constraining;restraining;restricting,auto
ograniczenie,NOUN,negative,constraining,confine;confinements;confines;curtail;curtailing;curtailment;curtailments;curtails;limitation;limitations;setbacks;constrain;constrains;constraint;constraints;limiting;restrain;restrains;restraints;restrict;restriction;restrictions;restricts,auto
ograniczony,ADJ,negative,constraining,confined;curtailed;bounded;constrained;restricted,auto
ogromnie,ADV,positive,positive,tremendously,auto
ogromny,ADJ,positive,positive,tremendous,auto
ogłaszać,VERB,negative,litigious,promulgates,auto
okazjonalnie,ADV,negative,uncertainty,occasionally,auto
okoliczność,NOUN,negative,uncertainty,contingencies,auto
okopać,VERB,negative,constraining,entrench,auto
okrążyć,NOUN,negative,negative,lapsing,auto
omyłkowo,ADV,negative,negative,mistakenly,auto
opisać,ADJ,negative,litigious,aforedescribed,auto
oportunistycznie,ADV,negative,negative,opportunistically,auto
oportunistyczny,ADJ,negative,negative,opportunistic,auto
opozycja,NOUN,negative,negative,opposition,auto
opozycć,NOUN,negative,negative,oppositions,auto
optione,NOUN,negative,litigious,optionees,auto
optionee,ADV,negative,litigious,optionee,auto
optymistyczny,ADJ,positive,positive,optimistic,auto
opuścić,ADJ,negative,negative,abandoned;derelict,auto
opóźnienie,NOUN,negative,negative,delay;delaying;delays;delinquently;lag;lagging;lags,auto
opóźnić,ADJ,negative,negative,delayed;lagged,auto
opłacalny,ADJ,positive,positive,profitable,auto
opłacać,ADJ,negative,negative,underpaid,auto
opłacić,ADJ,negative,negative,unpaid,auto
organ,NOUN,negative,litigious,legislatures,auto
orzeczenie,NOUN,negative,litigious,adjudications;ruling;rulings,auto
orzecznictwo,NOUN,negative,litigious,jurisprudence,auto
orzeczyć,ADJ,negative,litigious,adjudicated,auto
orzekać,ADJ,negative,litigious,adjudicating;adjudicative;adjudicatory,auto
orzekać,NOUN,negative,litigious,adjudging;adjudication,auto
orzekać,VERB,negative,litigious,adjudge;adjudges;adjudicate;adjudicates,auto
osiągać,VERB,positive,positive,accomplishes;achieves;attains,auto
osiągnięcie,NOUN,positive,positive,accomplish;accomplishing;accomplishment;accomplishments;achievement;achievements;achieving;attain;attaining;attainment;attainments,auto
osiągnąć,ADJ,positive,positive,accomplished;achieved;attained,auto
osiągnąć,VERB,positive,positive,achieve,auto
oskarżający,ADJ,negative,negative,accusing,auto
oskarżać,VERB,negative,negative,accuse;accuses,auto
oskarżenie,NOUN,negative,negative,accusation;accusations;indict;indicting;prosecutions,auto
oskarżony,NOUN,negative,negative,accused;indicted,auto
ospałość,NOUN,negative,negative,sluggishness,auto
ostatecznie,ADV,positive,positive,conclusively,auto
ostro,ADV,negative,negative,sharply,auto
ostrożnie,ADV,negative,uncertainty,cautiously,auto
ostrożność,NOUN,negative,negative,caution;cautionary;cautiousness;precaution,auto
ostrożny,ADJ,negative,uncertainty,cautious,auto
ostry,ADJ,negative,negative,harsher,auto
ostrzec,ADJ,negative,negative,warned,auto
ostrzegać,VERB,negative,negative,cautioned,auto
ostrzejy,ADJ,negative,negative,harshest,auto
ostrzeżenie,NOUN,negative,negative,warn;warning;warnings;warns,auto
oszałamiać,ADJ,negative,negative,staggering,auto
oszczerczyć,VERB,negative,negative,slanderous,auto
oszczerstwo,NOUN,negative,negative,slander;slanders;libels,auto
oszukać,ADJ,negative,negative,deceived;defrauded,auto
oszukać,VERB,negative,negative,deceive,auto
oszukować,VERB,negative,negative,deceives;defrauds,auto
oszustwo,NOUN,negative,negative,deceit;deception;deceptions;fraud;frauds;fraudulence,auto
osąd,NOUN,negative,negative,misjudgment;misjudgments,auto
osłabić,ADJ,negative,negative,impaired;weakened,auto
osłabić,NOUN,negative,negative,weaken;weakening,auto
overbuild,NOUN,negative,negative,overbuild,auto
oznaczyć,ADJ,negative,negative,mislabeled;mislabelled,auto
oznakowanie,NOUN,negative,negative,mislabel;mislabeling,auto
oznakować,ADJ,negative,negative,misbranded,auto
pakt,NOUN,negative,constraining,covenants,auto
panika,NOUN,negative,negative,panic;panics,auto
para,NOUN,negative,litigious,para;pari,auto
pass,NOUN,negative,litigious,passu,auto
petycja,NOUN,negative,litigious,petition;petitioned;petitioner;petitioners;petitioning;petitions,auto
pewny,ADJ,positive,positive,confident,auto
pełnomocnik,NOUN,negative,litigious,attorney,auto
pielęgnacja,NOUN,negative,uncertainty,tending,auto
pieniężnie,ADV,negative,litigious,pecuniarily,auto
pierwszeństwo,NOUN,positive,positive,preeminence,auto
pikieta,NOUN,negative,negative,picket,auto
pikietować,ADJ,negative,negative,picketed,auto
pikietować,NOUN,negative,negative,picketing,auto
pilnie,ADV,positive,positive,diligently,auto
pilność,NOUN,negative,negative,urgency,auto
pilny,ADJ,negative,negative,urgent,auto
pisać,ADJ,negative,uncertainty,unwritten,auto
pisać,VERB,negative,litigious,writ,auto
pismo,NOUN,negative,negative,pleading;pleadings;writs,auto
pięknie,ADV,positive,positive,beautifully,auto
piękny,ADJ,positive,positive,beautiful,auto
plać,VERB,negative,negative,taints,auto
pochwalać,VERB,negative,negative,disapproves,auto
pochwalić,ADJ,positive,positive,complimented,auto
pociągający,ADJ,negative,constraining,entailing,auto
pociągać,VERB,negative,constraining,entail;entailed;entails,auto
podatność,NOUN,negative,negative,susceptibility;vulnerabilities;vulnerability,auto
podatny,ADJ,negative,negative,prone;susceptible,auto
podciąć,NOUN,negative,negative,undercuts,auto
podcąć,NOUN,negative,negative,undercut;undercutting,auto
poddany,ADJ,negative,negative,subjected,auto
poddać,NOUN,negative,negative,subjecting;subjection,auto
podejrzany,ADJ,negative,negative,suspect;suspected;suspects;suspicious,auto
podejrzewać,ADJ,negative,negative,unsuspecting,auto
podejrzeć,NOUN,negative,negative,suspicion;suspicions,auto
podejrzliwie,ADV,negative,negative,suspiciously,auto
podekscytować,ADJ,positive,positive,excited,auto
podkreślać,NOUN,negative,negative,stressing,auto
podnaj,NOUN,negative,litigious,subleasehold,auto
podnajemcać,NOUN,negative,litigious,subleasee,auto
podnajemiec,NOUN,negative,litigious,sublessors,auto
podniecenie,NOUN,positive,positive,excitement,auto
podpora,NOUN,positive,positive,bolsters,auto
podpunkta,NOUN,negative,litigious,subclauses,auto
podrobić,ADJ,negative,negative,counterfeited,auto
podrozdzieć,NOUN,negative,litigious,subclause,auto
podróbka,NOUN,negative,negative,counterfeit;counterfeits,auto
podstępność,NOUN,negative,negative,deceitfulness,auto
podstępny,ADJ,negative,negative,deceitful,auto
podważać,NOUN,negative,negative,undermining,auto
podważać,VERB,negative,negative,undermine;undermines,auto
podważyć,ADJ,negative,negative,undermined,auto
podyktować,ADJ,negative,constraining,dictated,auto
podziać,NOUN,negative,negative,breakdown,auto
podżegać,NOUN,negative,negative,abetting,auto
pogardać,NOUN,negative,negative,contempt,auto
pogarszać,ADJ,negative,negative,deteriorating,auto
pogarszać,VERB,negative,negative,aggravates;deteriorates;worsens,auto
pogodzić,NOUN,negative,negative,irreconcilable;irreconcilably,auto
pogorszenie,NOUN,negative,negative,aggravation;deterioration;deteriorations;worsening,auto
pogorszyć,VERB,negative,negative,deteriorate;deteriorated;worsen;worsened,auto
pogłoska,NOUN,negative,uncertainty,rumors,auto
pojawiać,VERB,negative,uncertainty,appear;appears,auto
pojawić,NOUN,negative,uncertainty,appearing,auto
pojawić,VERB,negative,uncertainty,appeared,auto
pojednawczyć,VERB,negative,negative,conciliating,auto
pojemność,NOUN,negative,negative,overcapacities,auto
pokonać,ADJ,negative,litigious,defeated;overcome;defeased;undefeased,auto
pokonać,NOUN,negative,negative,defeating,auto
pokonywać,VERB,negative,negative,overcomes,auto
pokłość,NOUN,negative,negative,aftermath;aftermaths,auto
pomijać,VERB,negative,negative,omits,auto
pominąć,ADJ,negative,negative,foregone;missed;omitted,auto
pominąć,ADV,negative,negative,omitting,auto
pominąć,VERB,negative,negative,omit,auto
pomysłowość,NOUN,positive,positive,ingenuity;inventiveness,auto
pomysłowy,ADJ,positive,positive,inventive,auto
pomyłka,NOUN,negative,negative,missteps;mistaken;mistaking,auto
poniżej,ADV,negative,litigious,hereinbelow;hereunder;thereunder,auto
ponuro,ADV,negative,negative,dismally,auto
ponury,ADJ,negative,negative,dismal,auto
popełniać,ADJ,negative,negative,perpetrating,auto
popełniać,VERB,negative,negative,perpetrate;perpetrates,auto
popełnić,ADJ,negative,negative,perpetrated,auto
poprawa,NOUN,positive,positive,improve;improvement;improving,auto
poprawiać,VERB,positive,positive,improves,auto
poprawić,ADJ,negative,negative,corrected;revised,auto
poprawka,NOUN,negative,litigious,amend;amendment;amendments;amends,auto
poprzednik,NOUN,negative,litigious,antecedent;antecedents,auto
popularność,NOUN,positive,positive,popularity,auto
popularny,ADJ,positive,positive,popular,auto
porażka,NOUN,negative,litigious,defeat;defeats;defeasance;defeasances;defease;defeasement;defeases;defeasing,auto
porzucać,VERB,negative,negative,abandons,auto
porzucić,NOUN,negative,negative,abandoning;abandonment,auto
poręczenie,NOUN,negative,litigious,bailment;sureties;surety,auto
poręczyciel,NOUN,negative,litigious,nonguarantor,auto
posiadacz,NOUN,negative,litigious,claimholder;contractholder,auto
posiadać,NOUN,negative,litigious,possessory,auto
postanowienie,NOUN,negative,constraining,stipulations,auto
postkontrakt,NOUN,negative,litigious,postcontract,auto
postęp,NOUN,positive,positive,advancement;advancements;advances;advancing;progress;progresses;progressing;furtherance,auto
postępowanie,NOUN,negative,negative,conciliation;conciliations;misconduct,auto
poszkodowany,ADJ,negative,litigious,harmed;aggrieved,auto
potwierdzać,VERB,negative,litigious,disaffirms,auto
potwierdzić,ADJ,negative,litigious,unconfirmed;disaffirmed,auto
potwierdzić,NOUN,negative,litigious,affirmance,auto
potępiać,ADJ,negative,litigious,condemning;condemnor,auto
potępiać,VERB,negative,negative,condemns,auto
potępić,ADJ,negative,negative,condemned,auto
potępić,NOUN,negative,negative,condemn;condemnation;condemnations,auto
powagać,VERB,negative,negative,seriousness,auto
poważnie,ADV,negative,negative,seriously;severely,auto
poważny,ADJ,negative,negative,serious;severe,auto
powodowiedzieć,VERB,negative,litigious,plaintiffs;claimants,auto
powodzenie,NOUN,positive,positive,successfully,auto
powoli,ADV,negative,negative,slowly;sluggishly,auto
powolność,NOUN,negative,negative,slowness,auto
powolny,ADJ,negative,negative,slow;sluggish,auto
powstać,NOUN,negative,negative,insurrections,auto
powstrzymywać,VERB,negative,constraining,refraining,auto
powyżej,ADV,negative,litigious,hereinabove,auto
powód,NOUN,negative,litigious,plaintiff;claimant,auto
powództwo,NOUN,negative,negative,counterclaim,auto
powściągliwość,NOUN,negative,constraining,restraint,auto
powściągliwy,ADJ,negative,constraining,restrained,auto
pozasądowo,ADV,negative,litigious,nonjudicially,auto
pozasądowy,ADJ,negative,litigious,extrajudicial;nonjudicial,auto
pozaumowny,ADJ,negative,litigious,extracontractual;noncontractual,auto
pozaustrojowy,ADJ,negative,litigious,extracorporeal,auto
pozbawiać,ADJ,negative,negative,depriving,auto
pozbawiać,VERB,negative,negative,deprive;deprives,auto
pozbawić,ADJ,negative,negative,deprived,auto
pozbawić,NOUN,negative,negative,imprisonment,auto
pozew,NOUN,negative,litigious,sue;sues;countersued;countersuit;countersuits;lawsuit;lawsuits,auto
pozorny,ADJ,negative,uncertainty,apparent,auto
pozornąć,ADV,negative,uncertainty,apparently,auto
pozować,NOUN,negative,negative,posing,auto
pozwany,ADJ,negative,negative,defendant;defendants;sued,auto
pozwolić,NOUN,negative,constraining,permission,auto
pozytywnie,ADV,positive,positive,positively,auto
pozytywny,ADJ,positive,positive,positive,auto
pozywać,ADJ,negative,negative,litigant,auto
pozywać,NOUN,negative,negative,suing,auto
pozyć,VERB,negative,negative,poses,auto
poślizg,NOUN,negative,negative,slippage;slippages,auto
pośredniczyć,ADJ,negative,litigious,mediating,auto
pośredniczyć,VERB,negative,litigious,mediate;mediates,auto
poświadczać,ADJ,negative,litigious,attesting,auto
poświadczenie,NOUN,negative,litigious,notarizations,auto
poświadczyć,ADJ,negative,litigious,attested;notarized,auto
poświęcenie,NOUN,negative,negative,sacrifice;sacrifices;sacrificing,auto
poświęcić,ADJ,negative,negative,sacrificed,auto
pożądany,ADJ,positive,positive,desirable;desired,auto
prawdopodobieństwo,NOUN,negative,uncertainty,likelihood;probabilities;probability,auto
prawdopodobnie,ADV,negative,uncertainty,conceivably;probably,auto
prawdopodobny,ADJ,negative,uncertainty,probable,auto
prawnik,NOUN,negative,litigious,jurist;jurists;lawyer;lawyers;litigator;litigators,auto
prawodawca,NOUN,negative,litigious,lawmakers;legislator,auto
prawodawstwo,NOUN,negative,litigious,legislations,auto
prać,NOUN,negative,negative,laundering,auto
pre-poprawka,NOUN,negative,litigious,preamendment,auto
predyktor,NOUN,negative,uncertainty,predictor;predictors,auto
prestiż,NOUN,positive,positive,prestige,auto
prestiżowy,ADJ,positive,positive,prestigious,auto
prima,NOUN,negative,litigious,prima,auto
proaktywnie,ADV,positive,positive,proactively,auto
proaktywny,ADJ,positive,positive,proactive,auto
probabilistyczny,ADJ,negative,uncertainty,probabilistic,auto
probacja,NOUN,negative,litigious,probate,auto
probacyjny,ADJ,negative,litigious,probational,auto
problem,NOUN,negative,negative,problem;problems,manual
problematyczny,ADJ,negative,negative,problematic;problematical,auto
prokurator,NOUN,negative,litigious,prosecutor;prosecutors,auto
prokuratorski,ADJ,negative,litigious,prosecutorial,auto
promulgacja,NOUN,negative,litigious,promulgation;promulgations,auto
promulgator,NOUN,negative,litigious,promulgator;promulgators,auto
promulgować,ADJ,negative,litigious,promulgated,auto
promulgować,VERB,negative,litigious,promulgate,auto
promulguć,ADJ,negative,litigious,promulgating,auto
proporcjonalnie,ADV,negative,litigious,ratably,auto
prorat,NOUN,negative,litigious,prorata,auto
proration,NOUN,negative,litigious,proration,auto
prosperować,ADJ,positive,positive,prospering,auto
prosperować,VERB,positive,positive,prospered;prospers,auto
protest,NOUN,negative,negative,protest;protests,auto
protestować,ADJ,negative,negative,protester;protesters;protesting;protestor;protestors,auto
protestować,VERB,negative,negative,protested,auto
prowokować,ADJ,negative,negative,provoking,auto
prowokować,VERB,negative,negative,provoke;provokes,auto
prywatnoście,NOUN,negative,litigious,privity,auto
przeanalizować,ADJ,negative,negative,scrutinized,auto
przebudować,ADJ,negative,negative,overbuilt,auto
przecena,ADJ,negative,negative,markdowns,auto
przeciwnie,ADV,negative,negative,contrary,auto
przeciwnik,NOUN,negative,negative,adversaries;adversary,auto
przeciwność,NOUN,negative,negative,adversities;adversity,auto
przeciwny,ADJ,negative,negative,opposed;opposing,auto
przeciągać,NOUN,negative,negative,drag,auto
przeciążyć,ADJ,negative,negative,overburdened;overloaded,auto
przeciążyć,NOUN,negative,negative,overburdening;overload;overloading;overloads,auto
przedmiot,NOUN,negative,litigious,chattels,auto
przedprocesowy,ADJ,negative,negative,pretrial,auto
przedpłata,NOUN,negative,litigious,prepetition,auto
przedstawiać,VERB,negative,negative,misrepresents,auto
przedwczesny,ADJ,negative,negative,premature;untimely;predeceasing,auto
przedwcześnie,ADV,negative,negative,prematurely,auto
przedłużać,NOUN,negative,negative,prolonging,auto
przedłużać,VERB,negative,negative,prolongs,auto
przedłużenie,NOUN,negative,negative,prolong;prolongation;prolongations;protraction,auto
przedłużyć,ADJ,negative,negative,prolonged,auto
przegrać,VERB,negative,negative,lose,auto
przegrywać,VERB,negative,negative,loses,auto
przejmować,VERB,negative,negative,repossesses,auto
przejrzystość,NOUN,positive,positive,transparency,auto
przejąć,ADJ,negative,negative,repossessed,auto
przekazywać,ADJ,negative,litigious,transferor,auto
przekierować,ADJ,negative,negative,diverted,auto
przekierować,NOUN,negative,negative,divert;diverting,auto
przekierowywać,VERB,negative,negative,diverts,auto
przekonanie,NOUN,negative,negative,conviction,auto
przekroczyć,ADJ,positive,positive,surpassed,auto
przekroczyć,NOUN,negative,litigious,overrun;overrunning;overruns;exceedance;exceedances;exceedences,auto
przekształcenie,NOUN,negative,negative,restatement;restatements,auto
przekształcić,ADJ,negative,negative,restated,auto
przekupić,ADJ,negative,negative,bribed,auto
przekupstwo,NOUN,negative,negative,bribery;bribing,auto
przeliczać,NOUN,negative,uncertainty,recalculating,auto
przeliczać,VERB,negative,uncertainty,recalculate;recalculates,auto
przeliczenie,NOUN,negative,uncertainty,recalculation;recalculations,auto
przeliczyć,ADJ,negative,uncertainty,recalculated,auto
przemieścić,NOUN,negative,negative,displacement,auto
przemoc,NOUN,negative,negative,violence,auto
przenieść,ADJ,negative,negative,reassigned,auto
przenieść,NOUN,negative,negative,reassign;reassignment;reassignments,auto
przeoczenie,NOUN,negative,negative,overlook,auto
przeoczyć,ADJ,negative,negative,overlooked,auto
przepadalność,NOUN,negative,litigious,forfeitability,auto
przepadek,NOUN,negative,negative,forfeit;forfeiting;forfeiture,auto
przepadk,NOUN,negative,litigious,forfeitable;nonforfeitable,auto
przepadka,NOUN,negative,negative,forfeits;forfeitures,auto
przepłacić,ADJ,negative,negative,overpaid,auto
przeregulować,NOUN,negative,litigious,reregulation,auto
przerwa,NOUN,negative,negative,breaks;interruptions;lapses,auto
przerwać,ADJ,negative,negative,discontinued;interrupted,auto
przerwać,NOUN,negative,negative,discontinuance;discontinuances;discontinuation;discontinuations;interrupts,auto
przerwać,VERB,negative,negative,break;discontinue;interrupt;interruption;outage,auto
przerywać,ADJ,negative,negative,intermittent,auto
przerywać,NOUN,negative,negative,interrupting,auto
przesadać,NOUN,negative,negative,exaggerating;exaggeration,auto
przesadzać,VERB,negative,negative,exaggerate;exaggerates,auto
przesadzić,ADJ,negative,negative,exaggerated,auto
przestarzać,VERB,negative,negative,obsolete;outdated;outmoded,auto
przestarzałość,NOUN,negative,negative,obsolescence,auto
przestać,NOUN,negative,negative,downtime,auto
przestroga,NOUN,negative,negative,cautions,auto
przestrzegać,VERB,negative,constraining,abide,auto
przestróc,NOUN,negative,negative,cautioning,auto
przestój,NOUN,negative,negative,downtimes;outages;standstills;stoppages,auto
przestępca,NOUN,negative,negative,criminals;delinquents;offenders,auto
przestępcać,NOUN,negative,negative,criminal;delinquent,auto
przestępczo,ADV,negative,negative,criminally,auto
przestępczoście,NOUN,negative,litigious,delinquency;criminality,auto
przestępstwo,NOUN,negative,negative,crime;crimes;felonies;felony;offence;offences;offending,auto
przesunąć,ADJ,negative,negative,displaced,auto
przesunąć,NOUN,negative,negative,displacements,auto
przeszacować,ADJ,negative,negative,overestimated,auto
przeszacować,NOUN,negative,negative,overestimates;overestimating;overestimation;overestimations,auto
przeszacować,VERB,negative,negative,overestimate,auto
przeszkadzać,VERB,negative,negative,disturb;disturbs;interfere;interferes;obstruct,auto
przeszkoda,NOUN,negative,negative,hinders;hindrances;impediments;obstacles;obstructions,auto
przeszkoda,VERB,negative,negative,hinder;hindrance;impediment;obstacle;obstruction,auto
przesłuchanie,NOUN,negative,litigious,questioning;interrogating;interrogation;interrogations;interrogatories;interrogatory;rehearing;rehearings,auto
przesłuchiwać,ADJ,negative,litigious,interrogated,auto
przesłuchiwać,VERB,negative,litigious,interrogate;interrogates,auto
przesłuchuć,ADJ,negative,litigious,interrogator;interrogators,auto
przewagać,VERB,negative,litigious,advantage;ascendancy,auto
przewartościować,ADJ,negative,negative,overvalued,auto
przewartościować,NOUN,negative,negative,overvaluing,auto
przewidywalność,NOUN,negative,uncertainty,predictability,auto
przewidywalny,ADJ,negative,uncertainty,predictive,auto
przewidywanie,NOUN,negative,uncertainty,anticipating;anticipation;anticipations;predicting;prediction;predictions,auto
przewidywać,ADJ,negative,uncertainty,anticipated;predicted,auto
przewidywać,VERB,negative,uncertainty,anticipate;anticipates;predict;predicts;stipulate,auto
przewidzieć,ADJ,negative,negative,unanticipated;unforeseen;unforseen;unpredicted;unforecasted;stipulated,auto
przewleknąć,VERB,negative,negative,protracted,auto
przewozyć,NOUN,negative,litigious,conveyances,auto
przewrota,NOUN,negative,negative,overturns;upturns,auto
przewrócić,NOUN,negative,negative,overturning,auto
przewyższać,ADJ,positive,positive,surpassing,auto
przewyższać,VERB,positive,positive,surpass;surpasses,auto
przewłaszczenie,NOUN,negative,negative,repossession,auto
przeznaczyć,NOUN,negative,constraining,earmark;earmarking,auto
przezwyciężać,NOUN,negative,negative,overcoming,auto
przeładować,ADJ,negative,negative,overcharged,auto
przeładować,NOUN,negative,negative,overcharge;overcharging,auto
przełom,NOUN,positive,positive,breakthrough,auto
przełoć,NOUN,positive,positive,breakthroughs,auto
przełożony,ADJ,negative,negative,postponed;superior,auto
przodek,NOUN,negative,litigious,forbears;forebear;forebears,auto
przybliżać,VERB,negative,uncertainty,approximates,auto
przybliżyć,ADJ,negative,uncertainty,approximate;approximated,auto
przybliżyć,NOUN,negative,uncertainty,approximately;approximating;approximation;approximations,auto
przydzielać,VERB,negative,negative,reassigns,auto
przydzieć,VERB,negative,litigious,assignations,auto
przygnębiać,ADJ,negative,negative,depressing,auto
przygnębiony,ADJ,negative,negative,depressed;distressed,auto
przyjazny,ADJ,positive,positive,friendly,auto
przyjemnie,ADV,positive,positive,enjoyably;pleasantly,auto
przyjemność,NOUN,positive,positive,enjoyment;pleasure,auto
przyjemny,ADJ,positive,positive,enjoyable;pleasant,auto
przymrać,VERB,negative,constraining,covenant;covenanting,auto
przymus,NOUN,negative,negative,coercing;coercion;coercive;compulsion;duress,auto
przynależność,NOUN,negative,litigious,appurtenance,auto
przynależny,ADJ,negative,litigious,appurtenant,auto
przypadkowo,ADV,negative,negative,accidentally,auto
przypadkowy,ADJ,negative,negative,accidental,auto
przypisać,NOUN,negative,litigious,reassigning;assignation,auto
przypominać,VERB,negative,negative,recalling,auto
przypomnieć,NOUN,negative,negative,recalls,auto
przypuszczalnie,ADV,negative,litigious,presumably;presumptively,auto
przypuszczać,VERB,negative,uncertainty,presume;presumes,auto
przypuszczenie,NOUN,negative,uncertainty,presuming,auto
przystanek,NOUN,negative,negative,stops,auto
przystąpić,NOUN,negative,litigious,accession,auto
przywiązanie,NOUN,negative,litigious,attornment,auto
przywołać,ADJ,negative,negative,recalled,auto
przywołać,NOUN,negative,negative,summoning,auto
przywrócony,ADJ,negative,litigious,reprorated,auto
przywództwo,NOUN,positive,positive,leadership,auto
przywłaszczyć,ADJ,negative,negative,misappropriated,auto
przywłaszczyć,NOUN,negative,negative,misappropriate;misappropriating;misappropriation,auto
przyznawać,VERB,negative,negative,concedes,auto
przyznać,ADJ,negative,negative,conceded;confessed;pleaded,auto
przyznać,NOUN,negative,negative,conceding,auto
przyznać,VERB,negative,negative,concede;confess,auto
przyzwalać,ADJ,negative,negative,acquiescing,auto
przyzwalać,VERB,negative,negative,acquiesces,auto
przyzwolenie,NOUN,negative,negative,acquiesce;acquiesced;condone,auto
przyćmić,ADJ,negative,negative,overshadowed,auto
przyćmić,NOUN,negative,negative,overshadow;overshadowing,auto
purport,NOUN,negative,negative,purport,auto
pytanie,NOUN,negative,negative,question;questions,auto
późno,ADV,negative,litigious,late;thereafter,auto
pęknąć,NOUN,negative,negative,breakage,auto
płynnie,ADV,positive,positive,smoothly,auto
quitclaim,ADJ,negative,litigious,quitclaim,auto
racjonalizacja,NOUN,negative,negative,rationalization;rationalizations;rationalizing,auto
racjonalizować,VERB,negative,negative,rationalize;rationalizes,auto
randomizacja,NOUN,negative,uncertainty,randomize;randomizing,auto
randomizować,VERB,negative,uncertainty,randomizes,auto
ranny,ADJ,negative,negative,injured,auto
rata,NOUN,negative,litigious,rata,auto
ratyfikowalny,ADJ,negative,litigious,ratable,auto
rażąco,ADV,negative,negative,egregiously;grossly,auto
receptywny,ADJ,positive,positive,receptive,auto
recesja,NOUN,negative,negative,recession,auto
recesyjny,ADJ,negative,negative,recessionary,auto
recesć,NOUN,negative,negative,recessions,auto
redagować,NOUN,negative,negative,redacting,auto
redagować,VERB,negative,negative,redact,auto
redakcja,NOUN,negative,negative,redaction;redactions,auto
redefault,NOUN,negative,negative,redefault,auto
redefaults,NOUN,negative,negative,redefaults,auto
redukcja,NOUN,negative,negative,downsizes;downsizings,auto
referendum,NOUN,negative,litigious,referenda;referendum;referendums,auto
refiles,NOUN,negative,litigious,refiles,auto
refren,NOUN,negative,constraining,refrain;refrains,auto
regres,NOUN,negative,litigious,recourse,auto
regulator,NOUN,negative,litigious,regulator;regulators,auto
regulować,VERB,negative,litigious,regulate;regulates,auto
reheard,NOUN,negative,litigious,reheard,auto
reinterpretacja,NOUN,negative,uncertainty,reinterpret;reinterpretation;reinterpretations;reinterpreting,auto
reinterpretować,ADJ,negative,uncertainty,reinterpreted,auto
reinterpretować,VERB,negative,uncertainty,reinterprets,auto
rejestracja,NOUN,negative,litigious,recordation,auto
rekieter,NOUN,negative,negative,racketeer,auto
reklamacja,NOUN,negative,negative,complaints,auto
rekompensata,NOUN,negative,litigious,recoupment;recoupments,auto
remediacja,NOUN,negative,litigious,remediating;remediation,auto
renegocjacja,NOUN,negative,negative,renegotiating;renegotiation;renegotiations,auto
renegocjować,ADJ,negative,negative,renegotiated,auto
renegocjować,VERB,negative,negative,renegotiate;renegotiates,auto
rentowność,NOUN,positive,positive,profitability,auto
reparacja,NOUN,negative,negative,reparations,auto
replewina,NOUN,negative,litigious,replevin,auto
restate,NOUN,negative,negative,restate,auto
restates,NOUN,negative,negative,restates,auto
restrukturyzacja,NOUN,negative,negative,restructure;restructures;restructuring;restructurings,auto
restrykcyjnie,ADV,negative,constraining,restrictively,auto
restrykcyjność,NOUN,negative,constraining,restrictiveness,auto
restrykcyjny,ADJ,negative,constraining,restrictive,auto
restytucja,NOUN,negative,negative,restating,auto
restytucyjny,ADJ,negative,litigious,restitutionary,auto
retendering,NOUN,negative,litigious,retendering,auto
retrocedować,ADJ,negative,litigious,retroceded,auto
retrocesjonariusz,NOUN,negative,litigious,retrocessionaires,auto
rewolucjonizować,VERB,positive,positive,revolutionizes,auto
rewolucjonizuć,ADJ,positive,positive,revolutionizing,auto
rezygnacja,NOUN,negative,negative,resignation;resignations;resigning;quitclaims;recusing,auto
rezygnować,VERB,negative,negative,foregoes;resigns;recuses,auto
roszczenie,NOUN,negative,negative,claiming;claims;counterclaimed;counterclaiming;counterclaims;claim;crossclaim;crossclaims,auto
roszczeniowy,ADJ,negative,litigious,claimable,auto
rozbieżność,NOUN,negative,negative,discrepancies;discrepancy;disgorgements,auto
rozbiórka,NOUN,negative,negative,demolition,auto
rozczarować,ADJ,negative,negative,disappointed,auto
rozczarować,NOUN,negative,negative,disappoint;disappointment;disappointments,auto
rozczarowująco,ADV,negative,negative,disappointingly,auto
rozczarowywać,ADJ,negative,negative,disappointing,auto
rozczarowywać,VERB,negative,negative,disappoints,auto
rozdzielność,NOUN,negative,litigious,severability,auto
rozdzielny,ADJ,negative,litigious,severable,auto
rozgrzeszać,VERB,negative,litigious,absolves,auto
rozgrzeszyć,ADJ,negative,litigious,absolved,auto
rozgrzeszyć,NOUN,negative,litigious,absolve;absolving,auto
rozkosać,NOUN,positive,positive,delight,auto
rozkosić,VERB,positive,positive,delights,auto
rozliczyć,ADJ,negative,negative,unaccounted,auto
rozliczyć,NOUN,negative,litigious,settlement;settlements,auto
rozmyć,NOUN,negative,litigious,demurring,auto
rozmyślność,NOUN,negative,litigious,willfulness,auto
rozpraszać,ADJ,negative,negative,distracting,auto
rozpraszać,VERB,negative,negative,distracts,auto
rozprawa,NOUN,negative,litigious,prehearing,auto
rozproszyć,ADJ,negative,negative,distracted,auto
rozproszyć,NOUN,negative,negative,distract;distraction;distractions;distraint,auto
rozrzutny,ADJ,negative,negative,wasteful,auto
rozróżnić,NOUN,positive,positive,distinctions,auto
rozstrzygać,ADJ,negative,litigious,conclusive;dispositive,auto
rozważać,ADJ,negative,negative,deliberated,auto
rozważyć,ADJ,negative,uncertainty,reconsidered,auto
rozważyć,NOUN,negative,uncertainty,reconsidering,auto
rozważyć,VERB,negative,uncertainty,reconsider,auto
rozwiedziony,ADJ,negative,negative,divorced,auto
rozwiązywać,NOUN,positive,positive,solving,auto
rozwiązywać,VERB,positive,positive,solves,auto
rozwód,NOUN,negative,negative,divorce,auto
rozładować,ADJ,negative,litigious,undischarged,auto
rozładować,VERB,negative,negative,disgorge,auto
rozładunek,NOUN,negative,negative,disgorging,auto
rozłączenie,NOUN,negative,negative,disaffiliation,auto
ruch,NOUN,negative,litigious,motions,auto
rygorystyczny,ADJ,negative,constraining,stringent;stricter,auto
ryzyko,NOUN,negative,uncertainty,risk,manual
ryzykowność,NOUN,negative,uncertainty,riskiness,auto
ryzykowny,ADJ,negative,negative,riskier;riskiest,auto
ryzykowny,NOUN,negative,uncertainty,risky;risked;risking,auto
rzadko,ADV,negative,uncertainty,seldom;seldomly,auto
rzekomo,ADV,negative,negative,allegedly;purportedly;purporting,auto
rzekoć,NOUN,negative,negative,purported,auto
równoznaczny,ADJ,negative,litigious,coterminous,auto
różnica,NOUN,negative,uncertainty,varies,auto
różnić,ADJ,negative,uncertainty,differing,auto
różnić,VERB,negative,uncertainty,differ;differed;differs;vary,auto
sabotaż,NOUN,negative,negative,sabotage,auto
sala,NOUN,negative,litigious,courtroom,auto
satysfakcja,NOUN,positive,positive,satisfaction;satisfy,auto
satysfakcjonujący,ADJ,positive,positive,rewarding;satisfying,auto
sekwestrator,NOUN,negative,litigious,sequestrator,auto
sfałszować,ADJ,negative,negative,falsified,auto
sfrustrować,ADJ,negative,negative,frustrated,auto
silny,ADJ,positive,positive,strong;stronger;strongest,auto
sić,NOUN,negative,negative,force;strength,auto
siła,NOUN,negative,litigious,majeure,auto
skandal,ADV,negative,negative,scandals,auto
skandaliczny,ADJ,negative,negative,egregious;scandalous,auto
skarga,NOUN,negative,negative,complains;grievances,auto
skargać,NOUN,negative,negative,complaint,auto
skarżyć,VERB,negative,negative,complained,auto
skarżący,NOUN,negative,litigious,complainant;complainants,auto
skazaniec,NOUN,negative,negative,convict,auto
skazany,NOUN,negative,negative,convicted;sentenced,auto
skazać,NOUN,negative,negative,taint,auto
skazić,NOUN,negative,negative,tainted,auto
skazywać,ADJ,negative,negative,convicting,auto
skażenie,NOUN,negative,negative,tainting,auto
sklasyfikować,ADJ,negative,negative,misclassified,auto
skomplikowany,ADJ,negative,negative,complicated,auto
skonfiskować,ADJ,negative,negative,confiscated;impounded,auto
skonfliktować,ADJ,negative,negative,conflicted,auto
skonfrontować,ADJ,negative,negative,confronted,auto
skorumpować,ADJ,negative,negative,corrupt;corruptly,auto
skorumpować,NOUN,negative,negative,corruptness,auto
skorzystać,VERB,positive,positive,benefited;benefitted,auto
skraść,ADJ,negative,negative,stolen,auto
skreślić,NOUN,negative,negative,delists,auto
skrzyżowanie,NOUN,negative,uncertainty,crossroad;crossroads,auto
skurcz,NOUN,negative,negative,contraction;shrinkage,auto
skurkać,NOUN,negative,negative,contractions;shrinkages,auto
skuteczny,ADJ,positive,positive,effective;efficient,auto
skwantyfikować,ADJ,negative,uncertainty,unquantified,auto
sojusz,NOUN,positive,positive,alliances,auto
sojuszyć,NOUN,positive,positive,alliance,auto
solidarnie,ADV,negative,litigious,severally,auto
sondować,NOUN,negative,litigious,probating,auto
spadek,NOUN,negative,negative,decline;declines;downturns,manual
spadkobierca,NOUN,negative,litigious,decedents;devisees,auto
spalić,ADJ,negative,negative,burned,auto
spamerzyć,VERB,negative,negative,spammers,auto
spamować,NOUN,negative,negative,spamming,auto
spać,VERB,negative,negative,spam,auto
spektakularny,ADJ,positive,positive,spectacular,auto
spektakularnąć,ADV,positive,positive,spectacularly,auto
spekulacja,NOUN,negative,uncertainty,speculating;speculation;speculations,auto
spekulatywnie,ADV,negative,uncertainty,speculatively,auto
spekulatywny,ADJ,negative,uncertainty,speculative,auto
spekulować,ADJ,negative,uncertainty,speculated,auto
spekulować,VERB,negative,uncertainty,speculate;speculates,auto
spełniać,VERB,positive,positive,satisfies,auto
spełnić,ADJ,negative,negative,unfulfilled,auto
spierać,VERB,negative,negative,argue,auto
spisek,NOUN,negative,negative,conspiracy;conspire;conspired,auto
spiski,NOUN,negative,negative,conspiracies;conspires,auto
spiskować,NOUN,negative,negative,conspiring,auto
spiskowiec,NOUN,negative,negative,conspirators,auto
spiąć,ADJ,negative,negative,tense,auto
spodziewać,ADJ,negative,negative,unsuspected,auto
sporadycznie,ADV,negative,negative,intermittently;sporadically,auto
sporadyczny,ADJ,negative,uncertainty,sporadic,auto
sporność,NOUN,negative,litigious,litigiousness,auto
sporny,ADJ,negative,negative,disputed;contentious;litigated;litigious,auto
spowiedź,NOUN,negative,negative,confessing,auto
spowolnienie,NOUN,negative,negative,downturn;slowdown;slowdowns;slowing,auto
sprawca,NOUN,negative,negative,offender,auto
sprawdzić,ADJ,negative,uncertainty,unproven;untested,auto
sprawiedliwość,NOUN,negative,litigious,justice,auto
sprawnie,ADV,positive,positive,proficiently,auto
sprawozdawczość,NOUN,negative,negative,underreporting,auto
sprawstwo,NOUN,negative,negative,perpetration,auto
sprostować,NOUN,negative,litigious,rectification;rectifications,auto
sprowokować,ADJ,negative,negative,provoked,auto
sprzeciw,NOUN,negative,negative,dissent;objecting;objection;demurrer;demurrers,auto
sprzeciwiać,VERB,negative,negative,oppose;opposes,auto
sprzeciwić,VERB,negative,negative,dissented;objected,auto
sprzeczność,NOUN,negative,negative,contradict;contradicting;contradiction;contradictions,auto
sprzeczny,ADJ,negative,negative,conflicting;contradicted;contradictory,auto
sprzedawca,NOUN,negative,litigious,vendee;vendees,auto
sprzeniewierzać,VERB,negative,negative,misappropriates,auto
sprzeniewierzenie,NOUN,negative,negative,misappropriations,auto
sprzyjać,ADJ,positive,positive,conducive,auto
sprzyjać,VERB,negative,negative,disfavors,auto
spór,NOUN,negative,negative,dispute;disputes;disputing;contending;contention;contentions;litigate;litigates;litigating;litigation;litigations,auto
stabilizacja,NOUN,positive,positive,stabilization,auto
stabilizacć,NOUN,positive,positive,stabilizations,auto
stabilizować,ADJ,negative,negative,unstabilized;stabilizing,auto
stabilizować,VERB,positive,positive,stabilizes,auto
stabilność,NOUN,positive,positive,stability,auto
stabilny,ADJ,positive,positive,stable,auto
stagnacja,NOUN,negative,negative,stagnate;stagnated;stagnating;stagnation,auto
stagnować,VERB,negative,negative,stagnates,auto
standardu,NOUN,negative,negative,substandard,auto
stanowić,ADJ,negative,constraining,stipulating,auto
stanowić,NOUN,negative,litigious,lawmaking;legislating,auto
statut,NOUN,negative,litigious,statute;statutes,auto
stosować,VERB,negative,negative,misapplies,auto
strach,NOUN,negative,negative,fear,auto
strata,NOUN,negative,negative,loss;losses,manual
stres,NOUN,negative,negative,stress,auto
stresować,ADJ,negative,negative,stressful,auto
stwierdzenie,NOUN,negative,negative,misstate;misstates;misstating,auto
stąd,ADV,negative,litigious,herefrom;thence,auto
subdocket,NOUN,negative,litigious,subdocket,auto
sublicencjobiorca,NOUN,negative,litigious,sublicensee,auto
sublicencjodawca,NOUN,negative,litigious,sublicensor,auto
subrogacja,NOUN,negative,litigious,subrogation,auto
subrogować,ADJ,negative,litigious,subrogated,auto
subtrust,NOUN,negative,litigious,subtrust,auto
subtrusta,NOUN,negative,litigious,subtrusts,auto
sufler,NOUN,negative,negative,suffers,auto
sugerować,ADJ,negative,uncertainty,suggested,auto
sugerować,NOUN,negative,uncertainty,suggesting,auto
sugerować,VERB,negative,uncertainty,suggest,auto
sugestia,NOUN,negative,uncertainty,suggests,auto
sukces,NOUN,positive,positive,succeed;succeeds;success;successes,auto
sumienny,ADJ,positive,positive,diligent,auto
supersedeas,NOUN,negative,litigious,supersedeas,auto
surowo,ADV,negative,negative,harshly,auto
surowość,NOUN,negative,negative,harshness,auto
surowy,ADJ,negative,constraining,harsh;strict;strictest,auto
susza,NOUN,negative,negative,droughts,auto
suszać,NOUN,negative,negative,drought,auto
sygnalista,NOUN,negative,litigious,whistleblowers,auto
szczep,NOUN,negative,negative,strains,auto
szczęście,NOUN,positive,positive,happiness,auto
szczęśliwie,ADV,positive,positive,happily,auto
szczęśliwy,ADJ,positive,positive,happiest;happy,auto
szklistość,NOUN,negative,negative,vitiation,auto
szkoda,NOUN,negative,negative,damages;detriments;harms,auto
szkoda,VERB,negative,negative,detriment,auto
szkodliwie,ADV,negative,negative,detrimentally;harmfully,auto
szkodliwy,ADJ,negative,negative,damaging;deleterious;detrimental;harmful;injurious;prejudicial,auto
szkodzić,VERB,negative,negative,vitiate,auto
sztucznie,ADV,negative,negative,artificially,auto
sąd,NOUN,negative,litigious,court;courts;judiciaries,auto
sądownictwo,NOUN,negative,litigious,judiciary,auto
sądownie,ADV,negative,litigious,judicially,auto
sądowy,ADJ,negative,litigious,judicial,auto
sędzia,NOUN,negative,litigious,adjudicators;justices,auto
słabnie,ADV,negative,negative,weakens,auto
słabo,ADV,negative,negative,poorly;weakly,auto
słabość,NOUN,negative,negative,weakness;weaknesses,auto
słabszyć,ADJ,negative,negative,weaker,auto
słaby,ADJ,negative,negative,lackluster;weak;weakest,auto
tajemnic,NOUN,negative,negative,secrecy,auto
tam,ADV,negative,litigious,thereat;therein,auto
terminus,NOUN,negative,litigious,terminus,auto
testamentowy,ADJ,negative,litigious,testamentary,auto
tok,NOUN,negative,uncertainty,pending,auto
tolerancja,NOUN,negative,negative,toleration,auto
tolerować,ADJ,negative,negative,tolerated,auto
tolerować,NOUN,negative,negative,tolerating,auto
tolerować,VERB,negative,negative,tolerate;tolerates,auto
tragedia,ADV,negative,negative,tragedies,auto
tragedia,NOUN,negative,negative,tragedy,auto
tragicznie,ADV,negative,negative,tragically,auto
tragiczny,ADJ,negative,negative,tragic,auto
transfer,NOUN,negative,litigious,transferors,auto
transport,NOUN,negative,litigious,conveyance,auto
traumatyczny,ADJ,negative,negative,traumatic,auto
trud,NOUN,negative,negative,difficultly,auto
truda,NOUN,negative,negative,hardship,auto
trudność,NOUN,negative,negative,difficulties;difficulty;hardships,auto
trudny,ADJ,negative,negative,difficult,auto
trwać,VERB,negative,negative,persisted;persistent;persisting;abiding,auto
turbulencja,NOUN,negative,negative,turbulence,auto
tutaj,ADV,negative,litigious,herefor;herein;hereon,auto
twierdzić,NOUN,negative,negative,alleging;assertions,auto
twierdzić,VERB,negative,negative,allege;contends,auto
tymczasowy,ADJ,negative,litigious,interlocutory,auto
tęsknota,NOUN,negative,negative,miss,auto
tłumić,NOUN,negative,negative,dampened,auto
tłumić,VERB,negative,negative,dampen,auto
ubezpieczyć,ADJ,negative,negative,uninsured,auto
ubezwłasnowolnić,ADJ,negative,negative,incapacitated,auto
uchybienie,NOUN,negative,negative,failings,auto
uchylać,ADJ,negative,negative,abrogating,auto
uchylać,VERB,negative,negative,abrogates;evasion,auto
uchylić,ADJ,negative,litigious,abrogated;overruled,auto
uchylić,NOUN,negative,litigious,abrogation;overruling;rescission,auto
uchylić,VERB,negative,litigious,abrogate;overrule,auto
uciekinier,NOUN,negative,negative,fugitive,auto
uciekinierzyć,VERB,negative,negative,fugitives,auto
ucierpieć,VERB,negative,negative,suffered,auto
uciążliwość,NOUN,negative,negative,nuisance;nuisances,auto
uciążliwy,ADJ,negative,negative,burdensome;cumbersome;onerous,auto
udany,ADJ,positive,positive,succeeding;successful,auto
udać,ADJ,negative,negative,failed;unsuccessful,auto
udać,VERB,positive,positive,succeeded,auto
udokumentować,ADJ,negative,negative,undocumented,auto
udoskonalić,ADJ,positive,positive,perfected,auto
udowodnić,ADJ,negative,uncertainty,unproved,auto
uhonorować,NOUN,positive,positive,honoring,auto
ujawniać,ADJ,negative,negative,disclosing,auto
ujawniać,VERB,negative,negative,disclose;discloses;divulge;divulges;divulging,auto
ujawnić,ADJ,negative,negative,disclosed;divulged;undisclosed,auto
ujednolicić,ADJ,negative,litigious,codified,auto
ukarać,ADJ,negative,negative,penalized;punished,auto
ukierunkować,ADJ,negative,negative,misdirected,auto
ukończyć,ADJ,negative,negative,uncompleted,auto
ukrywać,NOUN,negative,negative,concealing,auto
ukryć,ADJ,negative,negative,concealed;hidden,auto
ulepszenie,NOUN,positive,positive,enhancements;improvements,auto
ulepszyć,ADJ,positive,positive,improved,auto
ulubiić,NOUN,positive,positive,favorite,auto
umieścić,ADJ,negative,negative,misplaced,auto
umniejszać,VERB,negative,negative,detract,auto
umorzyć,NOUN,negative,litigious,remand,auto
umownie,ADV,negative,litigious,contractually,auto
umowny,NOUN,negative,litigious,contractible;contractual,auto
umożliwiać,ADJ,positive,positive,enabling,auto
umożliwiać,VERB,positive,positive,enables,auto
umyślny,ADJ,negative,litigious,wilful;willful,auto
uniemożliwić,ADJ,negative,constraining,prevented,auto
unieważniać,VERB,negative,negative,invalidates;nullifies;vitiates;overrules;rescinds,auto
unieważnienie,NOUN,negative,negative,annul;annulling;annulment;annulments;invalidating;invalidation;nullification;nullifications;nullifying;voiding;rescind;rescinding;rescissions,auto
unieważnić,ADJ,negative,negative,annulled;invalidated;nullified;overturned;voided;rescinded,auto
unieważnić,VERB,negative,negative,invalidate;nullify,auto
uniewinniać,ADJ,negative,negative,acquitting;exculpating;exculpatory;exonerating,auto
uniewinniać,VERB,negative,negative,acquits;exculpates;exonerates,auto
uniewinnić,ADJ,negative,negative,acquitted;exculpated;exonerated,auto
uniewinnić,NOUN,negative,negative,acquit;acquittal;acquittals;exculpation;exculpations;exoneration;exonerations;acquittance,auto
uniewinnić,VERB,negative,negative,exculpate;exonerate,auto
unik,NOUN,negative,negative,evade;evades;evasions,auto
unikać,NOUN,negative,negative,evading,auto
uniknić,ADJ,negative,negative,inevitable;unavoidable,auto
uniknąć,ADJ,negative,negative,evaded,auto
upadek,NOUN,negative,negative,collapse;collapsing;demise;demises;demising;fallout,auto
uporządkować,ADJ,negative,negative,disorderly,auto
upoważniać,VERB,positive,positive,empowers,auto
upośledzać,ADJ,negative,negative,impairing,auto
upośledzać,VERB,negative,negative,impairs,auto
upośledzenie,NOUN,negative,negative,impairments,auto
upośledzony,ADJ,negative,negative,disadvantaged,auto
uprawnienie,NOUN,negative,constraining,empower;permissions,auto
uprawomocnić,ADJ,negative,litigious,probated,auto
uprzedzenie,NOUN,negative,negative,prejudice;prejudices;prejudicing,auto
uprzedzić,ADJ,negative,negative,prejudiced,auto
uprzeć,VERB,positive,positive,courteous,auto
uprzywilejowany,ADJ,negative,litigious,advantaged;beneficiated,auto
upuścić,ADJ,negative,negative,dropped,auto
upływa,NOUN,negative,negative,lapse,auto
urazyć,NOUN,negative,negative,injures;injuries;injury,auto
usprawiedliwić,ADJ,negative,negative,unexcused,auto
ustabilizować,ADJ,positive,positive,stabilized,auto
ustabilizować,VERB,positive,positive,stabilize,auto
ustanowić,ADJ,negative,litigious,legislated,auto
ustawienie,NOUN,negative,constraining,preset,auto
ustawodawca,NOUN,negative,litigious,legislators;legislature,auto
ustawodawstwo,NOUN,negative,litigious,legislation,auto
ustawowo,ADV,negative,litigious,statutorily,auto
ustawowy,ADJ,negative,litigious,statutory,auto
ustać,VERB,negative,negative,ceases,auto
usterka,NOUN,negative,negative,faults,auto
usunąć,ADJ,negative,litigious,delist;remised,auto
usunąć,NOUN,negative,negative,delisting,auto
uszczuplenie,NOUN,negative,negative,depletions,auto
uszkodzić,ADJ,negative,negative,corrupted;damaged;faulted,auto
uszkodzić,NOUN,negative,negative,breakages;damage,auto
utracić,ADJ,negative,negative,forfeited;lost,auto
utrata,NOUN,negative,negative,impair;impairment,auto
utratać,NOUN,negative,negative,losing,auto
utrudniać,ADJ,negative,negative,hindering;obstructing,auto
utrudniać,NOUN,negative,negative,hampering,auto
utrudniać,VERB,negative,negative,impede;impedes,auto
utrudnienie,NOUN,negative,negative,impeding,auto
utrudniony,ADJ,negative,negative,hampered;hindered;impeded,auto
utrzymanie,NOUN,negative,negative,untenable,auto
utrzymać,ADJ,negative,negative,contended,auto
utrzymywać,ADJ,negative,negative,lingering,auto
utrzymywać,VERB,negative,negative,contend;persist;persists,auto
utylizacjać,NOUN,negative,negative,dispose,auto
uważać,ADJ,negative,uncertainty,believed,auto
uwięzić,ADJ,negative,negative,incarcerated;incarcerates,auto
uwięzić,NOUN,negative,negative,incarcerating;incarceration;incarcerations,auto
uwięzić,VERB,negative,negative,incarcerate,auto
uwłaczać,ADJ,negative,negative,derogatory,auto
uzasadnić,ADJ,negative,negative,justifiable,auto
uzgodnić,ADJ,negative,uncertainty,unreconciled,auto
uznany,ADJ,positive,positive,acclaimed,auto
uzupełnić,ADJ,negative,litigious,refiled;repledged,auto
uzurpacjać,NOUN,negative,negative,usurp;usurping;usurpation,auto
uzurpacć,NOUN,negative,negative,usurps,auto
uzurpować,ADJ,negative,negative,usurped,auto
uzyskać,ADJ,positive,positive,gained,auto
viaticalić,NOUN,negative,litigious,viatical,auto
voidable,ADV,negative,litigious,voidable,auto
wada,NOUN,negative,negative,defects;disadvantages;drawbacks;flaws,auto
wadać,VERB,negative,negative,defect;disadvantage;drawback;flaw,auto
wadliwie,ADV,negative,litigious,defectively,auto
wadliwy,ADJ,negative,negative,defective;faulty;flawed,auto
waga,NOUN,negative,negative,deadweights,auto
wahanie,NOUN,negative,uncertainty,fluctuations,auto
wahać,VERB,negative,uncertainty,fluctuate;fluctuated;fluctuates,auto
wandalizm,NOUN,negative,negative,vandalism,auto
wariacja,NOUN,negative,uncertainty,variation,auto
wariancja,NOUN,negative,uncertainty,variance;variances,auto
wariant,NOUN,negative,uncertainty,variant;variants,auto
wartościowy,ADJ,positive,positive,valuable,auto
warunki,NOUN,negative,constraining,precondition;preconditions,auto
warunkowo,ADV,negative,uncertainty,conditionally;contingently,auto
warunkowy,ADJ,negative,uncertainty,conditional;contingent,auto
wdrożyć,ADJ,negative,litigious,impleaded,auto
werdykta,NOUN,negative,negative,verdict;verdicts,auto
wezwać,ADJ,negative,negative,summoned,auto
wezwać,NOUN,negative,negative,subpoena;subpoenaed;subpoenas;summons;summonses,auto
widok,NOUN,negative,negative,overlooking;overlooks,auto
wielkość,NOUN,positive,positive,greatness,auto
wierzyć,ADJ,negative,uncertainty,believing,auto
wierzyć,VERB,negative,uncertainty,believe;believes,auto
winien,VERB,negative,negative,guilty,auto
witalizuć,ADJ,negative,negative,vitiating,auto
wkraczać,ADJ,negative,negative,encroaching,auto
wkraczać,VERB,negative,negative,encroach;encroaches,auto
wnikliwy,ADJ,positive,positive,insightful,auto
wnioskodawca,NOUN,negative,litigious,requester;requestor,auto
wolniejszyć,ADJ,negative,negative,slower,auto
wolny,ADJ,negative,negative,slowest,auto
wotum,NOUN,negative,negative,censure,auto
wplątać,ADJ,negative,negative,implicated,auto
wprowadzać,NOUN,negative,negative,misrepresentations;misrepresenting,auto
wpływowy,ADJ,positive,positive,influential,auto
wrażenie,NOUN,positive,positive,impressed,auto
wrażliwie,ADV,negative,negative,vulnerably,auto
wrażliwy,ADJ,negative,negative,vulnerable,auto
wrogość,NOUN,negative,negative,hostility,auto
wróg,NOUN,negative,negative,hostile;inimical,auto
wskazać,ADJ,negative,negative,inadvisable,auto
współoskarżenić,ADJ,negative,litigious,codefendants,auto
współoskarżony,ADJ,negative,litigious,codefendant,auto
współpraca,NOUN,positive,positive,collaborating;collaboration;collaborations,manual
współpracować,ADJ,positive,positive,collaborative,auto
współpracować,VERB,positive,positive,collaborate;collaborated;collaborates,auto
współpracownik,NOUN,positive,positive,collaborator;collaborators,auto
wstawiać,NOUN,negative,litigious,interposing,auto
wstawiać,VERB,negative,litigious,interposes,auto
wstępać,NOUN,negative,litigious,admission;admissions,auto
wstępnie,ADV,negative,uncertainty,preliminarily;tentatively,auto
wstępny,ADJ,negative,uncertainty,preliminary;tentative,auto
wstępować,ADJ,negative,litigious,ascendant;ascendants,auto
wszechobecnie,ADV,negative,negative,pervasively,auto
wszechobecność,NOUN,negative,negative,pervasiveness,auto
wszechobecny,ADJ,negative,negative,pervasive,auto
wszechstronien,VERB,positive,positive,versatile,auto
wszechstronność,NOUN,positive,positive,versatility,auto
wtargnąć,ADV,negative,negative,encroachment;intrusion,auto
wtrącony,ADJ,negative,litigious,interposed,auto
wyalienować,ADJ,negative,negative,alienated,auto
wybitny,ADJ,positive,positive,preeminent,auto
wyburzać,NOUN,negative,negative,demolishing,auto
wyburzać,VERB,negative,negative,demolishes,auto
wyburzyć,NOUN,negative,negative,demolitions,auto
wyburzyć,VERB,negative,negative,demolish,auto
wyciąć,ADJ,negative,litigious,excised,auto
wycofać,NOUN,negative,negative,clawback;recall;clawbacks,auto
wyczerpać,ADJ,negative,negative,depleted,auto
wyczerpać,NOUN,negative,negative,depletion,auto
wyczerpać,VERB,negative,negative,deplete,auto
wyczerpować,VERB,negative,negative,depletes,auto
wyczerpujący,ADJ,negative,negative,depleting,auto
wydalenie,NOUN,negative,negative,expulsion;expulsions,auto
wydawać,VERB,negative,uncertainty,seems,auto
wygasnąć,VERB,negative,negative,lapsed,auto
wygładzać,NOUN,positive,positive,smoothing,auto
wygładzać,VERB,positive,positive,smooths,auto
wyjaśnić,NOUN,negative,uncertainty,clarification;clarifications,auto
wyjątkowo,ADV,positive,positive,exceptionally,auto
wyjątkowy,ADJ,positive,positive,exceptional,auto
wykluczać,ADJ,negative,negative,precluding,auto
wykluczać,VERB,negative,negative,preclude;precludes,auto
wykluczyć,ADJ,negative,negative,debarred;delisted;forestalled;precluded,auto
wykluczyć,NOUN,negative,negative,debarment;debarments;foreclosure,auto
wykonalność,NOUN,negative,litigious,enforceability,auto
wykonalny,ADJ,negative,litigious,enforceable,auto
wykonawca,NOUN,negative,litigious,executors;executrixes,auto
wykonawcać,NOUN,negative,litigious,executor,auto
wykonawczeć,VERB,negative,litigious,executory,auto
wykonawczynić,NOUN,negative,litigious,executrix,auto
wykonać,ADJ,negative,negative,unperformed,auto
wykorzystać,ADJ,negative,negative,underutilized,auto
wykorzystać,VERB,negative,negative,exploit,auto
wykorzystywać,ADJ,negative,negative,exploited,auto
wykorzystywać,NOUN,negative,negative,exploiting,auto
wykroczenie,NOUN,negative,negative,infraction;infractions;misdemeanor;misdemeanors;wrongdoing;wrongdoings;offense,auto
wymagać,NOUN,negative,constraining,challenging;necessitating;requirements;requiring,auto
wymienić,ADJ,negative,litigious,abovementioned;aforesaid,auto
wymijać,ADJ,negative,negative,evasive,auto
wymuszać,NOUN,negative,negative,forcing,auto
wymuszać,VERB,negative,negative,coerce;coerces,auto
wymuszyć,ADJ,negative,negative,coerced;forced,auto
wymyślać,VERB,positive,positive,invent,auto
wymyślić,ADJ,positive,positive,invented,auto
wynalazca,ADJ,positive,positive,inventors,auto
wynalazcać,VERB,positive,positive,inventor,auto
wynalazek,NOUN,positive,positive,inventing;invention;inventions,auto
wyobrażalny,ADJ,negative,uncertainty,conceivable,auto
wyolbrzymienie,NOUN,negative,negative,overstatement,auto
wypadek,NOUN,negative,negative,accident;accidents,auto
wypalać,NOUN,negative,negative,firing,auto
wypierać,NOUN,negative,negative,displacing,auto
wypierać,VERB,negative,negative,displace;displaces,auto
wyprodukować,ADJ,negative,negative,underproduced,auto
wyprzedzać,VERB,negative,litigious,predecease;predeceases,auto
wyprzeć,NOUN,negative,negative,disavowal,auto
wypłacalność,NOUN,negative,negative,solvencies;solvency,auto
wyraźnie,ADV,positive,positive,distinctively,auto
wyrok,NOUN,negative,negative,convictions;sentencing;postjudgment,auto
wyrozumiać,VERB,negative,litigious,forbear;forbearing,auto
wyrozumiałość,NOUN,negative,litigious,forbearance;forbearances;forebearance,auto
wyrzec,ADJ,negative,negative,renounced,auto
wyrzucać,VERB,negative,negative,disgorges,auto
wyrzucić,ADJ,negative,negative,disgorged,auto
wyrzucić,NOUN,negative,litigious,ejectment,auto
wyróżniać,VERB,positive,positive,excels,auto
wyróżnienie,NOUN,positive,positive,distinction;honors,auto
wyróżnić,ADJ,positive,positive,honored,auto
wysięgnik,NOUN,positive,positive,boom,auto
występować,NOUN,negative,negative,incidence,auto
wytrwale,ADV,negative,negative,persistently,auto
wytrwałość,NOUN,negative,negative,persistence,auto
wytrącić,ADJ,negative,negative,precipitated,auto
wywłaszczać,ADJ,negative,litigious,expropriating;dispossessory,auto
wywłaszczyć,ADJ,negative,negative,dispossessed;expropriated,auto
wywłaszczyć,NOUN,negative,negative,dispossess;dispossessing;expropriation;expropriations;dispossession,auto
wywłaszczyć,VERB,negative,negative,expropriate,auto
wyznaczyć,ADJ,negative,uncertainty,undesignated,auto
wyznanie,NOUN,negative,negative,confession,auto
wyznawać,VERB,negative,negative,confesses,auto
wyzwanie,NOUN,negative,negative,challenge;challenges,auto
wyzyskuć,ADJ,negative,negative,exploitative,auto
wyłącznie,ADV,positive,positive,exclusively,auto
wyłączność,NOUN,positive,positive,exclusiveness;exclusivity,auto
wyłączyć,NOUN,negative,negative,disallowance;disallowances;disclaimer;shutdown;shutdowns,auto
wyśmiewać,ADJ,negative,negative,ridiculed,auto
wyśmiewać,NOUN,negative,negative,ridiculing,auto
wzbogacać,NOUN,negative,litigious,beneficiation,auto
wzmacniać,VERB,positive,positive,strengthens,auto
wzmocnić,ADJ,positive,positive,bolstered;boosted;empowered;enhanced;strengthened,auto
wzmocnić,NOUN,positive,positive,bolstering;empowering;enhance;enhancement;enhances;enhancing;strengthen;strengthening,auto
wzorowy,ADJ,positive,positive,exemplary,auto
wzrost,NOUN,positive,positive,boost;upturn,manual
wzruszalny,ADJ,negative,litigious,rebuttable,auto
wątpić,VERB,negative,negative,doubted,auto
wątpliwie,ADV,negative,negative,questionably,auto
wątpliwość,NOUN,negative,negative,doubt;doubts,auto
wątpliwy,ADJ,negative,negative,doubtful;questionable,auto
właściciel,NOUN,negative,litigious,patentee,auto
włóczęgać,VERB,negative,uncertainty,vaguer,auto
włączyć,ADJ,positive,positive,enabled,auto
włączyć,VERB,positive,positive,enable,auto
zaalarmować,ADJ,negative,negative,alerted,auto
zaangażować,ADJ,negative,constraining,committed,auto
zaatakować,ADJ,negative,negative,assaulted,auto
zaawansować,ADJ,positive,positive,progressed,auto
zabezpieczyć,ADJ,negative,uncertainty,unhedged,auto
zablokować,ADJ,negative,negative,mothballed;obstructed,auto
zabrać,VERB,negative,negative,forbids,auto
zabronić,ADJ,negative,constraining,forbidden;forbade;prohibited,auto
zabronić,VERB,negative,negative,forbid,auto
zachwycająco,ADV,positive,positive,delightfully,auto
zachwycać,ADJ,positive,positive,delightful;delighting,auto
zachwycić,ADJ,positive,positive,delighted,auto
zachęcać,ADJ,positive,positive,encouraged;encouraging,auto
zachęcać,VERB,positive,positive,encourages,auto
zachętać,ADJ,positive,positive,encouragement,auto
zadać,ADJ,negative,negative,inflicted,auto
zadeklarować,ADJ,negative,constraining,pledged,auto
zadekretować,ADJ,negative,litigious,decreed,auto
zadokować,ADJ,negative,litigious,docketed,auto
zadowalająco,ADV,positive,positive,satisfactorily,auto
zadowalać,ADJ,negative,negative,unsatisfactory;satisfactory,auto
zadowolony,ADJ,positive,positive,pleased;satisfied,auto
zadośćuczynienie,NOUN,negative,negative,redress;redresses;redressing;reparation,auto
zadłużyć,ADJ,negative,constraining,indebted,auto
zafałszować,ADJ,negative,negative,adulterated,auto
zafałszować,NOUN,negative,negative,adulterations,auto
zagrażać,ADJ,negative,negative,endangering,auto
zagrozić,ADJ,negative,negative,endangered;jeopardized;nonperforming;threatened,auto
zagrozić,VERB,negative,negative,jeopardize,auto
zagrożenie,NOUN,negative,negative,endanger;endangerment;endangers;hazard;hazards;threat;threatens;threats;risks,auto
zahamować,ADJ,negative,negative,inhibited,auto
zainteresowany,ADJ,negative,negative,concerned,auto
zajmować,VERB,negative,negative,seizes,auto
zająć,ADJ,negative,negative,seized,auto
zająć,NOUN,negative,negative,seizing,auto
zakaz,NOUN,negative,constraining,prohibition,auto
zakazać,ADJ,negative,negative,barred,auto
zakazać,VERB,negative,constraining,prohibit,auto
zakazywać,ADJ,negative,constraining,forbidding;prohibiting;prohibitory,auto
zakazywać,VERB,negative,constraining,prohibits,auto
zakazyć,NOUN,negative,constraining,bans;prohibitions,auto
zakleszczenie,NOUN,negative,negative,deadlocks,auto
zakontraktować,ADJ,negative,litigious,contracted,auto
zakorzenić,ADJ,negative,constraining,entrenched,auto
zakończyć,ADJ,negative,litigious,terminated;terminable,auto
zakończyć,VERB,negative,negative,terminate,auto
zakwestionować,ADJ,negative,negative,challenged,auto
zakładalny,ADJ,negative,litigious,assumable,auto
zakłopotany,ADJ,negative,negative,embarrassed,auto
zakłócać,ADJ,negative,negative,disrupting,auto
zakłócać,NOUN,negative,negative,disrupts,auto
zakłócać,VERB,negative,negative,disrupt,auto
zakłócić,ADJ,negative,negative,disrupted;disturbed;interfered,auto
zakłócić,NOUN,negative,negative,disruption;disruptions;distortions;disturbance;disturbances;interferences,auto
zalec,VERB,negative,negative,overdue,auto
zalegalizować,ADJ,negative,litigious,legalized,auto
zalegalizować,VERB,negative,litigious,legalize,auto
zaległość,NOUN,negative,negative,arrearage;arrearages;arrears;delinquencies,auto
zalesić,ADJ,negative,litigious,aforestated,auto
zamieszać,NOUN,negative,negative,confusion;turmoil,auto
zamknięcie,NOUN,negative,negative,closeout;closeouts;closing;closings;closure;closures;confinement;shut;shuts;shutting;postclosing;postclosure,auto
zamknięty,ADJ,negative,negative,closed;foreclosed,auto
zamknąć,VERB,negative,negative,foreclose,auto
zamykać,VERB,negative,negative,forecloses,auto
zaniechać,NOUN,negative,negative,abandonments;omissions,auto
zaniechać,VERB,negative,litigious,omission;desist,auto
zanieczyścić,ADJ,negative,negative,vitiated,auto
zaniedbanie,ADV,negative,negative,dereliction;neglect;neglecting;negligence;negligent,auto
zaniedbanie,NOUN,negative,negative,neglects;negligences,auto
zaniedbany,ADJ,negative,negative,neglected,auto
zaniżać,VERB,negative,negative,understates;understating,auto
zaniżyć,ADJ,negative,negative,understate,auto
zaostrzać,ADJ,negative,negative,exacerbating,auto
zaostrzać,VERB,negative,negative,exacerbate;exacerbates,auto
zaostrzenie,NOUN,negative,negative,aggravations;exacerbation;exacerbations,auto
zaostrzyć,ADJ,negative,negative,aggravated;exacerbated,auto
zapadać,VERB,negative,negative,collapses,auto
zapewniać,VERB,positive,positive,assures,auto
zapewnić,ADJ,positive,positive,assured,auto
zapewnić,NOUN,positive,positive,assure;assuring,auto
zapisobierce,NOUN,negative,litigious,legatee,auto
zapobiegawczeć,VERB,negative,uncertainty,precautionary,auto
zapobiegać,VERB,negative,negative,forestall;forestalling;preventing;prevention;prevents;prevent,auto
zaporowo,ADV,negative,constraining,prohibitively,auto
zaporowy,ADJ,negative,constraining,prohibitive,auto
zapowiedzieć,ADJ,negative,negative,unannounced,auto
zapośredniczyć,ADJ,negative,litigious,mediated,auto
zaprzeczać,VERB,negative,negative,contradicts;denies;demurs,auto
zaprzeczyć,ADJ,negative,negative,denied,auto
zaprzeczyć,NOUN,negative,negative,denial;deny;denying,auto
zaprzeczyć,VERB,negative,litigious,demurred,auto
zaprzestacić,VERB,negative,negative,cease,auto
zaprzestany,ADJ,negative,negative,ceased,auto
zaprzestawać,VERB,negative,negative,discontinues,auto
zaprzestać,VERB,negative,negative,ceasing;discontinuing,auto
zapytać,VERB,negative,negative,inquiry,auto
zaradzić,VERB,negative,litigious,remediate,auto
zarzut,NOUN,negative,negative,allegation;allegations;alleges;plea;pleas,auto
zarządzanie,NOUN,negative,negative,mismanage;mismanaging,auto
zarządzać,VERB,negative,negative,mismanages,auto
zaskarżalny,ADJ,negative,negative,indictable,auto
zastawca,NOUN,negative,litigious,pledgors,auto
zastawcać,NOUN,negative,litigious,pledgor,auto
zastawić,ADJ,negative,negative,pled,auto
zastawić,NOUN,negative,litigious,pledgee,auto
zastawnik,NOUN,negative,litigious,lienholders;pledgees,auto
zastać,NOUN,negative,negative,stagnant;standstill,auto
zastosować,ADJ,negative,negative,misapplied,auto
zastraszać,NOUN,negative,negative,intimidation,auto
zastrzeżenie,NOUN,negative,negative,disclaimers;objectionable;objectionably;objections;unqualified;proviso;provisoes;provisos;stipulation,auto
zastąpić,ADJ,negative,litigious,superseded,auto
zastąpić,VERB,negative,litigious,supersede,auto
zastępować,ADJ,negative,litigious,superseding,auto
zastępować,VERB,negative,litigious,supersedes,auto
zasądzyć,ADJ,negative,litigious,adjudged,auto
zasłużony,ADJ,positive,positive,meritorious,auto
zatrzymać,ADJ,negative,negative,detained;halted;stopped;unstayed,auto
zatrzymać,NOUN,negative,negative,detain;detention;detentions;halt;stoppage;stopping;detainer,auto
zatwierdzić,ADJ,negative,negative,condoned;unapproved,auto
zaufanie,NOUN,negative,negative,disreputable,auto
zaufać,ADJ,negative,negative,untrusted,auto
zawalić,ADJ,negative,negative,collapsed,auto
zawetować,ADJ,negative,negative,vetoed,auto
zawiasa,NOUN,negative,uncertainty,hinges,auto
zawiesić,ADJ,negative,negative,suspended,auto
zawiesić,NOUN,negative,negative,suspensions,auto
zawieszać,VERB,negative,negative,suspends,auto
zawieszenie,NOUN,negative,negative,suspend;suspending;suspension;abeyance,auto
zawieść,VERB,negative,negative,fail,auto
zawinienie,NOUN,negative,negative,culpability,auto
zawinić,ADJ,negative,negative,culpable;culpably,auto
zawodny,ADJ,negative,negative,unreliable,auto
zawrzeć,ADJ,negative,constraining,covenanted,auto
zawstydzać,VERB,negative,negative,embarrass;embarrasses,auto
zawyżać,VERB,negative,negative,overstate;overstatements;overstates;overstating,auto
zawyżyć,ADJ,negative,negative,overstated,auto
założenie,NOUN,negative,uncertainty,assumption;assumptions,auto
założyć,ADJ,negative,uncertainty,assumed,auto
zaświadczenie,NOUN,negative,litigious,attest;attestation;attestations,auto
zażalenie,NOUN,negative,negative,grievance,auto
zażenowanie,NOUN,negative,negative,embarrassment;embarrassments,auto
zbadać,VERB,negative,negative,investigate,auto
zbankrutować,ADJ,negative,negative,bankrupted,auto
zbliżać,ADJ,negative,negative,impending,auto
zbojkotować,ADJ,negative,negative,boycotted,auto
zbrodniczyć,NOUN,negative,negative,felonious,auto
zburzyć,ADJ,negative,negative,demolished,auto
zbyt,ADJ,negative,negative,divested,auto
zbywać,VERB,negative,negative,divests,auto
zbyć,NOUN,negative,negative,divesting;divestiture;divestitures,auto
zbyć,VERB,negative,negative,divest,auto
zdatność,NOUN,negative,litigious,arbitrability,auto
zdecentralizować,ADJ,negative,negative,devolved,auto
zdecydować,ADJ,negative,uncertainty,undecided,auto
zdefiniować,ADJ,negative,uncertainty,undefined,auto
zdefraudować,ADJ,negative,negative,embezzled,auto
zdegradować,ADJ,negative,negative,degraded;demoted,auto
zdenerwować,ADJ,negative,negative,upset,auto
zdeponować,ADJ,negative,litigious,deposed,auto
zdestabilizować,ADJ,negative,negative,destabilized,auto
zdewaluować,ADJ,negative,negative,devalued,auto
zdezawuować,ADJ,negative,negative,disavowed,auto
zdezorientować,ADJ,negative,negative,confused,auto
zdolny,ADJ,positive,positive,able,auto
zdruzgotać,ADJ,negative,negative,devastated,auto
zdyskredytować,ADJ,negative,negative,discredited;disparaged,auto
zdyskwalifikować,ADJ,negative,negative,disqualified,auto
zemrzeć,VERB,negative,litigious,deceased;decedent;predeceased,auto
zerwać,NOUN,negative,negative,breaking,auto
zestresować,ADJ,negative,negative,stressed,auto
zeznanie,NOUN,negative,litigious,depositions,auto
zeznawać,ADJ,negative,negative,testifying,auto
zeznawać,VERB,negative,negative,testify,auto
zezwalać,VERB,negative,negative,disallow;disallows,auto
zezwolenie,NOUN,negative,constraining,permittee;permitting,auto
zgadzać,VERB,negative,negative,disagree;disagrees,auto
zgoda,NOUN,negative,litigious,consent;consented;consenting;consents,auto
zgodność,NOUN,negative,litigious,lawfulness,auto
zgodny,ADJ,negative,constraining,comply,auto
zgłaszać,ADJ,negative,litigious,declarant,auto
zgłoszenie,NOUN,negative,litigious,refiling,auto
zgłoszyć,ADJ,negative,negative,unreported,auto
zhańbić,ADJ,negative,negative,dishonored,auto
zidentyfikować,ADJ,negative,uncertainty,unidentified,auto
zidentyfikować,NOUN,negative,uncertainty,unidentifiable,auto
zinterpretować,ADJ,negative,negative,misinterpreted,auto
zirytowany,ADJ,negative,negative,annoyed,auto
zlikwidować,ADJ,negative,negative,demised;liquidated;unliquidated,auto
zmarnować,ADJ,negative,negative,wasted,auto
zmartwić,NOUN,negative,negative,worries;worry,auto
zmieniać,ADJ,negative,litigious,amendatory;amending,auto
zmienien,VERB,negative,uncertainty,fluctuating;variable;amendable,auto
zmienić,ADJ,negative,litigious,amended,auto
zmiennie,ADV,negative,uncertainty,variably,auto
zmienność,NOUN,negative,uncertainty,volatility;variability;volatilities,auto
zmienny,ADJ,negative,uncertainty,variables,auto
zmniejszać,VERB,negative,negative,diminish;diminishes,auto
zmniejszyć,ADJ,negative,negative,diminished;downsized,auto
zmniejszyć,NOUN,negative,negative,diminution,auto
zmonopolizować,ADJ,negative,negative,monopolized,auto
zmować,NOUN,negative,negative,collude;colluded;colluding;collusion;collusive,auto
zmowy,NOUN,negative,negative,colludes;collusions,auto
zmusić,ADJ,negative,constraining,compelled,auto
zmuszać,VERB,negative,constraining,compel;compels,auto
znacznie,ADV,positive,positive,greatly,auto
znajomość,NOUN,negative,litigious,acquittances,auto
znak,NOUN,negative,constraining,earmarks,auto
zniechęcać,ADJ,negative,negative,detracting;discouraging,auto
zniechęcać,VERB,negative,negative,discourage;discourages,auto
zniechęcić,ADJ,negative,negative,deterred;discouraged,auto
zniekształcać,ADJ,negative,negative,distorting,auto
zniekształcać,VERB,negative,negative,distorts,auto
zniekształcić,ADJ,negative,negative,distorted,auto
zniekształcić,NOUN,negative,negative,distort;distortion,auto
zniesienie,NOUN,negative,negative,abolishing,auto
zniesławiać,ADJ,negative,litigious,defamatory;libelous,auto
zniesławiać,VERB,negative,negative,defames,auto
zniesławić,ADJ,negative,litigious,defamed;libeled,auto
zniesławić,NOUN,negative,negative,defamation;defamations;defame;defaming;libel,auto
zniewalać,ADJ,negative,constraining,compelling,auto
znieść,ADJ,negative,negative,abolished,auto
znieść,VERB,negative,negative,abolish,auto
znikać,ADJ,negative,negative,disappearing,auto
znikać,VERB,negative,negative,disappears,auto
zniknąć,NOUN,negative,negative,disappearance;disappearances,auto
zniknąć,VERB,negative,negative,disappear;disappeared,auto
zniszczyć,ADJ,negative,negative,defaced;destroyed,auto
zniszczyć,NOUN,negative,negative,deface;destruction;devastation,auto
zniszczyć,VERB,negative,negative,destroy;devastate,auto
znosić,VERB,negative,negative,abolishes,auto
zobowiązać,ADJ,negative,constraining,obligee;obligate;obligated;obliged,auto
zobowiązywać,ADJ,negative,constraining,obligees;obligating,auto
zobowiązywać,VERB,negative,constraining,obligates;oblige;obliges,auto
zracjonalizować,ADJ,negative,negative,rationalized,auto
zranić,ADJ,negative,negative,hurt,auto
zranić,NOUN,negative,negative,hurting;injuring,auto
zranić,VERB,negative,negative,injure,auto
zredagować,ADJ,negative,negative,redacted,auto
zredukować,ADJ,negative,negative,redressed,auto
zrestrukturyzować,ADJ,negative,negative,restructured,auto
zrewidować,VERB,negative,uncertainty,revise,auto
zrewolucjonizować,ADJ,positive,positive,revolutionized,auto
zrewolucjonizować,VERB,positive,positive,revolutionize,auto
zrezygnować,ADJ,negative,negative,resigned,auto
zrezygnować,VERB,negative,negative,abandon;forego;resign;recuse,auto
zrozumieć,ADJ,negative,negative,misunderstood,auto
zrzec,VERB,negative,negative,disavow;relinquish;renounce,auto
zrzeczenie,NOUN,negative,negative,disclaim;disclaiming;relinquishing;relinquishment;relinquishments;renouncement;renouncements;renouncing,auto
zrzeczyć,ADJ,negative,negative,relinquished,auto
zrzekać,VERB,negative,negative,disavows;disclaims;relinquishes;renounces,auto
zróżnicowanie,NOUN,negative,uncertainty,varying,auto
zróżnicować,ADJ,negative,uncertainty,varied,auto
zszokować,ADJ,negative,negative,shocked,auto
zwalnia,NOUN,negative,litigious,indemnifies,auto
zwalniać,NOUN,negative,negative,dismisses,auto
zwodniczo,ADV,negative,negative,deceptively,auto
zwodniczyć,VERB,negative,negative,deceiving;deceptive,auto
zwolnienie,NOUN,negative,negative,dismiss;dismissal;dismissals;dismissing;layoff;layoffs;probation;releasees,auto
zwolnić,ADJ,negative,negative,dismissed;fired;slowed,auto
zwrotny,ADJ,negative,litigious,recoupable,auto
zwrócić,ADJ,negative,negative,unreimbursed,auto
zwycięski,NOUN,positive,positive,winning,auto
zwycięstwo,NOUN,positive,positive,win,auto
zwycięzca,NOUN,positive,positive,winner;winners,auto
zwykle,ADV,negative,uncertainty,ordinarily,auto
zysk,NOUN,positive,positive,gain;gains;profitably,manual
zyskiwać,NOUN,positive,positive,gaining,auto
złamać,ADJ,negative,negative,broken,auto
złośliwie,ADV,negative,negative,maliciously,auto
złośliwość,NOUN,negative,negative,malice;mischief,auto
złośliwy,ADJ,negative,negative,malicious,auto
zły,ADJ,negative,negative,worst,auto
łagodzić,ADJ,negative,negative,extenuating,auto
łagodzić,NOUN,negative,negative,easing,auto
łapówka,NOUN,negative,negative,bribe;briberies;bribes;kickbacks,auto
łatwiejszyć,ADJ,positive,positive,easier,auto
łatwo,ADV,positive,positive,easily,auto
łatwo,NOUN,positive,positive,easy,auto
ława,NOUN,negative,litigious,juries,auto
ławnik,NOUN,negative,litigious,jurors,auto
łącznik,NOUN,negative,litigious,joinder,auto
ścierać,NOUN,negative,negative,attrition,auto
ścigać,ADJ,negative,negative,prosecuted,auto
ścigać,NOUN,negative,negative,prosecuting;prosecution,auto
ścigać,VERB,negative,negative,prosecute;prosecutes,auto
ściśle,ADV,negative,constraining,strictly,auto
śmiertelnie,ADV,negative,negative,fatally,auto
śmiertelność,NOUN,negative,negative,fatality,auto
świadectwo,NOUN,negative,litigious,testimony,auto
świadek,NOUN,negative,litigious,witness;witnesses,auto
świadomie,ADV,negative,negative,knowingly;willfully,auto
świetny,ADJ,positive,positive,great,auto
źć,VERB,negative,negative,bad,auto
żywiołowość,NOUN,positive,positive,vibrancy,auto
żywy,ADJ,positive,positive,vibrant,auto
