"article_id","cluster"
"000bd2739ebc45aa199fd9c1fac22da6",1
"00160ad0aa8b41bc5544acf7a011f8c2",1
"001bf8f68446287e0ee1cb4e508bd1ba",1
"0027c408c3b2cf92f17738690a2dd8ab",1
"002a89d9b592b050af88c2e46560a18d",1
"002f84850a922ef2839f57f778479eaa",1
"004e0185cfda2af443300e907e142f50",1
"004ee93678eccd61c24cbd0266cfa15a",5
"00511f985868f0777b4711700e6353b2",5
"005d8a7edb5220957682ed5b3e90755b",1
"005f6d864082a2c0ba4ed10e42f881d5",6
"005f709ce3604aa4c32244f1010b61f2",1
"00618b1060c7920f462335b1c09c5cf1",1
"00662d745229b74a231da85cdf8cd1a8",6
"00664ddf5a4876efb6a7684670b615c1",4
"006abebe09452c6a5a79da5c0ee1ab30",2
"006bce247cf87de1374323b4f6afdaf9",1
"00718a712465883f9b758c0e3e581146",6
"0074e42b26750ad87913c52597698d7f",1
"0075aeefea870bd0651e5cd9ce2342ff",4
"0079848d905c66c44a92e077f9ab4466",1
"00807438ed57c18b0bf21d2e86dff328",6
"0082142bae47cc60fb9a284cfa7a7900",1
"0085cdab5a6163be905674fa5f156d90",6
"008ce6ee8efdc230c450eacf91472ec8",1
"008e7c69e298606b74bb0d1e90a1dc44",1
"008f6beecd5f67d6f4fdd356855fb2da",1
"0091ec92c48c7bc7544df0b099e3f516",1
"0097990a4f4d4ab9db09f4e137065e17",1
"00af1dae8572d8d341880705bc32e0f5",1
"00b0680fc2e289d88ade8ebd4f52ae6f",1
"00c935f1e20a5f029f5bfed6cf2673b6",4
"00c9e08ffcbe9effdf86a2f22d18fc6f",1
"00d35c5ae1651dc7feec46d77398f7bf",1
"00d3e993115ce054b67ad7f0fdeec3ee",1
"00dcff0be1563b5b35569bb5a48a09cf",3
"00e83c85cf458619ff0bebf85ad63644",1
"00e876c496fde5eb4dedc2751e8db159",1
"00ebd99cbfa1e2785bfc71a426191bc5",6
"00f0ca6b74aa48fea82e92b3e71984bb",1
"00f0df615c08e23dff186658cfd1f9d8",1
"00f84a10b3f51c4fb7c17861e5d806c8",1
"00fdce17c7b063f586625ef1466bac41",1
"0102899d90cf779b128bbc04ad306bbd",1
"0138182580fbe0b60951ce44af6f8ad5",6
"014429e6bd65bdcf2e360417015561fe",6
"0148763816bbf06e8f85c87cbe05b848",1
"016f6783804730ac1bf560ea90c076d2",1
"016fd79d4a3cc35d33bf442b0a4fd4c0",4
"017577911748fee2f0c3a9670a4ded42",6
"01795971e1b06ec7f2cab70707f3f2d8",1
"017d055a44d1b8919a19226085c0e02e",1
"01810370b8eaf1ae84e8975d45888f41",1
"019f352b5734e6999a0db64789c774b4",1
"01a9fefea488d694e6846f766af738eb",1
"01aa634df3fbdac86c46fb64068090e5",1
"01b1f1ba3eba9a06f9bbdd2202de0fd2",1
"01be28e7f951c0105f7d66205c445c22",1
"01c154c0efe1fbd27e7602905899107a",1
"01c4f44a792557acfb1523cffc3b0524",1
"01c6ed5c5785028e0bdc3ee03cdacef7",1
"01cf0e992729e3435cd307639a734994",6
"01d1710209aaf67d4c0bce6296549ea4",6
"01d59208522088aa16ae89d7497f1beb",5
"01d9058af83307a518d6867dcce058ad",1
"01dfd72fb4659d0bf371f3787c68daf9",1
"01ee48c2647a8f14326de77de0760115",5
"01eef7a17ea194d534dbf7c2110811d8",1
"01f1e2d0c844ed9eef3ca7130640c40c",4
"01f698cbd0391266280e05913b0c9eda",1
"020580c4ed7a3da723ad58a91caa4528",1
"020650173d83459ef4be0ed3dcc17346",4
"0208dab7e9feb39030446a72259d87ce",3
"02098e8b013289e730e76f489a57b1a0",1
"020ce0fc8c4eccad87539e14116f35f0",1
"020dea45f4d94d29fc126000052c00e6",1
"020ed6eaaef0d39f49f0b668810c0900",6
"022fe529270f276132e021600948745f",1
"024bb84b805f09126bb438df246a8c9e",6
"02511edcaaead8352a3ce7ecc61d8c48",2
"02545231a8a5f6de5410fbd6f0a7d539",1
"025b286f0f52271d15d23a6a2f2decd1",1
"025be039f25bdb3d93206ab45bd6db69",1
"025cf160ba9d7b92d7233d7be7e92515",4
"0261f704cdae8c330ce6d1c18451a348",5
"0268db9708d546ec3552dd38157d0ef4",6
"026a5736742b71fd5068025668103992",1
"026c315ab24fb6d4b70d362a07217214",1
"026c4ae3a143a4bb7c7c05fcb93a9340",1
"026f14e72dd2e5ec097da9e43a37a784",6
"0275f8d9f61037e099fc4ed92e01483e",1
"028208ad0e556cc26a4a519e70cd2361",6
"02849b66f1b2fc712640bdb90828ecd5",1
"028666240cd7110e2ad439a33862b8e9",1
"0288294d34a28f4142c384a5aef95fc6",1
"029b65b132bed23ef2d9e2843bab9e21",1
"029cce1bcb4d23622916491f404f4557",2
"029f630f0c8d501acc92752ffbe63710",6
"02a6f6d116dc0f26e2a50260320e8549",1
"02a74649615f78e1e13ee99bfbd14e10",1
"02c3e9c3061f8a86902c0cbc1ddac742",4
"02c74cf6ec91ac282ce9ed6136e241f8",1
"02ca1b197f752cdb5759b922139a451a",1
"02cc01871a0bf9e55a8487de05dec29e",1
"02cefbd17f1873ad0adb2eb8072eff00",1
"02d6997a4df27367f2179b30f2088aee",4
"02f68b392a3d9e4261e01ebb2b62ec27",6
"03068a0e0939f67e35067411330cb55e",1
"030f6ccc3e750923702743ec6971b403",1
"0327d2240c0e361fa2def0e46f63619a",1
"03303654368fe254711505084e6298a9",5
"03306461b5b371fbdab0fd6b456db6e9",1
"03316aecab4b7674d0d807b12e10d726",1
"0333ad6b9e5ff7c590feb555b97e8d66",6
"033f484b2aedcdc3d19a2a25857db034",1
"03549136ce410eb053f661488adf9683",1
"037b45d14fb69ba6638ecdbf8f9d2446",1
"038d58b304234c9471e8bdcc449e9ce2",1
"039275480d4d4315c9b17b210b934184",1
"03a5eff3e4101f7056a19e53f1808943",1
"03a82250c87d548d22d4a90fb83fc05e",6
"03b7623f83329927a40b0eb05f1b1fe8",1
"03c053d45421e1692c601c5cacd0b2b0",6
"03c1b057b836c50132dc5f015d31f7d0",1
"03c1bc1894e74f2e485fc0681ed35844",1
"03c3ffc14eddd506523b2bf54cde8fa2",1
"03d41286d4de2fc3b5655a5d6e030603",1
"03d84f4151ce1dfc387be74a2c2ed1b5",3
"03d9dd8b1f724e3f6ea2c3f8cee1b98d",6
"03de0b7034ae2ab2f6047037ba7601be",1
"041355d7dbb777ff4c2e473e1f8b0fbd",1
"0425fb550f97202ad2aa798f7ae89b3b",1
"0426580c6ab059544288e20b5d8a3854",1
"0426d026c1170cb30879403afbe888e0",1
"042e2826a3a65eb5c17131030ff648ad",1
"04328d20b29400accc02de0b74ac1ded",1
"0439ce8be1cba5fe9b248e07e1a6bdd3",1
"045e5959281b5ac1c49c4241171da802",6
"0461280539c2cdd88190b6536d9c08a7",1
"04688beea4eb8ca970e2d8d660c3159a",6
"0470ef32c28768851992468a4e57309b",6
"0488991181e7b214ae9ec83540c47f84",1
"048be18326a45cb1f7c2f1a8b48096e8",6
"0499b93e07a3f5e20962b163d45fcb0c",1
"049d2d84828b4003573ff21331ece038",5
"04ab5820c77c52f496634ada60f268cc",1
"04bdec3e3238c9ff4ae0732e4451a97f",6
"04c28b5ebfb1fd9294ab7e07e0dfa66f",5
"04cabe49f1b903ebc10f80d624de29f5",3
"04da63038ca1af4a900561ec58e52d4a",1
"04dab0073b05a08ecc0cbb40c4f67835",1
"04e1ff4b18efc1821284c7a9988d33da",1
"04e97d8b5c6b5c502d2ca3a10ad7c0db",6
"04ebaf37c66f877c017c98113599e1b7",1
"04f0fe8855869cc3e989c86d13d1f4a8",1
"04f2677699235b31260390eb87d5d2c3",1
"04f5b788288db19b7b4ec9182429e393",6
"05013e6f0bc2fd510411c22252323237",3
"05022d5d39d00fb7ed4772fa032035bb",1
"0504075bd051d05f2ead234f2c538edc",1
"050517e4bb695e89f7b9b2362960630b",4
"0509a0088c02f53f55dfdb40116c9075",1
"050a3786c3fca241b2d469c57f6ebce8",6
"051b42a1d366d32aea3fc18d7905cf0e",1
"051dc5ef55cbb3c6ebde87f241648bfd",1
"051ec36e9b26b0b13aace1695d57a58a",1
"0521dd3d99879502c96ca25a8477c5b7",6
"0525579115685095d1e4b401c6aba414",1
"0527d2ae98d461237f80c7d7c7d1f4dd",5
"052a6659d57240b68013c532105d0e00",6
"052dd797080211936d972cb35210fbb7",1
"054d96070896d1258e2b3eaf108aae6b",1
"0558a33e85ef0994ee4776b796f6bf48",3
"055940bcb9c8135daa697ea8840acb8a",1
"05675647d90817b76ebd7fa964acafa8",1
"056ba4be82fd7149d8506f1fc0b28355",1
"056c03ac84cf4b4c9afa57d8a3057cac",1
"056ec7e287f3b57c863f3d3d7ae7e01a",1
"0570f72983384b69da7aa73223f4c4f1",6
"05750df3a092213a9c23d8ad20f543c9",3
"0577eb11b3f41f6de04b564bf82dc3ab",6
"057b744789df3cac40db41e9c6c1a682",1
"057f09df415e2b7a4ca680b6484a0d94",1
"057f8eaee01825070609808e0ae5d3cc",1
"058347315f4aa8b3037467a2effd4f3b",1
"05898c4ef727f3e1b8fff16984b5bf54",6
"058c27460d9a17fac62e61aa13637611",1
"0590ac72035ea3c98f9d9e3e38d2066e",4
"059c7566d872080817dca6d16ae0d51f",1
"05a2e078fab3a804c9f999a3f5040fa6",1
"05a2fbef74b95f71c2ee314886746446",6
"05a5afe71d0c8373488df672c15ae066",1
"05a6ee0a57f6dedf2f56e9ef45cefd43",1
"05b50490a5eee4ca36cd1e43d3bcec2e",1
"05b71177d584a0e8666932cf66712886",1
"05bed86289119cf0088b1f20d050f79d",6
"05c035e81e98af738fec6735cee80874",2
"05c31a9151765558f227df019e84b2f8",1
"05c546cf21a04d1d3dea707c179d503f",4
"05c6ef52e6fbbcd790c6d2ed645dade3",6
"05c70fa30d72f30d0441a46cb52bdaf7",6
"05cc604aaf0810d593f4ca4fdedcfe40",1
"05ccfacede04f7eee685916b861d0118",1
"05ce80094d070a085b41135634ede754",1
"05cf9d4c80be4aaa0cc494efbc74a27f",1
"05d89eda76936436c4b5ee023c0d9a51",1
"05dd43797616d138a7794747946da61a",1
"05e1ef8a3d5b5fe1375f6d0db47f5b0b",1
"05e5ddc346adb1ebe5eb8faa00bdd2dd",1
"05e5f511a1de767ae553eadb85101354",1
"05e8b7285346840749b42d341fc0f0b8",1
"05fc374fe12dc560de7c26ca557339c5",1
"05fd42a7a2bed7518349f8b048d9c0e6",1
"0604bc872523003512353f2addc490d1",1
"0607343a577bab47fa30b3cadde8feaf",1
"060a744ff9cc2e7eb40b3cfe657d1425",1
"060be723e2e4dec55a5ece5f9a5fae50",4
"06227af12d987f93d77387cec2a47009",6
"062b881e6f333055ee4d609637c9e3f6",1
"06301e80885d09b8264ac80cd3c72ae6",1
"064152b8288b19d73e801e1b1ddf601e",3
"0645a5fa739537b103de9228848655f4",6
"0650464f0e725c48e53978b9655fe654",1
"0655de8e945b8f34ff414162f4c92c27",1
"065afc1a215466f7d59dfc9fdebc39e2",6
"0665a778a30859b5982089f29d20bf94",1
"06669af49bb016e1898f7055a71d3c76",1
"066c9c8d24eb5601f21dad4090739727",2
"066d91e64fecc617c91a62ded0e4e094",6
"0675586869f975a3eb48f8abeb1221f9",6
"06761ae3d70072809eb698f0a5a16fcf",6
"067a388fb556b12d721238bc849b08ca",1
"067e15f4b96c3956d9760632764e2eb3",1
"06909792396a03993bbc360f17d40a2c",1
"0691afffa3400abd1baa26a6329688b9",2
"069a071f2e058e91fe13fc91cf4ba444",1
"06ab405e3340649b5c92d95bd2eba869",1
"06af260f272d60558bb207538494fb95",1
"06b47246da5aeda4c740c0f38b44edf2",1
"06bbd7d8586eb8be29ddcdacd2c9b720",1
"06be15f233544c977a2efbc0bbe94dce",6
"06c32fae1f773ec0393ff7b4c13b3a8f",4
"06c440a93d2e9ad4f6bf8e72035a0c0d",1
"06c4c25f649b00b0e2c19cb0e10dbd04",1
"06c7a0502e7ad187fd7eac5e975e4e3f",1
"06cabc0a0424fd53803e7b6f4030d153",4
"06cb3f80f7ae98c3e69f6dbd183ceffa",1
"06d6d172b2d9e7b075b617854260f714",6
"06d7bdecbfe33f2921abf015c5735471",1
"06e49fd3a97ee0e64d1880e03ee00ece",6
"06e62810df0dd8cda3eef59c18072b58",1
"06e7222e49dae917ba1acdc3552ba1ad",4
"06f601c884a5ad6c049f2482fa30ace7",4
"06f7e91437625d85c17d5e10b6188858",4
"06fad25340ff1d685611e864c0cc80be",6
"06fb9d1d123f1cbf360969603affc16a",2
"06fdc7ea42ab24b7a2ce5f67157af487",6
"06feec02c8e0838b1039ad1883ef30a6",6
"07090108702a6e137e2a997534ec407e",1
"070d30ff038a0a102c72e3d8a7d3351a",1
"070e859f44df2e6dc0fadb25acd18597",2
"071ad673422208464b86f87ad46a57ca",1
"0734d25075aad13a816080238c5cad95",1
"07351d43167004f6a848ac1ea67aceff",6
"07374a0b2da32cad8d7a0867f8428159",6
"074148eaa1d01fe05234755f5c76648e",3
"0752f3500f520bf399c589c3853e4b1e",4
"07580c93229a6ebb3b1269e37e295725",1
"075b677e48a9f64480f419bad6785edb",1
"075cd521f7b8fcdfbe1496a5c86cd4d8",1
"076034213f72724965709747a9d06957",1
"07634ab1c4e49a604c92681098c8317c",5
"0767a25a44e2be56e3854182e8886934",2
"0769c8f99ab3317a917cf0baa422f24b",1
"076b8967c60caa7c86dda1c79f99a701",1
"0770ee9d57c76fd2f050f51e940a08a9",1
"077a81bcd2cd0b6e09b9f973d98e185c",1
"077d02dbc06fa9be1e8b4668c0661ddf",3
"0789bc69594352506cc17d8f90d9dc8e",1
"07925867924106c9cec0c04bcd12a37c",1
"0797681b9ff7445ebcbda9f97a69dcef",3
"079e0745778e40e7aaa87600e85b57cf",1
"07af142767b5e6bce183c1560f4d1275",1
"07b095974727da5d15180a9f0a31f965",1
"07b63f3b317defbe0bdc93aaefcc0c05",1
"07b93ca87d727acc0370a986cdaf00ca",6
"07c5476e492a3515402a365c2bd92b51",1
"07c9b0eae414e6e9683d1de0e2a3bd9e",1
"07cc50887cf90b5ff3e92cf2d292b555",1
"07d3142f76fa53e8b8210cca4810b28a",2
"07dcf149fcc55e21786493f6e9e6db39",2
"07e10959409c5f91867083b0ab66741f",6
"07e61a93a8b48e6971fe54455a006d19",4
"07e8991705e3a9c76b5e94f6e455c529",1
"07fd75c1b32cc80b9e2714a995915533",1
"080bce6efe74dbc80e3b443d3444afe1",6
"08143d0bc18108847ad5d72951f3689c",1
"08176a55d60a33796bed49f48b1104d5",1
"0819ed5a26fc8d0a60e888220be5c496",1
"081e6c8e6155b8633f64c0f2a7dd5f31",1
"08207f95c4f220d02e160c3650d3780a",1
"082a31f6c27a0864ef3198deb8f8e506",1
"082e8834caf66879666fc9e55359eb0a",2
"0844dbef84201164b98aee6ff76d8f5d",6
"08451518739bd08baa220f9cebd3f87a",2
"0848f965c9f71284eb697c2c86e7e617",1
"08520336e17e9bbc1c8acd96b3edd002",1
"085b491ff4f68d1d1c398e67ccb29a6c",1
"0863db4299d9c3631f0ff8d0b3beb347",1
"0874f143383d20d74a4d36f736aa22ab",3
"087a08173cb4ce81520edb76fa91e632",1
"0881ceed44631328a6c2576f07ef4162",1
"0896613ce1571a66d1713beca9b73bf3",5
"089834cb5fce4647543fb06f9cce8592",1
"08a2aeb7e1aa7b5256450092dbc9bfe8",1
"08b1135aa1f8f37e0a65706587a36b6f",1
"08b76aae70bafaba0bf14e5e100f81ac",1
"08bd841ec5f1f27025b68c359ed745f8",6
"08bf3a08f1e585e906d10a323971d748",5
"08c1da5d72cd894401d7ec3119ec20d3",1
"08c738212f276a98892e109c92c32878",1
"08c815adc4fcfc2117f67012b0a0098a",3
"08ce8ccd329d6d8a7f65af6708d121d1",1
"08cf766c7414a5b4cd859f89f736f4f7",1
"08e59650254dba7a9d3c2874d1dce519",1
"08e8e6a292cf3892870fc2eecf39788a",1
"08f920ab88f2fb2583457bf1cba62033",1
"0900e583085acdb2584691f2d5e72c97",1
"0910c5394fc269bb05519440e5cea7f8",1
"091e49bbed0bd04dfb5ba35ef247e28c",1
"0928a4e740760a25d6dbfad7ecc61155",1
"0928c2024d3e417170a4adcfe1a23070",6
"0931a21ffc42db81e2f31ca194e7e7b0",1
"09323b8f87876294620dc22b3ef8de60",1
"09372305746f496a95e09060f5f0dc4e",1
"09462fbc242f698afaab8b05d690abda",1
"0955d5e4ebefb551dfd332db494c1a2b",6
"095802b8a034f2a1418ddba742840e79",1
"095a006a04724906277e30ac42c7c62a",1
"095ac2d03a553a4fead771f9016a1802",6
"09619ba72ad44f030bf9809ef8c54b29",1
"096689bdfaf6d46780284db829c93d7e",1
"0967dade3cb878b646222012365c3c72",1
"097489dc7991cfea19166c71714efa33",1
"097a4b534b2b20225958e308de84311e",1
"097abe0506dced1491742525e84bb484",1
"09832590677d19ceeb80d4183b478c6c",1
"099451c09fe74e6c31416dbe1f2fb20b",6
"09971090c3c0ed452cc887af629e20dd",1
"099cc7a9b96728ea3814d87ecfc4545f",1
"099e7eae5ea0e2ed145698542e900308",1
"09a0d080a79311de97930725db419265",1
"09a4528715cd3e02373f960c5f616c68",1
"09a9b3b533034c1256021d9f3baaf442",1
"09aba7cdeec177946db4082c99a4c001",6
"09b015cabccccbd4067d2ec4e3fe3b5a",1
"09cf6f40a40509107c7ee6a265b4150e",6
"09cff40e0915471035decc68b69b68de",1
"09d123f61637d1a40795b7f7aefc7120",1
"09d9614dc02e5686e3ed0c0d31ecfa41",6
"09da916afe86c8ff057ad572d5dd0591",1
"09f41596384d402925f4abe9e6bfb15b",5
"0a007704996d5739583001530fb7dfbb",1
"0a05ec77266a3626dbbc418872140b51",6
"0a096129b0e23740296622bec723b77a",1
"0a227f5318f2bee2eb4561117ac98bb0",4
"0a29ba683105897443af1b6eac0d9e62",1
"0a352f8bc9e5db857b3a2dda3e74bf78",5
"0a4073c5a05612f5330f2d5dbb4c4319",1
"0a518b423cca8ec67adee836efc0ecb9",6
"0a62505aee40632f8bf197e122d65c61",1
"0a655966fa44fa73b7861976ce883045",1
"0a6684a8f9b5e7ef3143255114b546ca",5
"0a6fd7cbc16e0fb51800049a81a152d5",1
"0a761c208e0a9066c6a380c81b999c17",2
"0a7bf8408f817e294946dbbf9d5b21fe",1
"0a807d8e7855fe1080bd99f52485ee64",6
"0a80cd35b080f8d954278957580307c7",1
"0a8474ef7417f7ef0d78f8da572c8aa3",1
"0a91d6c04cd5a2b6bd01084250154290",4
"0aa6bac7b0d1df4aa89d84cecc94089c",5
"0aa8a7a30378ca8c4984c05c5224974a",1
"0abf88757bc4843d9145d9b8e254bc11",1
"0abfc9cffb7dd3e8385c0bcdfce823c5",2
"0ad0732babc2d95bfef615fa62652733",1
"0ad2c50162e52ae543ac0f7c59c9fc63",4
"0ad66220e05ce9b9edb33d993c4f2939",1
"0adabe45a201c2b623d5dd7f99301a18",1
"0ae829a4218d6614eef3ad8e6de3ebfa",6
"0aeef21a1fb2595be79238cae6d7fb96",1
"0af41f02921fb7c35d869e5d70cfbaf9",1
"0af4e041929caaaa411c554ffc88c362",6
"0afc27e7e78ade6429fb7f0d1eafef6c",6
"0b011d416349d10f65492797c803b641",1
"0b0bd0f1583212367525a58d3b27a7e2",1
"0b0bf63a4593400e430ded3cbb9ff5e9",1
"0b1c70051416257f6467d19282f49b0c",1
"0b205f17a46621d535278b174bffa1d8",1
"0b20a42bd70f3c34a756c74ada44d5d7",1
"0b2194c8e9b61a197d6806e8e882aa4c",1
"0b3dccc6822a4bfd4154f8734e61cca1",1
"0b42b49a7fce3c00c43a274c70e7d236",1
"0b42ba4eefd5656f2c3284ff24bf29ef",1
"0b45d13f5c2c806f42fb482869b100bf",6
"0b4776ac5fe35f9239cbc9debe15bb1e",1
"0b494f647ac2164ccc9c72994b024d4f",1
"0b49e24f8da2d6a9128835cdbee240be",1
"0b52856619ce27974568f8dd125db8a6",1
"0b54b352c570b889323f71e90eea99e0",1
"0b55e438fcedb8b847f576dfab697b68",6
"0b5751ab088b5e76978693e5188689e4",1
"0b5b176fe5c70843853467b1e6f0f4e9",1
"0b6e929423b6180b17e927c280694ec4",1
"0b6f6f6247edab6caf27192ed41d4f48",1
"0b79ec2316a73ed54974fe6a766ce082",1
"0b7a39abf27ba6f1b2aba4f299fa4cc8",1
"0b8bd54c33f000a370bb02203d998cff",1
"0b8e9f9b81ea1f0b9d57a8c48f400667",4
"0b94b5d6d95781391f456f3b328a7194",1
"0b966293c57738718041654ddf982f36",1
"0b9c965b63a2ca653097e27d293bb863",1
"0bb54ab3be6d907a6c8695ae10a21b98",3
"0bc3695f496c62b0808cb7a0cc2f275b",1
"0bc66edeb29935011c86fd813b6f2822",6
"0bd9f277a98c8de85d581041ca825e39",6
"0bdbd14bf5dcc5071c390c516bcf5134",1
"0be540dbc7bb7e788bf4c8792973800f",2
"0be8ae7f00ce262c36f2934a7e849893",1
"0bed507399974dd83e49c85f6f666573",1
"0bfa5ef258427220595ba3ef1ddfcb87",1
"0bfeb44aefa218d6f0491da4e00ab87f",1
"0c0dc4c7b76e4658b22de9fb0369666a",4
"0c10e8ea1eb529cb6157d0085258c9ca",1
"0c1e3b533830015be8af1d26ce3e1ff9",1
"0c1e8fa930d333a838356e12d36d6c5e",1
"0c31208e61d91f47302d31e7fa7e428b",6
"0c322b3c6d0cd3acc879a443601256e2",6
"0c35685b97ea5f311355e563223155a3",6
"0c487ee5573b0e0b09a6465ad4512077",1
"0c48b3a5ccc73f49681e7e4a184bb34a",1
"0c4d499ef094986f7e55fbb070e5ae02",1
"0c4fc431f5bc04cd40a5156a7d7678c6",1
"0c597685e697ee3e5af85d5045c455ff",6
"0c623a2df594f3dddd2653ff14cb34d3",6
"0c641f0f71a4a03ebb964e7068c1f229",6
"0c678eab0b6a9ef2c2222578e2310e5d",1
"0c70e13bef78bebb69594dfd0fb0c284",1
"0c7ae3246a014ad98562410fb00ea43f",1
"0c7ea662b3da5fbdeb0dc727e1c5a577",2
"0c85349ef627d20227460c556ff57860",6
"0c8fd8df9de61da63af7fe64f4a2b773",1
"0c92eb67075ec77c71574a427744e334",5
"0c932cea9908e8d54c48c31fb1d59cb8",1
"0c9a6564657b44d2a20a642aa8e01f3b",1
"0c9b3a1681b6342d2de88e1dbc86744e",1
"0c9cf0a3669dfc03af6f1840966b66ea",1
"0ca6b1201a3b64c41794dd89a2cc8840",6
"0ca8b428a011d77342177b78958a8f8f",5
"0cc0cd24163b48839eb7a4b61403afd5",1
"0cc9a29bbbca83c379a55226670b759d",2
"0ccb40a9b6149e8e83f4d25123acf5d0",6
"0cce9b52c3e584fc757bdc4cdcc13224",1
"0cd30121d0e95815bd6eac9b9ca43a0e",6
"0cd4c8f3e40a3cb21d937e5d004f7065",1
"0cdd06bc2466d82937835f1aaefd1236",2
"0cddb33d6510ac68225e3d74a5b96c42",1
"0ce3fb05d5a861d6afccf6e410ab51ab",1
"0ce88e5874ecc061e42f0cba13dbb119",6
"0ceac833de6d0eefcfb0dad8d1599200",1
"0cef779d48507efc5b9c9edcf8b0a31d",3
"0d00770856baef6f47cf740652ae208c",1
"0d0dd182ff5849270781d0346e687bfb",1
"0d11384d56501eaca1e8204a06090c65",1
"0d34782a0be3523ea93d2562c59e0657",1
"0d39316eeb588ce8f00712737233c8ea",1
"0d3943a419ba4535d186fd6707edffa0",6
"0d5fbe5db134f501f72617a9ec178d0b",6
"0d73651e124d9af894cb8181e786ab2c",1
"0d747100d86588cc79f22261c26c02f6",1
"0d7498a6b45194a45f5b83a686bd54d5",1
"0d74a4b93eb82e30508f5fee86ddce3c",1
"0d7c9904828e8c906cec49dcdcbaa969",1
"0d7eab962bf7d4641e5e8777dcf5a91e",1
"0d80f21ff27d1d7a3cfebd0f09c9f18d",1
"0d81c8e44772ee9746e0b3032807479e",1
"0d92b6a13d540f9ee5bc687e67fcf33b",1
"0d9a9ea9bc9791e0224ada9bf9981cc7",5
"0da92798ea866be08d1e2552770aa006",1
"0daf070f7363840f15579bd43e85ee19",1
"0db1e3654372f13ec56f3e5e29ca6bb8",1
"0db2fb4e32ce87368fc00939081644ed",2
"0db3962e5b2fb2f1ee0d54ff5bc67039",1
"0dbd42e6f8472bac3c3de4c2a86d4b38",1
"0dc2758403a06f0f8958dfa348517b63",1
"0dc5133ab71c85eeb68cfce7095520a3",1
"0dc9fc098a7ebad5c6b4360a646e2c6e",6
"0dca9460ed18806e8afd26163000b094",1
"0dcfe308956818034fee3a1b82cc8c0a",1
"0ddbb3ec95c4e6c85e12da937c8b0b9c",1
"0de16641400444de15816317c931f6bb",2
"0de2e96eddb5fa038cfc9f96916facf4",1
"0de9d61444fbb3f5ad288af705bb8cc1",1
"0e005842f352765d52f7f339da3abcab",6
"0e09e5c6a4f7034ec1bb1b5f46e08b7a",6
"0e154ab546ef64036d6c5d2b16591e14",6
"0e1790a093bfb68e145474c4ebd756d4",1
"0e1b8d0c64b7478aa79ea9e127fa0709",1
"0e2192911efe2e43d8be4a1ac21df7aa",1
"0e2674a291d30860934e62082428dd5a",1
"0e26d9a3c65abdd0dbfe7e9bc1dbb7bc",4
"0e2f509ab67a16fa6bf10bcfb0b48ec1",1
"0e3fd9dead559a6e8040b192ef4e272f",6
"0e474f38120ba1f2497ff00b45dcf342",1
"0e496536fbcf5b9e6af6a076f26f9542",1
"0e4dea1397753a118f90aab547626fa9",6
"0e64f4a076499666f7a78a8fe060014c",1
"0e6d168c734f6ff290254c8f074939f6",1
"0e7225bb139692faeed4d64d9f0e24d5",1
"0e7760a46d5b2ce36ddd4231fc460ea9",1
"0e8a9fc118ea150143b6cc2ea53897e1",1
"0e8e583c438cc537bab09c44628c68dd",2
"0e8ef1329ec43c544aa95c2b88588aa3",4
"0e951b42aed03f2b36e6907ee92515b3",2
"0e9956f1557c845578e4458afaf0fbdf",1
"0e9c5cf25f2ad5d04c24e1a2aa5918ed",4
"0ea31b3788522bc2fc1ef886b8afc98f",6
"0ea69820423107c51f2b917ddb17b777",6
"0eaa2f1d56108ccac8b1f41ef287d1fd",1
"0eafa685aff4349a6e6283618d84385e",1
"0eb6c108ab800be64a05364b3393fd07",1
"0eb7836fad1b724d7f9bc0f12a810666",1
"0ebc6ce2d5094da7d2d7859476c8ab2b",6
"0ec0892062cd82222d909a9c579d4152",1
"0ec4ecc2db9e2a8d89684eb5a378d774",2
"0ec5dc311cf796e150b86a580bcb16b2",1
"0ed062df442f21554c2ad4a900777dbe",1
"0ed5b65d05993d391e024365f43471a1",1
"0ed6442c058944c88f0636bd8354d3fd",6
"0ef66e8c0f4d9378445524f8e2944abb",1
"0efe3a91b3dfb86b10ee3573a97c391d",4
"0f036177c3b71d48534ca3edd6d7d475",1
"0f0a2ce1d946783225e70607a84d2152",1
"0f0eecdd2885a4b756d67c74b2a1eea0",1
"0f10bf2848c01bb2477366f3db78fe2b",2
"0f150b99359d4af8947adc44a03a3f3a",1
"0f18bf2d7cc704d81f5fb02d4a2c8e58",1
"0f31ba60ed5adc4877ed856aa4173698",2
"0f32b265effe61b571eae712444552c8",1
"0f33ace3de6bc36f5c979ea849e001af",1
"0f3bf53198c56842a357ccdaea2725fe",4
"0f3f7a51fc5b0c87c75ac4f3d00e9cd6",1
"0f663d45317a84f044e9ec5778676d8a",2
"0f686c93816e2e7ec5b779db8108bbf0",1
"0f68ca453ac0bf4a21970994af937323",1
"0f7055ff8e7e37bc3c402435a683e589",6
"0f717d0a87581157ed09967eb0eb3f44",6
"0f75b4821428a002c357b6be0fb2ea23",1
"0f7c1a87a178251095a61e1194e75ef3",5
"0f86d404416228c372e7b0f820d1961e",4
"0f8982162c62c479bde7d3dcaae9c1a9",1
"0f8aaa4c56fa526e42061acbf7102714",1
"0f9a6ef4996f3bbfe204a68507672dbc",1
"0f9ef1f48c7b6128567f8621c6004ad4",1
"0fa29733e526c7cb3e6bfe85743265fc",1
"0fa8154c79714fbbaffc859f30bb32e2",1
"0fac13afedc27639b796c179a3059180",6
"0fad67a1fa2fc2aa367b8b860ecb2aee",1
"0fae3199167feccea28c685293c71d40",6
"0fb7d70bd5e9b65e319f10d69fd74b54",1
"0fb874bf660c9413aeb7ef0591825b74",4
"0fba03a76d718c61f300418df8a80cee",1
"0fe0a1fabc4c5d9afe4e756dba5d1850",6
"0fe42f785914d3d5372f135db2e0e4aa",6
"0fe6f00ed9545bcb3cc365b996cbe2e5",1
"0fece83c62e8db3c1019f8a14d6d3735",2
"0fed593357721189532ca803d0cd628e",1
"0ff0b33f0984c129fc9c9e58ed8f078d",1
"0ff2b19e6be23e97e39f367816b831e0",1
"100702ca0a793274b6e1d779a47a0adc",1
"100de3a082cea2234b424159fc8ecc7d",3
"10118b1bec731f91e95b7238ac8cb685",3
"1017f8306cea5d8311c3bca59da79c91",5
"101b54db501660b0f969a1365f4a9dbe",1
"101f338d170f37b7d41cf98278472e6c",1
"10334a1abc4251e57ec652d0e30b8406",1
"104360de7ef43a02de737a561454ca91",1
"105170955ddafde0df2665cadc7a8652",3
"10531cd14a707665e85cbfc8cb570595",1
"105f8885aece2c9e4cd6e9f67b464dd9",1
"106a207216026657c3867aa5f3c94423",1
"106a92fdee0cb3f768ed52cec5589740",1
"1073b8bd1bde6a345ced974fc7548ff4",1
"10740aaff3db389bbd0000bfdc4da544",1
"107b453d78710bd7418c2f5580aa038e",1
"10856d9e6fb5c4cb205089ad72e57883",1
"108b0ec648119b4fb49e0801f07130ce",1
"109969e66c8960951360f55de366643c",4
"10a4d9b27fe11b7b96ada4916bc5aa81",1
"10a52e996ce79307e1a426dc59835c64",1
"10a61e83323ca70251496aa347a8fba6",4
"10add3c27ec8d086127dd3a007f541a9",6
"10badf8a2323afb4461f073cbb68586c",2
"10bb6e8e267a04422e96b61824c0e823",1
"10bbe0b7d6ce89fc68f68c0d3bc00831",1
"10bc266256993a56b69a3f9f4362a67c",1
"10bc28e752140184fb0613ddd16bf72d",1
"10c3d251877c0c40533d38a497bf2fc5",4
"10cebdbb33e54fcc4382928706718bdc",1
"10dfa3c1274a88ffbd9f016182d42564",1
"10e0fb02cb8321f8355662993763afb3",1
"10e77c84dad72dd1411f744bb37478e7",2
"10ee705fdd9b11ea1dbd5dfde226b17b",1
"10f972829194e05d1d24a3a754f07ae4",1
"10f9b5e20d7e5b9b134974606f76b054",6
"1103e1fba91c9866bf71316dcb104ff2",1
"11071ca82eba082fb02085e81eabaa96",2
"110f4e3010f18165ffcf22de08204da0",1
"1120b27dc215af64acecc859a50573c0",2
"1126fab0a02b2e17544d16bbe6e7b8a6",1
"112ea8674e1e13e41e2e6715dad5af31",1
"1140ddeb62aaad5b6de0b3af5ae30356",1
"1144c333103207a20e3d65fe5e3ff7af",4
"114ee862f477c768a931c4fff6a2f151",1
"114fd88ac1315b7d5685fc54442f4d49",1
"115006ecb013de3e2e9fb48cf3f27dff",3
"11504e6fec3316f1f361a71083213052",5
"115310a47bd6a9372bb2e2368f23bf46",1
"1161e3b8fa68af1fa595bf5b427ff5fc",6
"11689492139a532a8fae08819499edb4",2
"117756b2ce5b60dfb1f6fe6c641bb951",1
"1191422f19c6edd8143f8b793912c0b2",1
"1195cfca042ce9a2f43cc1a7edd99ebd",5
"1196c5f7cc9bafc6c8a51b2fd28c66bd",1
"11a6090bfc7b6edebc7c065bb704ad3e",4
"11a69add8e675b9f282389eaa1fa9455",3
"11aeb3beaefa0df93892822c10917f99",1
"11b08252fd96c1bda1e46fde0274c165",6
"11b0bcf1290b0cfe57142ed2a9eddd5b",2
"11cb8d42a61f140f8741701bd2a5e1c3",1
"11cbdda22787b852a2d4412613189200",1
"11e81139b138f07f481a155a65b1680d",1
"11ea14f1b7993da82bd72e798b693579",1
"11f57df7c59f2b411ade7aa3bdaadc65",1
"11fa6d39a0cff73bf02e18677c7671cd",1
"1200fda8fecbf732a58be5ef2f112243",6
"120189b6c7eeb1b2639611132f907f35",1
"120360bd94e196a788b0c2e1d3325618",3
"120363b9427bf4cd71eef8299ffa70b5",1
"1209f8b879c99fdd4819a79d03c64264",1
"1210e5404bf21dbc6302955f09db2dd5",4
"121468af4c0c2378854e054f1d16b159",6
"122732b90c1ef70a9e4e57f58a7706e8",1
"1238e64b9045d562561d1b4823a9f8fe",6
"123c588eae473fe780da601a90cf197e",6
"12578af79e58d6a76bb418bb9e14cf41",1
"1258256371d2c53b5cd0262eb9fbb3b7",1
"125f24de6f0c4fde36936647aeafbe4a",1
"12625bf91dd7a673b43e9342402312f3",1
"1262f3be89d75e760befe86c9ac93aed",6
"1263eb0ec4371987389138cf7072645f",1
"1265734a39e4f359e7b7d72878f50535",4
"126804bea6a8e55f4e7cf4beacbd16c6",6
"126d86ee65bf77512746a06b9537d9dd",1
"126d9f32cb3eb8327b95169f81809458",5
"127a495f54e815c6dbe327193883b76a",6
"12802585d475efca02406a0996e7793b",1
"128393a38281e1324b141c2258e4f38c",2
"1286ac783ef4aa456e7a4206d145e9a3",1
"1286c51db23cb992057455f11d640c39",1
"1291964a8766e55ae8edd014a72f7b07",1
"129a181ce137d44c22cd045865cba405",1
"129dffd54de9790b9f4355b109fbae88",1
"12a15aa4e74aef2acefe95f70c4a3c5d",1
"12a4806953ba33e6e45ddcba7f19935a",1
"12a4909803f1d86bbfd184e9416b5fb3",4
"12a6625fe7c32d5f8f914cfe33e9d00e",3
"12af87bd024a89d0ac0508fff2405c7d",1
"12b085c13c16b750d817e306754c6273",1
"12b7c36cadd394d67e41ae7167c7dd96",6
"12bc853045d7163231c1ec30dc92a31b",6
"12c01b6675305dc2b032da41ad689bda",6
"12c72c580d9137ba9cd38ce8e022ccb8",1
"12ca0ad9b7473d18a454fb10f0ed4548",4
"12d1f64c7b6b0c67352e929d25d9cd69",1
"12d61d185ba2687a1419df7126939a26",1
"12eef606b409942d2fd0b87ff766358d",1
"12faaed87fecaacc72aab976a88c114d",1
"1303265d2eb1eb1231ec1ff099429548",1
"1312617317005bb40567ac09869cf996",1
"132687691bae6a2bbc0fc21f856b8041",1
"133ee895b80a54ea5ea1d9892c314e34",1
"1349c7ea95860cdc96e1b720c6978a4c",4
"1349f6534492fd419ae44930119d1b33",2
"1350fecec9d2080c48b409e849e307ad",1
"135186f2f15d50819485e390c00dd287",6
"1353efcde1b80753d2115ce3a0400cf8",1
"13574dfb535207b2559af7318237db13",1
"135f06c068757401fa6f60460d36f330",6
"1363c22fb51b0cd8ac3a48ccb136bda5",2
"1364a53d1239c0a153841c5d2812dca4",1
"136d0352c4ac1bed3250e6ca8198031a",4
"136d38e98d047fceeece843a478f1f88",1
"1372a3b4df2e531f72f9ba017373f75e",1
"13881550b510de63c849248a9443f67c",1
"138b974aee18fb845a9982df0c47d3e5",6
"138e5ede805a5d079eaf79acd8824930",1
"139606efd62c7e125219d5a10edc0263",4
"13980f5533e0f73756279b4b21eb6bc3",1
"13a4a309f9bf1092848e90332a7d3989",6
"13ac0db9192c0ff54a68cdbba8d2b39f",1
"13b189b0763a7597f9a8f3b31fdb174e",6
"13c3a3cae2a4abc291cc956a347d4943",1
"13c4ec3d9ebca31c0e5d48617447c717",1
"13c855ceeb08720eef7c5d8ef8e78f52",1
"13e0feeeb07de550813b1ac0c7733f46",1
"13f463d3972fb709ee8c5efcfeb83639",2
"13f6f8ec4a13753d5f0f24a9942208cd",6
"13f89c0eaf791b55b4aff502d3a36609",1
"140035c3ec017e99ffcffc4326c174ba",2
"14065859cd68bae7d46149994362b699",6
"14080a11c6a14fa53bf255b95afc14bb",6
"140b17b68e2f6b9bfef29a1f5ba2e97b",1
"141093dff2d14afce0f179a17fa30130",1
"14118acf4c3e0df352b3bb5172db8225",1
"1413bf0c62ec15f8c1e7bd0a45253490",1
"1414c5b056d9751dad3eb785ad0d3fc7",4
"14184547dd3e8cbbd2ea6502e9af04fe",1
"142cda2b6373ed82798c6c92521d5d05",1
"143370a51250183b99bf33cc805520e7",6
"143bf0788b97395a337724558d8bbeef",1
"14531224336226672827621c58ffd28d",1
"1459888665a138ffd6469502b24c60ca",1
"146396d38540f1aaec225963ebfd7b07",4
"146c6f69da8a80d681f0ee30950566ed",4
"148b445f9e46976fc82afeec5ad354eb",6
"148e08f3deb9caa1dc246092b51bb859",6
"149b96788d79b1a8de7ca42f6d46f253",2
"149efee7062eae932b405b3f1f8a01be",4
"14a6f7760040df9ac67cc8b2c20dfde9",1
"14a7fb6b0bbfffa8d97096df9c5dbcfc",5
"14aa58184c48ca2dd435371caf57c4b9",6
"14ac0da00506a96a248b9cdda65cb87d",1
"14adada110abac6b08e45675cf45ebfe",1
"14b0d31bcc49b28c7a594b874baa6f36",1
"14b2239e8e26f9d9b248396d4b8411fd",1
"14bafe96e489b778ec57f78a9206cfc1",6
"14c1497cfb038503ee0fe0a501e6ba00",1
"14c151a81d28cf9c3ea0f8d2a2298612",6
"14c9b62bffd98cd6e6159c5a46b49a21",1
"14cbd8da6781f40600b6597deefe364f",1
"14d4b8680b1596ae676adda85947d7c3",5
"14dbeb232923ec1ee0d6778defd74f01",6
"14fb5893eef67dd57d7529e662f0a4f5",1
"1503d748dd9e08a0f80ca4c57b34814e",1
"150c49cf383917e240bc47e33be3fae1",6
"150ca0f21ffc24711b08ce0489f5b9d6",1
"152be0c8afe56832835a76ed697974bb",1
"1534ab0f57d8fbd2fdce069ff2ef2490",1
"1540833e6ac813b520ab126a0434f44a",1
"154209ed54bb878279386652271b031f",1
"1568b7c7df9ee4940f2941c6ac5a6abd",6
"156a45e66052801f4ab1ffad4e3e0bfc",1
"1570f8c4b2271b26030d81e40be11f6d",1
"1577db620847e51c7ec8a16db18b33de",1
"157bcc0a2302e73aaad0c2abf550d06c",3
"1584b7596e012f39781a44df1b52e4d6",5
"1585dc01abfb77aeb333867894f26ffc",1
"158a358ec71e54ad281780972e4c1991",1
"159db9401f5c5fd0ec4b5df562963b2c",1
"15c0c36cd2249503af10c71e81281344",1
"15d14ab90f95f5fa0b9e0c51b99f1fe3",1
"15d17bec501313d0ed75b015613c1380",1
"15d2115a6d2d44b968cecf77c571a738",2
"15e3b2cf1de446a17711cf3f6d69702c",1
"15e8a8139397d92e7a75ba038b2bc48a",1
"15e962d73a751389a712b7eae062d0b7",6
"15efa4014472d27ed1e09e177162f67d",6
"15f42230e8c08a40bc5c893dfb9f4e43",1
"15fe7156a658726456b91330b9190f4b",6
"15ffbd531d1f2a8e18bda3d4bb01b63c",3
"16012ec6bcf8fdffea68302d478c34dd",1
"160773a1a28a2b62d60496d55f32920f",1
"1607db267445743499d5132096d77e6c",1
"161db176342f5b9b367d2ab7d4d2d464",1
"16259185e0d08b84cfa8eb288d483b6e",1
"162b1de92539694e6d0bd5409308cf06",1
"162e209f96172fa768df4993381ceac5",1
"1634c637b832572f458306d0ecfc6238",1
"1641a04ef017df19e00521f39cb6af3e",4
"16445ed82a3954a0e6c6c726d3a418ef",1
"1654110bf770f3c6e074822de4117c87",1
"165edb476a3035305d5d88a58b73c650",1
"166c27430cc4a0c15a5c187c77c3802b",1
"1685cd3466598721e7a8983657abed1d",4
"168a0961ffb25c223a0021c1a26a3713",1
"1690141d7c1df3ace19c15cc795b2605",1
"1693cf379c831c8f72d04f55667b9092",1
"1695c9172bf0311603a7668140aa513f",1
"169936183634df8898b063d637db2947",1
"16a79e79fa150215e9f4530a726ae514",1
"16b10f2651b3e5545a4c2573bbfd8134",1
"16b54b3c3a83d99c419b9377d1550459",1
"16c4b1054848151ee4941b7568de179a",2
"16c8944748557bbc0f3f11b4f3da7426",6
"16d43dc9cbe3a4dbe8239bd218101907",6
"16d89da27818ca6c2aaed97d290f20b2",6
"16dc0b82daf8d892f2993ac41da7e845",1
"16e5772b44433ab7d124480a738e72ab",1
"16f9a8b28973dcd9fa74bfdc84ceab69",4
"16fbbfa0d81f48c6e4abba12caa0ee0d",6
"17037a84e9d92cfeb8ccc1e70a9b0380",1
"1704a8f1a50dd37055769cf27eada550",1
"1704ea1058692a33547feb332765f5a9",1
"17068ac94caa48ed49ccf5d2a17ff81a",1
"170b3d1d92074157724f58e51508be78",1
"1719ccd342601e3757617b7ae37fe0ca",1
"171c27fb10cb7b999e8fdd5d539bf9b3",1
"17212bae8b17d2d8a8f65fd23beae288",1
"1721da2cf1ab704aab19c5142dadc6ef",4
"1722a75ef5c81a12dd0c1342613108df",4
"1725a20c7e07a072dfb1fff741449561",6
"17275a70540b34909e3aa9b6e5869563",1
"1728106c5f40dbb2fe7a66341a55d262",3
"1728c42ca495eb7185c2bba6a0b54503",1
"1733acde65a722684c823c33671d0cbc",1
"173958f8ccdc67ef39926ddf00ff2923",1
"173ebc317451f9f6abf4fdbf347e3afa",1
"174892891667d02963382c1c0475f516",1
"174cf1c479e3eadf06292fe99db71e58",5
"175416c98e1065a64bb660ccedff022a",1
"175a3e619da76d24ec74e0f9ee0933ae",1
"17630a0987e6153cc142c2e0c6514562",1
"176ba874289887e22bc68cab3ae67675",1
"1782e9a9a86040787ac1835692cc96e1",1
"178372f0c356dd9b4f5fc9175117cc3a",1
"178914678ef5d1d146a55682cccc2e1b",1
"178ce519e2361b629a8b806f4740b520",1
"1790a171e9808286a720dede322824a0",1
"1792a8faccb25094e40f9d83c752080d",1
"179a109c22406c2c11955262cd3ebe6f",1
"179c2acf923ecd7a0f7ce9950432e7b1",6
"17aa3f288aee01a6989c43981bb873cb",1
"17ae568f7b4bcf4ad309e8156b841021",1
"17b1671210fb8c8e7763fe483b8a56e7",1
"17bf9156db234efcb80d97a89f5df470",1
"17c304cfbfb709a7e16548c2f68eb757",1
"17cb154e79aa1aa31a8e24e02f49e8b8",1
"17ccb67f7f7882a4182f23ab266adc4d",2
"17dc788409b6e4959a7e5edae4daefb1",3
"17dd1624c305b8840e68ee9f9793940f",1
"17e1e73a5e39cd288eb5870788748080",4
"17e2c7d41f2c8dd20fb8d95ad1da85c1",1
"17e31b3d9fb27efe44d2c565c0ee560c",1
"17e592bde3e79e167eef42c40d637d3d",6
"17ea8e44921c0e1b78311ffd9e026fc0",1
"17f08f31e7c63d280ed882753fb1fc49",6
"17fc18db8721f21ed4cc192633c2d89e",6
"1809aa38c5f93444044f949ede55986a",1
"180c29f2cbf30c2259e32afe4366e0df",1
"180f823e8e7799a5ff57efad46fabbca",1
"1821daf2e9aad97ead1997ad1d34adfb",1
"183568138c2da508fadc0ad722bd84b1",1
"183bf7480bcd5785625434458bd37489",1
"185caab4576e1b3c38ddde1c93c7b6f7",1
"185e476f16a0a6c72516bffbcfe71a87",6
"18632e36d6ab28700a266c90cb6a5b7f",1
"18656d16f6a6809ab18609ec426579af",1
"186593ec2a4ecd8e590fff8285df8acb",4
"18681c708c722c7e1706a09e568d6123",3
"1869afa6005cbaebbe038d3e1327b5d8",1
"186a45a8227bd9bc82bce7732ff88f7b",1
"187a02a61e842a593d58901764a756ea",1
"187e31840f0e9d573319dde6304c4406",1
"188f5403840da47087f67a920df44d9e",6
"18939ea942c6cf41f8c81a84b1195624",1
"18a28fa2368098cc05050b151144a1a4",1
"18b4ba887e30cc09aad7abf7ae13d416",1
"18c2fe4ccb58c5e48b25a7d86a9cd354",6
"18c4dcd013d3dae6d0e786377727b498",1
"18c5788f9b659a2570db00112c9a56b8",6
"18ce8363ecc4bf3f1dc76c92621470fc",6
"18d3b8cebeb810705136660061f49efb",1
"18dbdcedd281fd8cf7d55cd299cc2d8a",1
"18e12c5a73475ca7112a24b1ae411fa5",5
"18e93390a72745d9529e172c8179844a",6
"18ea442c14c05b133483bca40f9ba07c",1
"18ed863ca9e4af0f8415d5f135ed8ce3",1
"18f2555fd22fc8497413ef95c22b1418",1
"18f6f6e186858c3d5b716227f248017f",1
"18f84c619d403f5f7ece7b39ff61526f",1
"18f9a3c03636ae55269caf71a48ad101",5
"18fe91e9cc80b1374fd5e7f7ac1376e7",1
"190af668a3684626072ece5938702868",1
"191d9b8095feb1a3af1b97883e24c514",3
"1921fb1caa77881e040ef443f27068dd",6
"1925f5dba2a2690f6073e9fb6d035cdd",1
"19289a8c68633712ede1889bb1aac057",4
"1928ca11e9a34fe8a8e169e63c900c63",1
"192b01e06c84907f3be6f5280d48caa6",1
"192bc64e0c8a23218171171e8a920fac",1
"192e62a5a035648c063965987fe0a5a6",6
"1935fe5a982af0e6b975cb91203eb3a0",1
"193ee3e77e263675cfa99b1a1fc4b302",1
"19425341d8399c997031d8996adeb16c",1
"19448fe3c751b30840efb2717121cdd7",1
"194b0b064be6491e04463708cc0611dd",1
"194f5c01803204a441cc6346a2c289c1",6
"1951a121e9d45ff3c9189ff9f4d0043d",4
"1955c63615b5b9f06e480abf9433f10a",1
"19743d0ec7b742510e729b67c012f3fd",1
"19757bb10db93880811922e9d0adceec",1
"197d34911b8266130eeb62b1fcc9f70f",1
"198009763c75b1d313a0b2cebd1d5195",1
"1999723f97e481316ebd9beb6d76fcf3",1
"19a8159310403d603982f0794f7643da",6
"19aa2a6d44ebc6a263f50539a39908bf",3
"19abb1f0125b33587f7bf315e46e2753",1
"19b337ac3355f6ac8ae0633ef1cd2a11",6
"19b423e97712f6688937e60c4065d213",1
"19bc8f725d2a25648257f23b62c398b4",1
"19bf8348479471636a9e8d8837fbf3ef",1
"19c06cdbd15564f40657f585df7de05e",5
"19e8a89c58c4dbb2b5861e491edce287",1
"19f7057d81bbdabe9b8e20b78f0b33d0",1
"1a0ea8204126b81e3e9773b62dc99f22",4
"1a0eae44cec5bce23c20705b4501538f",1
"1a123fbd22736aef88bf0a8edd96a4d0",1
"1a14db9846dd16fb85c360a451784b33",1
"1a159e3540e746fba0536adf214e5612",1
"1a196434e031e058b4f850a3ebda85ae",1
"1a278703b0fa4e20fd7f7b8952e9aa87",4
"1a34cffaa44b31b0d2affc115c85c8df",1
"1a35ec715d7884d8e271c93002d2964c",6
"1a3c9a70021d8a5ab82f94ae14f8078a",1
"1a4422c3c8ad09469ee5fa10838f85a3",6
"1a470d0b5a841f00da1b7a07ffedb2ee",1
"1a49dc969558cfff8332a3109700fcdf",1
"1a4b5b5521d4ea3b12555818a747233c",1
"1a550d21a43840bea340be90b1b2abd6",1
"1a5e70ddb58db1418339f7300eef42f9",1
"1a637ea3a04cc954d7410348502b8ddc",1
"1a646e917334e982a67b6fc61f1f0692",3
"1a64cddd841af3b441e189960af19ab8",1
"1a6f97c7c78e88076ff921304d7f90b1",6
"1a74ede9fe52c6db00ccf1675f319d15",1
"1a77e6c251090c8b8680e9d75b3e59ee",1
"1a8c6075228b60750883a053e8d3e7f6",2
"1a92615899e5df2c6e14c5c8e6cd83ad",1
"1a9e9fd072d8ded4cdc4e1c7e4783cd6",1
"1aa4d4fa41a952c5bd86d840605d6322",1
"1ac094a61d28036eafab1de623bea88a",1
"1ac6056123072d4a2928392d7c9bb0a7",1
"1ad066ebd7fda3343847636ad4d18a37",1
"1ad622de647a3299ba8b9f5d1334b509",1
"1ad6c80248e62829e6e4f9f793cd84d7",1
"1adeda27133ea030b110c2cdc2f38163",1
"1af4427b8dd4617963d2ccb6be3d8210",2
"1b08a3e5f13003381e043ac0cb51e036",6
"1b0d26c1a5b164263c16819bafa75e6e",1
"1b110fe107fea50fa7e0430b67b14c85",1
"1b1111c3bc757fb46a44a3bad687cf63",1
"1b11af68872f54119562696fa0512c2d",1
"1b15ff05ce6c1387bfb61979cbff38a3",1
"1b1d88b7e29357f547ecfa2a4d789ded",1
"1b214ec51f1e433b50a9d2b8c6176031",4
"1b253f9479ee651144290ceb4a34f088",6
"1b25d1de5aa6155d477e250986a93476",4
"1b26a6bd272e2ac9652c7c4a211d089d",1
"1b2f0bde00a0831d42143ec775ebac66",6
"1b33f7b298af83e457ae1e122c87d87f",2
"1b3d6655d70ee0ff777db7dd1dd2518c",1
"1b41abb743276e51228a6dfa85949c06",1
"1b52748cec91d328a1ac997e1c96fd19",6
"1b591f94b0b3acc2fb81c58a52a8bba3",1
"1b5c24e70acd76660bdaa81a5d65fef9",1
"1b616329224ebbfe974aa2a0fdeee9a6",1
"1b628ee7121cc9e195a356a6fab9f53b",1
"1b685b6c0369ea818f2594068fcdf153",5
"1b6e75842552aeb65d51103b63d97c60",6
"1b726ae0ce28bb18b4d31b2226b4b74e",5
"1b7421715dbdd66c4ab4d7ae3e818df7",2
"1b764855dd202b93dd93b1e1aebdccd2",3
"1b79bd4226b5092db656e61833dc10f8",5
"1b7f80c128037ac7191bf88b57530e23",6
"1b8a4447772cffcfdb7962a33fd54f6b",4
"1b8d103e766b90e9403b1d97bcac7993",6
"1b90615e92875cfd11d80b010a05f9d6",6
"1b9a40e9862fda78d455ccf13ee54935",1
"1b9bb609cf12993c11ea23f41c6f4b64",1
"1b9c8ae5ff3d9a2c3b74e32f0fac0f72",1
"1badca1a71376ede04ed1804087900a3",1
"1bbc83b8d61a69d67f11399f82a4ef57",1
"1bc5c179c8490a089090bd49f5a465ec",1
"1bc6c2fe47e0a54b8a08562cfde99719",6
"1bc755deb8eb9500348a9ab20db09dd5",1
"1bc7f961a127f332890f5a9c965485f9",1
"1bcc9666da706ef059b58628715c9a1c",6
"1bd249edfd2baf9e16a8627dad4d168d",2
"1bda3512ea8b63d69ecd8136b2850518",1
"1be11d01fd499159c41f27031b35ebed",1
"1be6eb0484299fd1c91ac4a9bd53e7ad",1
"1bea8bb33d9bb93bef7532c63fe3789f",1
"1beaa0b8e0d3d42bf59a9ec8537af11a",1
"1c0be234f6962825531edc21f72eabec",1
"1c1dde6d0ea82e93332dc981c2d73b21",2
"1c20f16e4829ee401e769bf699a7f1bc",6
"1c25c17e05ca62c00624be00f587b3f3",1
"1c42df74245803de42ce626ec4083613",1
"1c4756c1024055cdba11dc995449f4f5",1
"1c4a32819de5f298bb5c219bca5b2d50",1
"1c517c2c0150ed9a902530d0ab69c431",1
"1c51acb1c231e34a07f04b4f3d901266",1
"1c624d094d775a90f8c68123e2539b0e",6
"1c7475ca9ea30e379ad604e68488c8cc",4
"1c747e7a64629b4a717eae42f69cb4f6",6
"1c74d57a4b79a75e1fa69306bbe8a7f3",1
"1c7dce1f6fe32a2d6dae0cbb1d102711",1
"1c9210fc3afd5c0b25c50f951f072c10",6
"1c93874880b698a466bc114349761260",1
"1c9614f1b8482069589c847b59d7e8ec",1
"1c9b3a028f02ab3e06cb708fe10381a0",1
"1c9b4d2a3127e6360af9c7f38abb2cfd",1
"1c9f48b14d69e2fae2a2919a2220bc0f",1
"1caa17844a0b3387f5584cdd56db71ed",1
"1cbac5e764f228ca99f6667bd9483938",1
"1cbd6a5176a598f63ab1d1cb982b1299",1
"1cc167b9c9868d3bc35a451db75ca548",1
"1cca57013bf7112730ca40a12b23719e",1
"1cce38b244ee5a5574b094ac8f9f85d1",1
"1cd1848a40e09ebdc6fc2aa2ecaca698",1
"1cd7349c13079ad39c8d28954fdc41a8",1
"1cdbe38b0efa55317846acf5f0ad12c0",1
"1cdc049fca11a39187e69190628e9491",1
"1cddd21d547cde3e2f1b69c3ec87e609",1
"1cdf5b15e74eb31d3a02cd92957912ca",1
"1ced2def6ba0fe3c06767b77de20caec",1
"1cef489b317dcf629fc81bd8e7a8465a",6
"1cf32101ad8115cc46176d4db88208a8",1
"1cf8e4945fa8253917b614083e98aa4e",1
"1cff6d1bbfce15d18eba6bdaa063fddf",1
"1d024e4602b5e15693647b703bada77a",6
"1d03ffbd3c1a228335c399bc57d6982d",1
"1d07e916664fb6b4b8d2eedd2ba252ec",1
"1d0912d08542550ff9d9d35473d86e5d",2
"1d0ddea173291ecd6f9a3347743636e1",6
"1d169c7e9e668d5f23a3de8f8870c21b",1
"1d21efc601f63663fc0f7267e064b3ae",1
"1d27375de30ed19c67a59455839a18f8",1
"1d2eeeb950d1ff104d9deeb872d3ee4a",1
"1d3f448ebb4494c073351ba49cc39f6c",6
"1d4b65b48448fe92605162fe9ae22843",1
"1d52ecdfda22bf96c959126766189665",1
"1d63931078cb5277baf6619162f3f4d4",1
"1d65e4ca8e5df76a4a57bddf0e33103c",1
"1d6b26ce205070c9a849c58f08849624",1
"1d6f236e597fb26eb137f11fa628bfc9",1
"1d7658e22326dc1032e4273247c6a9b3",6
"1d76ff7c44a290da48bcb5805b7826c4",1
"1d90696b7c88e5836b3072176f4330a7",1
"1d91ce6c0151e3fe06b255bb8a4984dd",1
"1d928b93d1f075f648b158535f427a1b",1
"1d94b3c87ac89d153ee81b9e1fd1d528",1
"1da3e950c358927b41f98dc5255f92dc",1
"1da64a1104b371523483a2bcfb16262c",6
"1da6d7a164cddcb434e10a9d109b579d",3
"1db0680b40630147a21bcfb4cb9200fe",1
"1dc85b661c2f8a20ea944a33d4b66d5d",6
"1dc9e5c51fda3611ae1d39ff2c9ef0b4",6
"1dce6a81c120daf1f42bd9c02afbe427",5
"1dcf1236f8c3986c0c9d20eae462cb9a",1
"1dd6c86a50e823e02d77d9c19504d3fb",6
"1ddc546eabe4982b9dc604edc38399a7",1
"1deab4c0a34a34d6a054cbc58fa73cf4",1
"1dec7cae9a577d983b5b6f97a2ee606f",6
"1df6e57e8cbfd99db28a5270ced43800",1
"1e0a581d4e550aef2ad358157372319e",1
"1e0e9109614a99f308e8cfc1a2f3ca10",5
"1e1ef5ae543bea1f4b958776cfc8863f",1
"1e254d32337b3f82ae125348bfceeab4",1
"1e2c007e34550c87f1301a4bb644f3e5",1
"1e2d4c47eb618bd01270544d6b8d4eee",6
"1e2da93e744dab47b5d8cd493573d9ca",1
"1e2e2582a1964dc13ec9e3ada8ffedad",4
"1e347695eda5249a308d7c45e9701427",1
"1e42e42aa359b4bb3ddc88b8583a1ef2",1
"1e4702294101b9f0a520c5ecc675e858",1
"1e4cef5fbe2ac609dfaa0d317c397d7f",5
"1e58a7fa2ebf5afc7e42099ca2665eca",1
"1e6060bc3b60919fb705cea83c9d007a",2
"1e63675e5fdeb3f28a9ea4d1d79ae49f",1
"1e6945c4c8886dcf36c9da5ee4b31c2f",1
"1e6970b299fd59bb0240cb378914876f",1
"1e6acbe2599c4b222d003ddb44f59018",1
"1e6f9193d66304c2aa808e12b60352e9",4
"1e71fd563a51c0f545296a5deaf01581",1
"1e834bfd292385e2757d5bd8a8b2680a",6
"1e9b1e0d4b35663aca94aa827de4aa17",1
"1eab615c747e37d2c05d7b6ca41c30de",1
"1eaef0b9b6c45887b5a60a02051a1e12",1
"1eb937d3a431faa9138a8bf07b895a37",1
"1ebb455955566dc675d436a845aa1f01",1
"1ec2aa9832a3715088824d273eedde12",6
"1ec4862f66cbfd8ea2f01df94de09c3a",1
"1ecd11b45850a0fd6f623375251e42e9",3
"1ecfed80c154a31411193401043d5486",1
"1ed2e0e8ac9551c514cdd3dc6ca69fdd",6
"1ed31fb0eccfcbe3edfe0f6ee59beb10",1
"1ed33e827c727a8099477ce0d846b8dd",1
"1ed427b68336334a50d7c20bd1509bef",4
"1ed6dc0780d09f19f556776cc939e912",1
"1ee858a9b14d664b5486b02961a5d7f2",1
"1ee861a7ea860c9b16cc4b08f33aa260",1
"1ef217c4ee40ac70a982db4b24c996ef",6
"1ef993e7a2bb55f99b14827607c070ea",1
"1f00a9c0ffd0fba6a829de00e6852df5",1
"1f01e8e5fd24287915a9fd9cebd09306",1
"1f05ab5b55b0ede4c09005b917218c61",1
"1f1127fb43df533f937c94ccb06a2de8",1
"1f1e8adafb9760fd1fa328138387cca5",1
"1f1e9cfecc4866127f27de10d7bc9858",4
"1f215c3d2a26a64498e1bad05545b0e1",1
"1f2ce140f0dd4f17417a3ac9f93b9895",6
"1f306eb1d7dd072ec15fbac41554988d",6
"1f32ee58c466bce3545136e964975be6",6
"1f3c600b50678ec40cde27dbd6637eca",1
"1f432f621dc67f575eee9fe411b9aac9",1
"1f4aa3a9a0b7b70901e118941c570dd9",1
"1f4fb2ca43ca0e64e461413b94af00a0",1
"1f51b729ac931cb7a09fcffbf5e9c57f",2
"1f55c5346200ae7e2b5e38f12c203001",6
"1f5b85cc34353a0e6f4acafc28b593af",1
"1f5cce7802302b0bd390e20642973ed0",3
"1f60d1f7a7fef29094f05502ef6f03ec",6
"1f6626448fdef709cf641986925f9ae6",3
"1f687f201bfb94b85ff9d76d325a1a52",1
"1f68eda3c3a6d5b5d1c5a831310daa0f",1
"1f6c89f4e62db763126f3e0e8ca61da2",1
"1f7458ec8294c21b4c65760cb2fa626e",4
"1f7d8eca50404238c16564b72f17e0ea",1
"1f7eac9d36d7b1aaed0c9275bfc9df55",6
"1f813bb472a6e3ce84170e4a57c2ff6e",1
"1f8400905339f3f205bc5fbf225d1d7d",2
"1f843a29e3a34b2ffb3040c5b300f5b7",6
"1f8719f6188c94c15e43ced925f1d45a",1
"1f933a9884ae8b84c37e16e35d1ec99c",1
"1f94a85b10531fcd563e11b4e44e4ea4",1
"1f962f1d16301263a22a2b50f55be94d",6
"1f9a0a2be69ad66f1099723e6ec8da84",1
"1f9d67364706fe86b17cecf97d441ae3",1
"1fa51f0ca8e4dac0af0145aa6762e4e8",1
"1faaaf5d49b08419cfebcb536b2d2988",6
"1fb485dd4b3fdc5edd6fcd404c56ab5c",1
"1fb65cafe1da730f9708432a48a52a02",6
"1fc480eb22c2e51d62bd88117bb47b84",1
"1fcc359d371d5dab049d87eff8f6e3cd",1
"1fcde3cca42191cb4aa5cf3dc23ebb2c",6
"1fd0873e6193fa1ce4572ae6c95e71eb",1
"1fd662b0210496e0ee5735ceb5c5536f",3
"1fe4797fbbd048c4ab83b6acbc7b9e24",1
"1fef28c9c5795a81693c2f0197770f48",1
"1ffea12ceba9469b1405cb08cde9318a",6
"200124af1b926ea2d5daa26199e59949",1
"200f11e17f3afb039f39dd9870c1cc7d",1
"20159d07c426bcf75d8a188e1cdaec0f",1
"201967ff53f93a46c8feee569cdf981a",1
"201b2c96fa35ea5387e5d4d04ff9d705",1
"2022240a50d8c7aa62da725ee0d92a51",1
"202847f8e2730019f5e278f6cb12110f",4
"202dac059334e52fce5f9fd383165497",1
"20357730bc8cd3996d9ff920a505869f",1
"2038d50a43fe9f55ae4e52a231ab6c2b",6
"2049fe046e493c230ecf8823fe8ab76c",1
"2052f4b94b17c53ae85424b07d398ab7",3
"205be0d305787d4208e56101609495d9",1
"2067342907a8f95a55f9f34c20df3577",1
"20709597114ff111d7c0056a4513e705",1
"207bddd6b202dd02ceee73b3957a6425",6
"207f92cbf053f781be9aa80a14c90e68",1
"20829b42e78c6be3863337be8e586320",6
"208d040d9e9acccb8bbf8d9f632defdb",1
"208e5b8ddc1ae1b3d0f7b0378c7fc5cd",1
"20959ab7b1fb86efed5d1c416021c885",1
"209628e1ccf3133621f13b499464990d",6
"2097c81cd7e99be5abe35050296acc6e",1
"2099b5261e69f5f7020716709b9947e2",1
"20a50be6d365366dd144e57c5e89ec79",1
"20add505decb5789f23105d11dc65719",1
"20b263f3e7223cf2ab70cba2eec9935f",1
"20b873782de2c1e0d8a98901873ab298",1
"20bfbbae67436bb6f81a6ec053997945",1
"20c1681ed1b415cecfb5b16aabecd72c",1
"20c7cf922f2a35cb05d49bdd6cb00b76",5
"20cced4925098c5caf2c2f25d439d0d9",1
"20d2a35b6da7fa90fbcbc15b9f4295a9",1
"20e561ce3698e9d330d5dd1c1cf00bb9",1
"20eaca62b012a8ad71aadf67305b1b6d",1
"20f15b21f079fcbb02f48322d3ecb7a0",6
"20f575c63e9457d161720ad8e4a4b733",4
"20fb09bf7f266ff6e60df93ca4f78c6b",1
"20fcc0e2b1fa503a7835f42a6ef7b1e0",1
"2101f7279ed9b0450564e97d8f325864",1
"210f4cc84c48d502e8407fcb0eb79b4a",1
"2116ce495fe176b910ed62102795f2ef",6
"2126ae60152cdcf1412748fe9383af66",1
"212c3e69451d808eec139c1f074524fc",1
"2133cd8c2a08731a9fd5b4f3aca56630",4
"2133ed2919c276cf3d758dcd44d14822",1
"21360b141ee6ec8afc61e2ab527db7de",1
"21366e95d335c727eb2c7cad9cb6c0cf",6
"21427f67d462d3a9d6a22a4aee4553ce",1
"214ca14176e68f5c287c0923c5e85383",4
"2154e3bc41bc9dad8087aec63827cda0",4
"21588b676746acd4d4bfe92cf6b0b31c",1
"215a50fff19b7b7e49ad220b13bfd417",6
"215bdf9f23412acc143a048c385335b8",4
"217783e97c3f6d71b9b86f17866845ae",1
"217f8a1ad61c552ce02f3dd4cb05b3f2",1
"2184248290dd619c29afcd2c734a44cd",2
"21a1d69cdad04265c726d413297ba5d9",1
"21a308de47ea0ca2997794fd1ed098c8",1
"21a7985f4ddfae90765a2dfc93b0d2b0",6
"21acf568573570b1d8f0ff97e0ff6b5d",1
"21b61d56aaf48b87c0cce6155a6a3e78",1
"21c038a34d5892e6f70bea03f3d9a039",2
"21c0851bdc357810ab3db02d7657eaac",1
"21cb3a557d76944919bb5438a2ef7eaf",1
"21ccdcbcfbb0d86236724ca5b19a8504",4
"21d3aaebf5eeca21a57c3487367b7c58",1
"21db8d6abf6770d99a884dded072f346",1
"21e726e4f86be40c1e59722205c8ab71",6
"21ee91c83beef85e2e5811a3ad7f3e8d",2
"21f2ccfbafda44f59ca5767aba35dc09",1
"2205df88a83390cf93df32643ad3575f",6
"2206dc634e0262bb5a7366ac3c41022a",4
"2208c0242e6bdccb678d1943189e285b",1
"220bb1199fba822471974af38fcf0661",1
"220e1bb1c52e57c03f49f416cb957cee",1
"220e7ba2b2656f0b6081fa1de3acb3a3",1
"220ecfb990a59483f858b90d3229d245",1
"221bdae5862d3e488ee15f322762ae7a",6
"221be74480e08f753ed58d7e885d3afb",1
"222a41a10047093225426e0b2542bacb",6
"222ed44ed688344313f88d7178960bed",4
"222f49e197a78928af08ad2a5aa48cdb",1
"22312b1460155ecf3a97674f07db0361",1
"2238c552408f01a026feb525cedce93c",1
"223a6c0eda989e85e676ba2a8b11b1e8",1
"22482f503917321b78ce1fa005539e11",1
"2256e2cfe94512847b29412da74a10f8",6
"226904eb2627e02970e07e3470a13241",1
"226e0efaa2589a86fdd497fc2bd9629e",4
"2272ee77836adc39b39ffb8e0a0d6c69",1
"2274aff2cade8e6ce87b305d047008e8",1
"227a765d9336ba4865e9a441bbe7780e",1
"228915fa5c9c15c1c452d1716b806e74",1
"22894b7a8031ad638a7820c7839d2773",2
"228bedf94c5e27f7f858247686839ca4",1
"229ab639d820091263bd1e45b02fd281",1
"22a03e916d4c5ceb5ab8aa98d0f88abd",1
"22a0c81589e243f0d8f0d22fe66622e2",1
"22ad83eb492917dae7df0e1fa12206a8",1
"22c5268cfe0709f91358e7f9a9a4bd68",2
"22cc8e4f1ae9eceb42f941f8aab6e032",1
"22d752e7c3ff2da6df96e8f00a20eff6",1
"22d7d8ac23150e56093e49eacdb996bb",1
"22d8057840a05c071c06d1aac3de17a5",1
"22d9a306378233fc6a6250abd5967a6a",3
"22db86defd0ef52ab9274cf5af417aed",1
"22e0417e687e75795843ef1d5804a16b",1
"22e7e4c36c66a2d560e683d4b5ba01d4",6
"22e83a5c0371b2ab61030c4be7be8b66",6
"22ed6ab9b56724f5dce1a0490096e683",6
"22f5fac6e98c4c9846c8972cd178fb83",6
"22fbfa01da4065abcc630ff004aeb9e6",1
"22fcea74e28c44f35df5a27ea85563b3",5
"23001b110e4a64ecd3bd16111a3d007e",1
"230161948ceadc59b14b1768824b0f0c",6
"231d437bf75855b81cac458222fcd67b",4
"231d93bd0fc8ecefc9710a9e5fe048d4",2
"23239c8528b456983a0166e7baa42296",1
"2325942616b1921834b0ac1d2bfe0ca1",6
"2327ec23e686afcb1106d7275f71165f",1
"2330f8d76c3a75493314302d654d8bea",1
"23318450a006aa82c59b42145a2ce8ca",1
"233299ecc6cc709dd1228e92cf88a800",1
"2334343bd0f7050fb666d6141433dc96",1
"2335a99ed9019b6ce77746a4389125ae",6
"233721ba0ab1851aec82a0fc64650705",1
"23385ad1d9a21f66a9e994fc07f7d498",5
"233f3e5dc67f0a73e585b161d18155f5",1
"2353933841f54d6bca967d2cbdb10a30",1
"2359bb22de9a978bbdeac7b93f6c5a99",1
"237184463b5406f7ab18a2798c9a8b35",1
"237373af13078513f209daf7e4d50662",1
"237502f51333a6056f6959e726cc5b5b",1
"2375058576dce0b1697e9297aeaf49b5",1
"239582dd3cef3d62c464dc036cd6192b",2
"239ae1799317f6dcb505ba58e2cf7909",6
"239c16685d3f40ff2dce069605cfecee",1
"239d1934301f99cb4532f20bc40631d6",1
"239dc4b221535fb4863cecfcf271b9f0",4
"23a157990c7029b1ea3c708197050823",2
"23a44e2675e29dcb6508bc73f959bfee",2
"23ab960ca7dc5429fdc32fb2edcd439b",1
"23ae3d34e4253a940a9a29d79e6528c1",1
"23b21e6e094981d84eae0210a0332a1e",1
"23b374d9260ade99292035677190be4e",1
"23b59fc287dd20bad46f0401f817c32b",1
"23bb327f01b352e8c6fb2b17d4c8949b",1
"23bcb6fc3c38e4cb69a62de651595105",1
"23cd738d421dbc75c4ca7a890a98ef84",1
"23d014065ba5dc02b6f57cb7b720eb97",1
"23d8be0c6f6e16174354044bd9dfd4ff",1
"23ddc646c44ec7479865dc775c25e00e",4
"23ef6801d2c28d3d4557aa5f7aa8d282",4
"23f8db4d2052e81a3f253d53f67ff8e9",1
"241250cc77183c176865793503aa62df",1
"24207c370aa537702bf1ec8596dbc825",1
"2424ad4067f6ec97507e21c4307b47c3",1
"242c8cfc4e4c9ccac9d48a01763fa9e3",2
"2431429faa810ad1ce08452b823ff31a",6
"2438c46caaf4afff6fa75379829d99bb",1
"243db35007530537b313eecc49d12783",5
"243e16fd36072d59744e04aa4b4e42dd",1
"2446c7f7435733a95663fde0037d3fe6",4
"244bb6ec38040451c47c10a641ceb571",1
"244d5c4992271952d79dddc70c047181",1
"244f1dfef1a442505990ba41197d3e93",1
"245171574224b95b2fee96c771793cfb",1
"2453315875e6d240a8fb33fd42307fe1",3
"245bc2785e1e0aa2f86233e6652d1698",1
"245c1397a134708829c9fd278fb894e9",1
"245f67eb10cac047159a0456802a8ebb",1
"246207c74da2f25216581377a3f12582",1
"246ea5e7c491d34daeea6bdcb613d405",4
"2474a5e93124b8a32dee11d111394434",1
"247e298665bc425f207ae987fe7d32a4",6
"248363eb0b361156bc487c0d22cecae8",1
"2489000243a95b5fbdc9d72904cfadb6",1
"248b471926e01b95958eb18cf0c165db",6
"249a3a1d76cffa54fa3022e7365d5af9",1
"24b7a7a27850164afc686f2cd9770412",3
"24c11ebfad027dba707c1034497ebd09",6
"24c4e7cdda752acf865e05627ab81857",4
"24d64c69c94913a2538bf323e0b50014",1
"24d8a8b121972aece34ef7570d957cb1",4
"24dc5e5dacf84e615cc37e06e6a236d0",6
"24e2b06de171292ddc754293f270b206",6
"24f16689029600629f5f6c71c5401b14",1
"25036d2bd79cb6c084d5dfa0e86b1efa",6
"250fb00f542d2304a4bcfb2a67b5000b",1
"251d13a261c9244dd01cab1e282b498d",1
"25209087a8e1636afd388fe1a6c985ff",1
"2520b5b56d9c154299b3ddbaa8cdb8c0",1
"252667867e668724ddf380c698319c46",6
"252d2133f0e059e4689618bebe6791cb",1
"253a80ad6864dc17b6a2bcbb4667dfc9",1
"2541ab88fde2260fe03f24c28e96c8c5",1
"2548537fecba2b85c50be6d102f3b05b",1
"254ce66d26b257ef594c97e3ea1e1d2b",6
"254fae35d6e8288261fa69cac553fd35",6
"255a070db09c8e73f02b987243f4b7e9",5
"255ad402d9b9b3add8f4f3b0c1f00ea8",1
"255da42b2091600209c6eea935c8c243",1
"255dd509fd8e92ff93edcd6d1c916868",2
"25631e5e5e5c119dd4e14f9c27c9d32f",1
"25637904576bf15327c2ad3f14da4b1d",1
"2570a928b621f422fa4c9534d9a7edf2",1
"2571476e1a134b8f661cd9c83df2e24c",1
"25841ade49516d5b4544421320825959",1
"258f5ca5d325c2ca44bebbf4242eff89",6
"2592c801852a339b0fc6e6543a67ea4a",4
"2598584740aca7b299937b54f7e29d8d",1
"2599eb559b5757a2b8e38f84cb838218",3
"259cfd3ea86f4e8c2a3cbdc9c3b52536",6
"25a46116be43bcc22ecabf3d36e0ed6f",1
"25a66def269250bfb9d92020e6a670e7",1
"25af9cd24c190972e4100f383c65acb1",6
"25b8b40b9ee40a53da3752beb0ea5fd2",1
"25b8eba9092ec5860bdfaf7670ccae00",1
"25ba9bfc44a5225b0630ea958c087548",1
"25bfa3db29bc83eae6fee8248dbe60fc",1
"25c5497f2b170d97007ea63aba964923",1
"25c73819d1852fa6f969f7439a4bb55e",1
"25cae74c6d941bf0cad2cb1885375c66",1
"25cf4a9909d35651934ff889c5e6c233",1
"25e1fe2390f993ef0c99079fa8273c3f",1
"25e5e85249e769db5cea2d2582563c03",1
"25e740227438b9fcb3da6c7fa36d71c5",1
"25eae8c759416599b6933cc2a6d788b5",1
"25ef7425c6c05bf03f51b70207fa272c",1
"25fca295ab2faa37b3530e0f2f760c8e",1
"25ffd6a63d4c5d88e9a7b66cf3dd9544",1
"260dc756d879b683d9cb2202d3c2241f",1
"260f69114c2c35ca3d3ebd11195e533f",6
"2611cde01fb72c6dccf7658b0e16fd1c",1
"2612edcd39b5269c41844124b176399b",6
"2624f2fb79b6d4cde827b5e63e70be5d",1
"262dbb33f82a974746718928c546351d",2
"264598353aeaf5499c4adf8b65c90498",1
"265973518dc328e6a9784b11b00b4036",1
"265b0219074218ea7a33ad0ed860d61b",1
"26649eaa5b70f78de137ee259ce1e473",1
"266940a7278e187ba5fa59c0e84740e4",1
"2670f44cffda4042814c8ef1d5a249bc",1
"2677cfd2a2a7b01744f064dc57dd3ace",6
"2684eda6adbfb8390cdee499aa30da89",1
"268ada059420f44761ad76067ed4dc7d",1
"268b6dcc3ecf54cc48df3ca0d03c8839",1
"268ef47fa5099c988358165e76537ef8",1
"269bf5cfcad04dbaf33b116772605ce2",5
"26a5a04d53f70b14d7fe97ab4d8b236e",1
"26ab4323171e24954b6f21dec561c107",1
"26b0374149b57d503d16de54bf0baed0",1
"26b5aee3d34dd763fd91b794ef18cf7c",1
"26bc89f06dc304ea7740f17f26d953fd",1
"26bf356b55af46e9103ffd3e104b5220",6
"26bfdfa64bc21f7cf904b4b4baada80b",1
"26c7576d4dc1d898c6a13a21d7fe05d1",1
"26c7e664e7b1e12ed57473869cc5912c",1
"26cd22088a019f62ac95a71f6eace37c",1
"26d56a218e3bd1072a27ba945690cb2f",1
"26daa382dbe0c8161725e06a46504f89",1
"26dc2fb71d4feaaea79babb1ad1c49be",1
"26de5bb0c6e697230d6b6533c6dfb07a",1
"26ea8ff0c40910153a0fa4384eec6adf",6
"26fac05b717a889134ad94a3c9c7a0a1",5
"2705b3c505ea35cc834818292082e021",1
"27092280f65beb953098dc31e1b88b6a",1
"2725a3eb6859fd4f6403a9d0fd9f6a88",6
"273123c4e61f6d5cb95bb9219078b91e",6
"27313f5b8a8a2c9d34e4ba5de80d0cf7",4
"273157842d2b5b98fd4d2b17568a85cf",1
"273311773d93629faebe06607c93aa17",1
"27341f89bae4ff55095f6f882da874f2",1
"273ecac10258ba05e9f20e9d8d5b5a92",5
"27693451722ea1f5e83853d99049da8c",1
"276a46d46a6d947c8d76f6d86379f4c4",1
"2777f3d93e42ee5fac7162d47bcf5c42",1
"2779186d539775c79623bf48bd23b6b2",3
"277a46bd37e21a310eb6ce6e3b853f84",5
"27860c15475fb810e3f8289c335946a0",1
"278efd4a1f6588abe81c124bad69bed3",2
"278f1c5831e1744e6ec0d7d7e59e60ed",1
"278f5e3593720c5a6ad15159cef772e2",3
"2791834be7599d9a8a52159088860134",1
"279259eb71614e801130374fb675171f",6
"2798daff9c8ab4a7653766be1b2b2553",1
"27995b1dfc6f54dc98317d69ca252773",1
"279d561074ec4351e1d4b5e796c670a0",1
"27a6f0f6a7a1c5890a9d064deb85f947",1
"27a9349947a8262eb3a056338a03e688",1
"27ac2785604f45c054c734dc15d07e86",6
"27accae0a1e49f39537d7b88c5d81e97",6
"27ad4718ed14e449b29171e20430e5f9",4
"27ca0236cbd5771d58dd81555df6b8ed",6
"27cecbe9222c95bae22941a488b09137",1
"27da80ecdbd3634d24a0fbc82a43ce85",4
"27e286a11fe06b197f2b64d066329c85",1
"27ed133855f65b485da09adc5d361728",6
"27ffabbc56a0e7183d10db2709def13d",6
"2809303f46a9c8a746d062e56797ace2",1
"280d5923761ccb8c04339b99b6f38163",1
"283b699ca85f56670b11116c83fa4e8e",1
"2841c61693d1110999cbf31e1d95fa07",6
"2848c88085348983c4060e7ff1ced4ea",1
"2849826bbec2b8040369fb4b4555306f",6
"285318e476b7e0a08544528998ed9278",1
"28584d95387f3e25eaec893dcc3fa188",1
"286c1475e875c61a7272a7dd6207c4cc",1
"28752829e9ed5c3ca00e2aed6343bafa",4
"2875bd3ab991c2518812847f33f64fc6",1
"287b46f35eb8a78d90809b6aa11a39d5",1
"2897ba87327d9899c53ccafb9709f61a",3
"289835e0e45a97565dc1ffbfab8aaafc",1
"289d46105b29278baa01e2f3be96d216",1
"28a7ef2ceafb450da5a5ee859a21975c",1
"28a93d6ce7d6e149260fa1e918a7429b",1
"28b834da6eef1c0c4187ee07fdb4a720",6
"28b84f1827b7cc211b13dd17eea34b14",1
"28beb4996add91f18e0d5c4d1d4bae95",1
"28c879a9ce9a35d1456c806108e2aefd",1
"28caa92c3b2c179a40afa473912eb712",1
"28ce04b2309564c26bc1e214cd9d3194",1
"28d4de9dc68be9085f90336d2ad41573",1
"28d931d5ab84525a7b06882a7296f59d",5
"28db1fddf5c9ee211afaeb54a44bc669",6
"28e7de551cd9c77f57fe6f195bafea9e",1
"28e8c135578a4409880edfa43b25008f",1
"28e901e45a19233591df243e974bd3ec",2
"28ebc5db5ed88316d11542820a12c1a4",1
"28ec845198462d73752ffdbb9813a45b",1
"28ed7630fe7a464bc522ab3b0ef64b0f",5
"28fd650e171024c937df156636e643e1",1
"2905ec5a255ebd2a56e49c8aa6c1b9ae",1
"29114864851dc4e3f21e818155aca009",6
"291326eb80d86b8addb082049a49fa2b",6
"291a62ace7ce1315d6161bdc40104a27",6
"2920ee5cae73a124a5583b3a0f7476df",6
"292380e32bd74f583fbaabd97f82aad0",6
"292381010f94dde726f08074f9f583e7",2
"292809da23f6fa862c873d18d2c6aedf",6
"2931b81a8ee0566bd05baece7f66ab45",1
"293288b71ac81d79ca89f3553ab58b91",1
"293e7378900d3697890c864e37af646d",1
"29426b9b7bc9179a23ca59ae9ffa17e7",2
"2944fa53fe4ffd66021528d2fbf0f875",1
"29476c0a8e79f6c77cfb94f321f3ed02",1
"2947d8af5a09adbc93c29101cc68d785",6
"294a8cbdb441e4d3c00cf6fa84b205a4",1
"295008a63bf453003f30d8abc24e75fb",1
"2950e8c9719e073fc4aa08a49a53e523",4
"2962c6615809025c05862d2cb9559627",2
"2964b7ff3b82b3f995cb62ad125bd8ed",1
"296e0b488b25ea5dab4933455add7bb5",1
"29766207ce9b82fc8642121c8a291849",1
"297883cdce95b00bc79942061efe496a",1
"298157cf262c1706ab87a51af0ddc4b7",1
"29853df72891bc99d986c03dd01851df",1
"2991ea30de40833e58e35522b0ace389",1
"2997abab999f3f97191f6df380b9a39c",1
"29a040a44cb6b8b21ba60fc10503c6fc",6
"29a3060f77cdd7c0dee91a1b0745ed3f",1
"29aafefb74c0a19b0d2f0bf06fa14dbe",1
"29aeff7de4c45e03929ed2e0ca8d4474",1
"29b84dbad87885a351f9ed6b307cefae",1
"29bc64243a2413102913080a0452e4ef",1
"29c2c4ec6f94c0491f904a0961cd48f1",1
"29caeb0fbc39790a2d754190b2e1a253",1
"29d219af205e3ef18e457ca89f1a6010",1
"29d9695d5184973ffb1988c8aa6a3a4c",1
"29dc4d3cbf9f541da1b9ac7219f4a17a",1
"29e92a5fca01a5e80ced9a64ae9b9af5",1
"29e9f1d6ca225e9e628c054ad80a84cb",1
"29f2a9d0c2feea40ddc12a33d0fb48cb",1
"29f621287c4e1f7c625a073dfe174849",1
"29f6649a0fa14df47bc6ad511cb52738",4
"2a04eafb6eac0eb7d91cf9389e46ca46",6
"2a05fe3b38af11634a38f101104c81c5",1
"2a09cb96a94506f253e6f298c3548442",1
"2a107b40366efa170847d33927a496e7",1
"2a11c58f774b4f95537116ba485bad0c",1
"2a12a0212f63c9085bc46d134de8a2e0",1
"2a1440fc9ac2618ef3149077793b68ce",1
"2a192d6cc15b5542fbf427c12016fb6e",1
"2a1f0cffa08e679b774cf91924489f69",1
"2a2f093451cd4289ad6ae682ccd8ee48",1
"2a3913a71914ab06fbcf1a1fb416e26f",1
"2a3a4d7fa230ad8764f2d685ce00a23f",1
"2a4024eec41337a05e6af4409c71511b",6
"2a40dd0b3555050c2dc672e3dde11cf2",1
"2a48467142c3122ba4851aca4d4930f0",1
"2a4ba3d563f01d3eebd67c70a53244f3",6
"2a4d45dc99cd4c19f9f45c6e7eb38fdc",1
"2a56687f61f22d06a70e15a7e8d24fd9",1
"2a5d007a4ddab486a8cd2fdef666e192",6
"2a6c094947ac46bd4c10171772ea1c46",1
"2a6e43d89e62f6ef8dff1fa945fabdfb",1
"2a735f6be837be410e2b9945bd19ca3a",1
"2a74d8dfd34eee2cf01bb4e57cb20fdc",1
"2a85512e6d647f05acf0192f3fb3ffb9",1
"2a8e4b32bdc0cba65222ff438d0a28e3",6
"2a9d62bd2e01a85d313f9e70729daf5f",1
"2aa78e3571bdf42444678327308bc26c",1
"2ab5ead39c653a8999a2c22b7ab567b8",6
"2abf24aa040235b2cdd7f6d4cc10fd25",1
"2acf6c7971d95da171ffb4887f81c81f",1
"2ad0e3218ad91eb9ea7de1e44f62d653",1
"2adf8a46e6c2cc9970bfddbc9c1ddf71",5
"2ae177178069bb893fcd632ea7ba4d1d",4
"2ae27522340f13d8d95a1c57714ef875",6
"2af442baad180e1135d8f8626d630466",6
"2af885aabe8e077773352711eedd1a51",1
"2b0c927b6238d8660404bd6e0cf4cd9c",6
"2b1d47a0b13275e4e528207720e1fec2",5
"2b395769f9271c974d242870bf1336fd",4
"2b3f2c40138292808ca1506601eb0097",1
"2b443cb530060bf8bf4d14bc5b92c7e6",1
"2b5714021055411e3d3d797f6d033796",6
"2b581e6456d75854783573130cf58abb",1
"2b67c3f7792cf21dfa151696b47ed1b6",1
"2b7447f88b754afdc396fee32b9ff162",5
"2b74a944111012a03899fe64628be7d5",6
"2b7583e9800522bda618512f4f94962f",6
"2b77d5ef31f232ef162cdef5c7715fbe",1
"2b7e74cf2bb228bf8f42ebfeb8cb1b4a",1
"2b85ea8aa9a538fff889152eda2d210e",6
"2b8805e1af23e863667a46df3c87a9bb",6
"2b8c83c255c2e0b6709b3ececbd16447",1
"2b987d4289ed9c6a7af11d87941f4ec6",1
"2ba83b3160bc7fc7e3f81631d2ce0249",1
"2bb0455bae6aa3613c6f16a9c133df5b",1
"2bb08d7a3033fff5d2631333f5cb46c8",6
"2bb125d437069848cf40f46d1031211e",4
"2bb966aa3c83263223d5e3b0162daa8c",1
"2bc973027c2ed98067e127c1136e17af",1
"2bd0439c4529d922e23069880ccf27fb",3
"2bd52719159518d2641851466fc67aad",6
"2bda333a960466b7b231013205a8905d",1
"2bdaa2aebf74b78da0fd6bce78ab61ae",1
"2be3dfd65ac847ac653b2fdfe3ca9cb7",1
"2bf50971e6ec8679f991d366ccd0035b",6
"2bf5f936dc3807b92f77eceb46c1591e",1
"2c01a64393519e3eccd4f07fb026ffdd",1
"2c04cc6395b785325489d766bfbdd86d",1
"2c05103e3b8fef91cce6d28239429d8d",1
"2c078df0f5632387af5a74f4a52f0567",1
"2c11838096eb664617a99325bbfbf3c7",1
"2c192c6eb2493373a8502bedcafa40d2",1
"2c1ad4264de5dae086ea903959b420b7",1
"2c233aec7fc77ace8d431138278619cc",6
"2c31eb122a314d9c55405a1d933580bc",1
"2c3a29405922a6e5628d74c24328a073",1
"2c4409a75760d1b992dfbd40cd6950cc",1
"2c482d8a5fd7554d07bdeadef8da8de2",1
"2c58aaa33ccc3fedfafccec6beab30aa",1
"2c58dcdf1bfa773f6c60f3fee50e37c3",2
"2c5d5e2c8178d993015375fff931dccf",1
"2c60c9d30db94e4f97d1b56cba00da1e",1
"2c69eb0e1e6e8fcf219a5c666825265e",2
"2c6b5255b9b811e879641d0aaf5cdec2",1
"2c7a26ce275bdd7dedd9c1c8c0a82f56",5
"2c7f695e26b5125cf8ab58a32879b783",1
"2c839ccb93a8b5c336301ef8fc66056d",1
"2c8861f33a35d062843ed16bf1020164",1
"2c938f60265560bcedc855555b788e08",3
"2c953f18e04efcabe26dff156b6f1c3a",6
"2c9cbbcd2d1907852234339bffffc445",1
"2ca1475f725e2bc43c0a4d2657f1925b",1
"2cba717c72fa0e6c1560b06422c398ef",4
"2cc627049ff364e7c1a06c92749338f6",3
"2cd4295e81ac8e345789c35ce7e96681",1
"2cd7fba2450110d115f80ec89222ca69",1
"2cddeb165471d1ac34d6d01ef21cfca3",1
"2cded6956da02ba4e42a7ac07fd0234a",1
"2ce4a83a535e7fdb14cc79cadce6d6de",4
"2cf8f1a7c85ebf24540c26dd2b9e8921",1
"2cfaf900c4c0c9ea5e8ac7e4e7041ca6",1
"2d0129f29d3f42d7bc03cf3c809420fa",1
"2d061a4143e96b07a70adb6c74330b0d",1
"2d131df83ee1e23cc851f76d1579bb09",6
"2d13214d52a974df8f7a668ec058edf7",1
"2d1470e959decf9adc2c49db186166f6",1
"2d14c88f406e1f7d2e0e8b8aeb732222",1
"2d16ed68b170e2d82dba4e451fbf6a20",1
"2d187705698d2f2727b8f0538fcfa50b",1
"2d18e1e27388824768657e88404c8662",6
"2d1de41b679cff6ab5db9584032195cb",2
"2d2689802f1aaebf7b4bf8e00221daa9",6
"2d29bdff5c8c4dc5dfb99445f2c33fcf",1
"2d34370cd3a2362e00126136bea0d04a",1
"2d36ead4655c13d90fbc2c9b66c67d81",6
"2d38ce4b7b546fe7650e3fa51939ee06",6
"2d3f6f304bed5a7a2effbc5fb4799d58",1
"2d4111d4388d0e1674e6b323c351155c",1
"2d4b773c076ac2be8762131525a7ff1e",1
"2d4bd3a8520c9acf10b52a2e91d5ff03",1
"2d6ac36daf3d3e8bbfb491e7dc326443",1
"2d70d88f16fdad9658e2e51c9d5df811",6
"2d70eb9b0e47cfed3c4b3b7128009de6",1
"2d74bd6263a72208fb1608a428ea7f10",1
"2d76aec220243e202824ceab39451bea",6
"2d848ae2a5ee7b688ff3640394f47ac1",6
"2d84a6b9930eff2849f57fe3db2d3e96",3
"2d84ec3473d1bc6830cfcbd6de982e6a",1
"2d88e9604f49ec2763313b96570b9527",1
"2d8c7f1f4390439c019693520c870b45",1
"2d9b501a46aa5257b2cda9b904b59539",6
"2da2fef2597c790d1beb368d2ce542c0",6
"2db7c8dd884707ae71e526fc136a725c",6
"2dc2bda95c1c66ad603147aac8c60e97",1
"2dc6c5ca55b6cfc44c7beb645a8f2c36",1
"2ded160abbd4991239338dcc26c516c1",1
"2df79977ca2ae35a8cbca6c69afacce4",1
"2e04c5692dc46ce2749197aee7fe3833",1
"2e0a2ec226243d9ca522cc402d9d3543",6
"2e0cadc20a828a8fbdd074ff779b1af4",1
"2e0e6789ab72ccc0fe98100058d2656e",6
"2e17c7d9a921e955ab14ffb4defc1890",1
"2e18bf218c0beb16d2a154a58424b34d",1
"2e1f6a40e2f3a324db1c2e629a994298",1
"2e207a4f97d8f680c6edcfad1e70dcd8",4
"2e25b2f05f1218a05c189cd61f75a4e5",1
"2e2aac7ed9a6527342bec6936e33802b",6
"2e2b9a79bc78397c63ecd4d809bb08c9",1
"2e3c26d469cea8e37fa88260e22bc953",1
"2e3fccf323891ec79920c7390dadc282",1
"2e491db923b974c089f99077e648d04f",6
"2e4ebfb0f15413a5e81c63022ecec459",1
"2e4f0fd39a016f71f4c949a8ec8c9dcb",4
"2e54b3f6478cc5542f6ae20e2449e665",1
"2e557c716540fa134552c03d7d8708ab",1
"2e55dac17e444f2593b30fa93eb2a42e",1
"2e5795eee49fcfe0d3ff0f12eae5eebb",1
"2e59d2f194675015920a5eda040e70c5",5
"2e5c9824b817e3b0825f4f152f3bf2de",3
"2e6515df478dd2196acd48cefb4b692a",1
"2e653a9a15fc04b2703cba3cf2f49a63",1
"2e69b5027fc1619196f446bb4cf74a1e",4
"2e6d24806dbfeb4057d1e63119b8d5cb",1
"2e739651b0a23104bef9f0c962074340",1
"2e7618778c9d8d8a9ae2af1f156d6777",1
"2e7e4d5f227aa170a4de294490cbe106",1
"2e9012d377f0851b0e588fbca481640b",1
"2ea94e369e64186ea75e5208208089da",1
"2ec28d35a4254b37afee4116c5b4eb22",1
"2ed541d7658ffab43174b8b777d07c5e",6
"2ed5971c413bc2f55bb91a2bb870de71",1
"2ed6e0b78a224475499bd42922292037",6
"2ee3a6442d032457520a46fafa5a41a3",1
"2ee6e996b9aff3d8229818993cf5d045",1
"2eeb6044afb2e36ec7f71b27fc8045a5",1
"2ef4bccec9a3529901f94973638b792e",4
"2ef8048964455af4ca58458150eb981c",6
"2ef989c96a71a380883477e733f27eaa",1
"2efbb1ff5e0e011b45d49dc9b266c426",1
"2f0aaafa49e82b4c3b37329eedfaf864",3
"2f1092f41ce3a72444c5b2c944cbb128",1
"2f1b957e1df10e7c5c28257eee285864",1
"2f1c857802b8113fc53be4f46f011715",4
"2f1cc509c44d9ebef8f9ee2770703f33",1
"2f2a1a21c3d005e121488ffe14b7f42d",1
"2f3873675ff92c049814960ecf43796c",1
"2f3bf040a9731c9671a34e21c428d834",1
"2f409869c706c35f734e9b99aa78def1",1
"2f44a712c30930418d1adcedd0781d66",1
"2f5301fea9d5d1952329decc0d7db2b2",1
"2f53d4ccbd0357923645bbb628801419",6
"2f5ba21423bb43835717cabed2ad6d1a",1
"2f6804dfc7f3e1a13be9ce19b9017cf9",1
"2f74fc0cba6c85d53d59a083659bdca2",1
"2f7b36d01d08e870210f5be713477142",1
"2f80f88a9b84a55b23575042b887ece5",1
"2f86c4fe848696b214a1d765e4fea635",1
"2f888bae9c642a26889cdcae62deefe6",6
"2f8cc0a3d07a3e1360d7e99e3e2ab991",1
"2f8d808ea0a68082422c62a3c9b93218",1
"2f9547eca2655db52fc444475d06fc0b",6
"2f955249514108d2a96ef94a8289062e",1
"2f95ca9bd6967ff0de2825f2f181f863",6
"2f9e9fd9b6db0e6adf968ac2228fcc69",1
"2f9eccbce2b4301c5494ac0560fec486",6
"2fa89fe804721370d53cd86f4857d14f",3
"2fb137f268c742b1b0e427a090d4a84d",1
"2fc99482504d683835bc53168ea51916",1
"2fca55dfc9205f5217283614af6caf21",6
"2fcd28730cdbd8815e754db1eedbe38d",1
"2fdf18a9671cfd106440c3b07e742793",1
"2fe2c23cd41ce841dd1bcff613b8ab79",5
"2fe30808dd3890143145a13714a76701",1
"2ff4ce72907bc382d8d47961e48d1b17",1
"2ff9ba13ca264d376f03e9dab8275d2b",1
"2fff6f6b629c8d7eb8743650cec3ad43",1
"3019390f64ed94c009c6a4adcefece8f",6
"301bc5d8eb7f5b8b700b7feba8ff616f",1
"302057cb69eab12e4a36bba4a03ab155",1
"3020b44701ec385c4a984cca30f82bf3",1
"302e03b9755c22cb07b75c1c64c7e376",5
"302ecc8197465ce768790105b50ad9c1",6
"3035c838aed1836270b4962b1b2bf425",1
"303acd3cba8e156ed4437f99f8134ed6",2
"303cf65b102809db1fbf9334f3c6bfa7",4
"3040a4cf5df992af416071a882d134f5",1
"30469efa0add8ee8f535327705340f02",1
"30490221b5051c52cf8daedc023403f2",1
"3052d9f51fbb5fab6393d1d5b2b62c6f",1
"305c0616bdd3e411bbd5be0cc99af00c",1
"305f6f438319040ef5cd72f9c4eb4a84",1
"3065805979922dee2806faf642122486",3
"306b01fb08716c9556e007de162b7414",1
"308175e603b4a010ded47c383821e5bf",6
"308c47a265d0b51133a9a7d1635dff9e",1
"309db08366c4b1a8ba35ec7b02ee56b2",1
"30a0141f553739127d328a618f130c8b",6
"30be9968a10230480f167e3ae93e8927",1
"30ca0555765ef817a201722f02cd7374",1
"30cfa7764903615c75575310e6942526",1
"30d57d355e5a517cea892fb9ed37f9e1",1
"30d966df2dddabb899654731687412d4",1
"30df31addd2e29226bb33cd8e152e2ae",1
"30e1c6ae9383cab0a0aa326944bba37b",1
"30e1ce3802a30f3b1ad4e18d7cc0b090",1
"30ea1757444d778dd8a13f03f5ea485f",1
"30ec582e3aa2b7704206019477327a92",6
"30ef3aa17520d45b06aa4cafdf62d483",1
"30f422cd3aabd069e439c7bd3bb02122",1
"30fc56523ae5e37052183f440d2bde30",1
"310e54b1930c4370aca2d0cbeb4a384e",2
"3111394680bb56ebeb4b7d4dec30326c",1
"31115d769ea56e965bc36de548587288",1
"31130ec13689bc335c44f1053297812b",1
"312ebe34a6cef3bf5e81a2d0a5bc9b13",1
"3132c2bca91982b810709efc636cedeb",1
"313a0bdf7763454f05be48c43cb38c4c",1
"31453471ed2ddfc479b846707a064f8f",1
"3148917d8543301f21ffe9238c25b36b",1
"316080f65cabff7f5da7fd4a17b7918e",6
"316115a90408b2fab11f499e29194af1",1
"316465b4f934cc9f3bc215d25fbb46fd",1
"316c2471d4e808cd0e329b0fd0aba709",1
"3175333e898ae5866a4f9ff9b9a878c0",1
"31777e1190a9e7fb38a2faadd9edf492",1
"31861246d8a696117296fd618cfb4b57",5
"3194c68c510160823ba5c58544778e8a",3
"3197d2ef8b06768abbffef0d07c7e543",1
"319b143ba95736d8c8dafcae05f28faf",1
"31a3ea6c1e760999da01d931f12e6a8c",1
"31ac91ba530be043487b9c8a4b94c5b4",5
"31ad2b03d0b6728c16cfb98f80f2f50b",1
"31bbacb0a8310c73b936e8d36ad9ffc6",1
"31bef1bbbd652f24225bc6ed73db3380",1
"31c57f033fb3ae25b1635c5bd0e0e8be",1
"31d775a22fd079f0e9bb9496923a8688",5
"31da8325d45bf99f2a5d7e785e7c2742",1
"31ecc4158999802ffd18ef2dbd138851",1
"31ef061e538f54de0441318bcc6c2c59",1
"31fc9e2bc92a858ae4251ec0b41bfbff",1
"320038fe4caecfe975d0a37ae3396de0",2
"32029c1a5446a5466de63f238e3b8dcb",1
"320b4ae2ae057d446f64adfa72ab8811",1
"321ff7da8ff68006019c4c72f027f82b",1
"3223d4d0c41275db9574fe56e8b6e9c7",6
"3229f8771549361f5bef6d2e23d54938",1
"322f2f9f723039650b0fc177d2f6792d",1
"323291b002ad96a61973d16e15816b9a",1
"32385dfb5f59c0816ef2729ee539ae72",1
"323b860877a7c70a17dcd1125d16a578",6
"323b9efab175caac078c047ecbfe52d8",6
"3241aa0e1b6887528a72aa663f48b4b6",1
"32425d154dd1a63fefa26e937acd01e3",1
"324c85495f44a3dbd3d5a2547ed0452a",1
"3252e605385c0227bc55d72ba7ad6239",1
"325568ec13fbe12f360fc110f7284f0f",1
"3260467d1d4469d90137cfb3360f2e0e",2
"326b3733bd37a41f2a5ec31dd8145cca",1
"3271245cc817be0b1b067d4ca3df2fcf",6
"32743741bede2a1bdada770b1b8f71a7",1
"32766864e5479e5bf3982faedb3e40f9",1
"3276ac2d5f41febc82c1ea003437e4ff",6
"327837c55f225560804b1ea888195945",1
"327a1654457ec853935ea0ac59c8a7c5",4
"328a5b2ecd7d303614949830d941a428",1
"328fc8331d80f51eb885d89d9c0d644e",6
"32969e8ffa9be266f82521542f1daced",1
"329bc18580b74f1a0bb05559d9c68c2d",5
"32ad8883f8d8672661565bb5303335b5",1
"32ae75ad24896fdbe0ee9b6f90b3e082",1
"32c86af0201152be63b0a012adb61bf6",1
"32dc3566440f73ec71e10423d3a14123",1
"32e1fb91ac47683a2592f97aaeb3ec09",5
"32e437a8677eda28ea505cf299067ad9",6
"32f865bcefc295000528efa0a7132517",1
"32f86709cf34b3ce129bf39d6230e26a",1
"32fa7280afea9a0be05b23971912819b",6
"33034e83c59cdc6e5fc9ebb33a746480",1
"3307516525f4055ccaffea9e4d1380c1",6
"330848a00133e7bdc8d5373678b69a03",1
"330b2770a1bd44f54eeca28153f5688e",1
"330d7d93a298da3fbfd626eecbe204d2",1
"33153d1bd95113b109655e5a5a62b2c0",1
"3317bf378fad0254556242933ccddaa6",2
"331d5cc00185989e3ca11d0258c89d4c",1
"332374ab83cf1736cf60b42e2fca4abc",1
"3331f4887bb31921473646117ff26878",1
"333520f16b284d5797a27caf8eb4379b",1
"333a412ce52a9b43cb34b5478d5d2a3b",4
"33464e9ebb0e53aa5572a36d9546ac1f",6
"3349f760e42e7d3f8fbb36820cdb24ad",1
"3354a0056b5cf10679bcd185519f54e5",1
"3355dc0c456b5512a63e9f04b2cd3123",2
"335e699a70edcda1361ec48ce1e35ce2",6
"33822ccdb6658e9fbf2237ff4aedfebc",6
"33837d69bcfa7c93c49f03de424676cd",2
"338b9598dd451a5207ddfb4c003138fa",1
"33925828a241a3b79046cd4095042ae0",1
"33938320aea465056bf836b330cc5f6f",4
"33944e80a70a87939aa8656bc361333c",1
"339c952713cb1006abfa8f942e70215d",2
"339fa33f00c329192ae5f3d7426799f8",1
"33a1dde88c69badc2302fedaf428bf7d",6
"33b3952e9534522ec40a273d03f8c6e3",1
"33b779ba241b874741fc92b7697a24b2",6
"33b8d63428e1d46b6feca0ec21699532",2
"33b927f8495d9e554e5d3b32412fc5e7",1
"33bba0acb9006ced6784aa7f00158fcf",6
"33bbfcb53a660e5cc8200d899fff9093",1
"33c69b8e862d517ea20ed2e28d08f51a",1
"33c818062ee123156712c1da04cfeb03",1
"33d32221fd7d62b833fdd07add17d1b8",1
"33e3e26309aefd39217477f16ff7ad9b",1
"33ed3cfbc3c5c19939ae43ef2a13f52f",6
"33f26fb5348b018fc23ef267c29950f3",1
"3401ae9afce50487bb22e101273ea709",5
"3415b1d62866eec0fd0c2844f0f89be0",1
"341f90b42657a973c51ff7aa6620e6e9",6
"34275cf71a94c3b7ffba6b01a500980b",4
"3427ac8d252093e3493072f40554d214",1
"3438b4379f495764c79632d16b5e9db5",1
"344be7daf74e018cfc8d9ba2b209c33b",1
"344ef20c977911fb74bed3677ff47fc8",1
"346266aabe1ef2245f00839e8cfc1fff",2
"3464c9ea3d35c3f2481bcded81548541",1
"346e5be76925296a88a81ddce594436c",5
"3479c467254a5cbc46f0f76fb3384b10",1
"3480fe0379ddc258e2cd15fb436e2d4a",5
"34816cf588f2bb29ff927b2bd62da29b",4
"3484603169ec3cc33f3b8f870d04194e",1
"3491566c82c0a4a6c5bc5361f4470deb",1
"34a48dfe895cff1d3ae4a62426762a55",6
"34a9fb070cf72ebdb407271ac17e4709",1
"34c0abad37f2e4b027b9342f217c1caf",6
"34c0d982964ae2e25dc3288223384da9",1
"34c31087e6adf437a878d598a1cddbe5",6
"34c3abc3b7bcea50d5e3c63217c4c5a5",1
"34cd0d7e475b42f02aaf6cd9c66c0955",6
"34d48f86ac6d360dfc196b4bda0162fa",1
"34de217485ae7029fc0be58b675aa62a",1
"34ee74dc456fa64cb34084a2b15eefb6",1
"350031207368285a0951530f0a158505",1
"3506a2fb537f011490e44f1e28fd0477",1
"35134bdf9c4563fee19b21bbe9da9ea6",1
"351f4490fda0011ff7c610eb85dd77b3",1
"3526daae5bc33649bc43a2f00bb4b218",6
"35338fd74ae79ef683a5cbd9d688926d",6
"3540864e2134a244314b6d1274935360",1
"354198f87c25c658a1ce029e8724ded0",2
"3546853738decc02c107e3a303e1f00d",6
"3549d73b242508564bf12a8cf63a1be7",1
"354a344b38ab9bfc0d2caa796b37bccd",1
"354f51744e9b8461591d6030b4328045",1
"355a10dbeb60bf4e27ba01e496817f53",1
"355a39deda2e57123a404c7d198199c8",1
"355f05304a6574479e6e0345382a2ae3",1
"3561d8f04ae8836b222a30a3f82e9e95",1
"35698c72e14593b904cc102b0d4874f6",5
"357076049b035472e5b4c432c251ecb6",4
"357b935ebe06d10ed2d84cda703735cc",6
"35830072c16f5f9a99424485cdf73bea",6
"35982873713eb5e49c49878496bdcf99",1
"3598349a00a35f16c84fdb73be2b6236",1
"3598bd1f0200ced1258b3d438079688e",2
"3598faf81e640fc8190b26eac136f680",1
"35adfddd014ac09564d7e5da3c10ac6f",1
"35ba902dd635c45dba55b46006455689",1
"35bbacf9e8bb8dbcbe1fc12b427f97a9",6
"35bfdfca29b85e5f61920c57b97a96e8",1
"35c43a7bfe9b0fc99ec9496755b94b6c",1
"35ce07c2d5c109880cd1f0334d282764",1
"35d360925927468694fc300b074f01cb",1
"35d6df303228e7552798c27d9a0e4ceb",1
"35d9fd41149256685813b08463f2fc52",1
"35db6ad4124daec9642db3c8bfbfca32",1
"35ddbf23ece001fa2ee67a376abcdedd",1
"35ec6a4fae73bc214a15bef139733591",1
"35f655d8697f08ac6e17c6cb0bbb2105",1
"35f85bcd1dd544839dffd6f318a30a5b",1
"35f8ea1a67fe8c72d2783313c84cab25",1
"3606c08764c52920306f02b0d8b014fc",1
"360a5ae3d6863c9f2e407c3c2cb8f6f8",1
"36131befe4fec6d1349ba4d5dfba1cd1",4
"36177bd237398d340a490dd93ebfd9e7",1
"36198d6fe4c28ed291d5a83b84a09210",1
"3620bcfc688b8b9e9e25a58a7c5b468c",1
"3622c4b066fc468454d64afa21377a70",5
"362754ed6b69679beb1ea5332e3b894e",5
"362c21a81439169f19a2d911171d632c",1
"362db4a3b9063de8dd9d7cab3b60fb5d",2
"362e22a7e2de2265038cfb15232e6f30",1
"363415401b30bb26653af75f7ebb6a8f",1
"3642af25e87396cad88eee5a0fcb1541",4
"364abedd57d1789468e39ab07252fe2b",6
"364d136ce5cd3e9eb9d7cc303cd76e33",1
"365e6e6d99c0577b7ad22d5debd7eb52",1
"3664fe7e2db0b40ac9446ece18bc04af",1
"3666ee63c17f117db33e3ab88ef79ccc",1
"3671b431a8d79a06c195d08fa76b03a8",1
"3693e04671904699c431759c372bfc16",1
"369af2a0789e02875e46cba3290cb08a",1
"369afde2edd48b7cc433b36006b7f13b",1
"36a3513d583ff6607091bd5048fce84b",1
"36a5598fbe63da701940f80aa0a7a573",1
"36a5ab9a31073914e6c898a477e97b98",1
"36ab3eb811f838b078fc839cc0d12f52",1
"36ae6860f29d0ae093a574143cca40cd",6
"36bdc7934be6a3fb435f8fd2c40845bb",1
"36be57266368f0de699edac3e7ac11d5",1
"36c7b866181e733def357742fa12a2b4",1
"36caa51d59d9cea3099a675e328d5f2f",1
"36d67e119d581b2b299486475cf42684",1
"36d82a10057bd8a8cd03b4626c61e16b",1
"36dd7e5508a2b545ccccfca73959fc4a",1
"36dff2aa9a0321faab1ddeb36c8ff27a",2
"36e88a118c1415cbb6ead48f8ffe99e3",1
"36fad6418b531f3b8585898867b314ef",1
"3711096072bc6cc9a2ed4d1488121c07",1
"371758ee4974845fe2ac41c327661c73",4
"37234b70c469396af9ac3b3b2ed7a7ff",1
"3727d9ab304efe5263165ad8145dfc88",6
"3731a1d6532d2dac7d73803d7c53ea7f",1
"3736d343a9f426eecb014c9588f1faf3",1
"373e2b311c60fc9c20b15744620491c1",1
"3740a28a1f5243d58611e964df363b5e",6
"3740aae17719a42eed837779925934f4",1
"375d73f171c924c8f0fb31357829415e",1
"3761537f38f933b3bd03685e921b3da5",3
"376e8abc06205b5da588865d817e91b6",1
"376ed7ca645f9de61b44320a3e0fa4c7",6
"377875cb33cba5b5ff18cf4e72ce5d29",1
"377e948122e1f77177b6285b9692f348",4
"37813907ddfc07bc041e13629df6b3de",1
"378b9f5acdc3be000cd906f6e61d51ec",1
"3790ee4f69cde21bbd13f43b544b32e2",1
"37926434d98e2292314845005543235b",6
"379d25261c81e61ea241af555e8ee6dd",1
"37a0346f78bd98607d7d8eff7167d1c6",1
"37a1fc099cba9eab84e689cc85538390",1
"37a2390f3bc0642b68113ac22847833b",1
"37b581c4f3a43ac9252600c723ee9bf6",6
"37c104299048fa82df2820ce03261204",2
"37c6d39f0addfa868cdfb77272ae9b0f",1
"37d6629a873a4ccaaaf814316c8bb383",2
"37dd9de3cdb897b665a0fcbe229989d4",1
"37e33d166007df0f1b3ba61d25471d07",1
"37ec66826f7876ae711577f36ef9a7b7",1
"37f322ce912b0daa9e508cc454e64b30",4
"37fe3fb5b4d0a0153a94fe63d2348797",1
"38101618cf46038dc1476dc10e2eaabe",4
"38239e3d0b478ea7939bb0fe7cec24b6",1
"3826368e95db7c71e0e5bab6a6c51b30",3
"3832725d58f17235746663b6880d0063",6
"383848a7f80eae63cd9249092be75c13",3
"383c5bf4b3e32c1edf0e0909e1225f5f",6
"38462f62bd58dec0652fe3e9e73e1d9c",1
"3870d1b66c15e63833e19371ca9242d7",1
"3876832a5833198ac6f6d4d06954d22b",1
"3877ad2f1d5740af736427090b4036ed",1
"3878271abc23175c8de2356406786e83",1
"38927de2aa5471bebedea99d1dc3ce6e",6
"38935f0a2233791fdb71a5aa39881540",1
"3896a90b3ea90ddb3e3a45df3cd625d1",6
"3898a7d1969aa48fbfdd6b724ffd88be",1
"389fc1ac7781d6aa5e30640c9acd76e1",1
"38a10be27d76808e40f8f381877d5477",2
"38a74540877f28d28c97fb17a8220d53",5
"38ae5c7b5bcc60c8205e1473c725789d",1
"38b045653d75965b528d90548b00e9e9",1
"38c145589ce01620911adf3e616182f4",1
"38cd4585d3146e62c63e9d356fb26669",1
"38d27e5573f3e246797cfb0a846dcde0",6
"38d3096a8678859b1b56bea2580a9fb5",2
"38d36c54e0f5215032f3270ac4561437",1
"38d80a36c0194d589fd501f0692fc5f3",1
"38dd9d18c723913b8b16c349fd9d0d40",1
"38e4ad9728fd2b204b46f0f4fbf2fd93",6
"38e979d45e29d154429218a524dcac9c",1
"38f823b335062bb3c8e8ab4fc731a506",1
"38fa618ad6f933e104f60adad340739e",1
"390dd4bf2d3e8322913215f61a5ca93a",6
"391d2dd953603b156d14b7ebe12c72b9",1
"392160588ee24edc8e3427b25937713f",1
"3922ab8e55cdb1ec446c867dbceeb915",1
"39242567914cb4363db1811a38edda45",1
"392567a6d173c0c1c41c4a1f4991ef1c",2
"392a1ec0fcf777bf59711abd8df61111",2
"392e55a8913b607b03d91c57f10f3dba",1
"39321a0302e16409e3a7c8dc36febe73",1
"393335fdabe5f5266961146950ccd275",1
"393816c4fa59d86ad0596c17acab032d",1
"393951bb49615330666d760968d39618",1
"393ba02f6b177045eaef26011604e190",1
"39432c1c4290bf2e2d0b01b673377586",1
"3945162bcd5b99b4befff9c9ec3da709",1
"39451dc2c439ade4139a16810bea5239",1
"394baf9ded8adb5a588cc779054ad6b5",1
"39539e228b943e2d1d11fbf066106ba0",6
"395a117ee23e27626b0930888ec23ca0",1
"395c3daa3716b5a43e08840507877f00",1
"3964a010dc8c8a98c18a571e272de5d2",1
"3967417e67c212405614b41995e475ed",2
"396b516c7c9347be2ffdbd1ac7f6979d",1
"39746dd3490f392129bb5833f5df46f0",1
"39868343007d735beaeaa7b2e82282d6",6
"398bf67717206d8206c1e9ae78b486ef",6
"398fbf1a246a8195df2bddb7cc292368",1
"39934093879911c08ee286a641d851f8",4
"399893f1e695df216f324800bdc7750f",1
"39a1fec83156d747454c6bca5ec6a1f5",5
"39a2cd5f13382812e3e65fe1114172df",1
"39aba518cdb9155b44181d3cc36b2d61",1
"39b4200bf0c6d1078438282faf870c0a",6
"39bc0b7fc61c1ebb3eb1681a825027e0",1
"39bd38524b4c60fa566278682de54d2e",6
"39bdb1719686b04e2b712c4e7f68e68c",1
"39bfb2986bcd837d1ec061ffaf2976ed",5
"39c0f565345d478b8349e37dbab662c0",6
"39c2c4f0d341e0c79b892129523209a4",1
"39ccd73a211f6535721b9461edce5aeb",1
"39cd2c6d6e798b855e4e568c563d51ce",1
"39cd9ccc74a7181f79db6720b5128fc6",1
"39dcd36a9cbeea7b4327408b9ff5aecd",6
"39ddf8fe93d7470ff83b81857e4b15c0",6
"39e7246f36eb0d7cdcbd7726f5c566db",1
"39f0177dc9be6188d9499b39f70805ce",1
"39fc7e256058996fc08610fb862a5990",1
"3a032293bbe06d2d7a74de81eb51e363",6
"3a070e2cba0ecdd80295ef215ba9e3da",1
"3a15f0f5f4225f9e7ce44238a55f6b7a",1
"3a1a70e7d2e7c9d77b7fddf48ba10e9d",1
"3a222f1e9203002780450d5eefbf02f3",5
"3a233b461f5444400a4d60535998a1c3",2
"3a283dfcaaea64f54bc58a92a6b8fbac",1
"3a32f20cc50dbc92439cbedf5064e9b9",1
"3a3f950341ad33d4ce285efa95464054",2
"3a44d5f8071f35257c1a554f0fb8eb00",6
"3a49a18ee6c9b5fecad9a9dbb1ff725e",1
"3a4f3f75bc62c7462098dcd8754ec26b",1
"3a55fa855ebd608f02532f6f8b5dd98c",1
"3a5608ec06fbf8179966e9e198ab3841",6
"3a62a79a954d60dd715e880b4c63a074",1
"3a63977dadb1c646dfa8f5de3af5ac5f",6
"3a708ac13075d5e2349616c7c3adbf58",1
"3a78b7c15f09a7d34246699db8adc08c",6
"3a7acbb4a4e55c5193e8f45aa33000c0",6
"3a7dd8e484166f164c5dd1999d26254f",4
"3a7f1b94c51d6f4e8daeb1cd1ec216a5",1
"3a8c53a6ffe2ef4810bc857d9669f380",5
"3a986ebfb044080df5b88fb222a78965",1
"3a9cb3af7766b8ca3d517e5c3c21cede",1
"3aa4c68228c069ed00e0f89f4b9f89fb",4
"3aa8d4ad3339ea85ffbd4ef9e0bc99e7",6
"3ab81def1e7d08a58d3832b749fc51fd",1
"3abbdc187caf0168bbbae0c096868b9f",1
"3ac92255a95085dec613018d938cd35c",1
"3ad5c8620f8830f7606acf6e0173ceff",4
"3adc6a7e17ff903ee4085c7a70a18b3b",1
"3add2b7e80de7dba603def25a0bfce56",4
"3adf31da84397032b6bcdedd3e366649",1
"3adfb9ce79d3b88ada731fa1cace8e68",1
"3ae67da5ffb960161d90c00d4a34628d",1
"3aeda7cfe0d49931f6129ff4f4179421",1
"3af9081bcec658cfb76a400a6ec65b14",5
"3b06b442f236dae889e2ed834a73b214",1
"3b15541fe0dee61b74f307de351fa955",6
"3b171fad2591e4b4195983eb9e4a33d7",1
"3b24e7ee64cf121792c509ab6e455c98",1
"3b2df799c9a6b90068922128725315dd",1
"3b56b7e0cdc16d8e54f8948879b26a12",1
"3b57a6ff01b5e49279d68e037b776a58",1
"3b5a6d5f095780257d7b8ca8e0656781",6
"3b5b81050c2a108c9aa5d5afe3b3a220",1
"3b5d197291b402532b2d143fafd50dfc",6
"3b6124786a4c1360958c15bb183481fe",1
"3b6444e6eb1725bbd4e28d84b1cee4de",1
"3b6a566296c60ed0d3efc4efa70e8cd0",4
"3b6cd8a3c45baf7a31a20b386e1a1849",1
"3b6ffb58cbb6310c403f6128ed909881",1
"3b72f71c63aaefb63b7779694bea106c",1
"3b7b9772f8208e427bf943a5cff041cf",1
"3b7db203f147399fa59f54ede10e48bc",1
"3b89060cf5e44e79d46c93086571ccef",1
"3b9c5b238fba090ff8d7cb10f8f6f8dc",1
"3ba93dbcff968d1ec5b8a01ec0c31d06",6
"3bafb10d712f2a105b7b0eddd2700430",1
"3bb23961a66104a852dc594e01bd6477",6
"3bc1c5e8b64619994a819eb002554d47",1
"3bc761a1c25d65ad9cdef40c6f0b7898",4
"3bd4f10ff6268ba401e70d96caf38e07",6
"3bee649b445deb537125fa0887b53281",1
"3bf2e73392881b3e705d100b301450a4",3
"3bfdb18adff33d882df6e1d2efa5fe19",1
"3c1392209e7c147a991aa6836e672b3b",6
"3c13aac1f36cc7701b2467aab79dc76e",6
"3c153e5c53c63676b110c18a8f4b550c",2
"3c2a3b396ca22c58496f0f6a2c0b5fcc",1
"3c2d133e432682ebbac0f280c885daa0",1
"3c3bb953ced2f804853f28b9736fbe69",6
"3c3fd6dd3b7d5c0db2322b1e5dd947e1",6
"3c5ed9f0a342c2b7b6863a5786ee2b4d",6
"3c7960b3829188a4a50a267ca3b10dc2",1
"3c7f95f9ed0ff63273bf1c15da0b2410",5
"3c8419751932649dd1c4561dc1f3c213",1
"3c86da0367a82052befab1928263f69e",6
"3c9078a09fa175110cfc5ec9f293edb7",6
"3ca2fcffdfe12c858cf0018e9dea035b",1
"3ca8bae1a5b8f2204dcf12c14e09ef88",6
"3ca8fe41576c8d51381b77f63673156d",1
"3cbb53d33bc1e2319966bd10d5ce60da",6
"3cc5e834f380153f1d5d92393e77b10f",4
"3cd5ceeef49392a16a5b2dc68bd629db",1
"3cda9074d0915fde39783898cbf03e02",1
"3ce4627e6c3b50f90ed030a3f9c1e4fa",1
"3cf385371d582164b1447bbb9fbc93bd",1
"3cf723813debed0e71313a553d9c612c",6
"3d0158e3f2a4b70f38d48c47c7086a4b",1
"3d1335d4a94d9c9cbaa3a2758016040e",1
"3d173f94b335807195effc11cfcf4876",1
"3d29b8e6476d219f97b2c6f077546117",6
"3d35fb24966bd8068577e8830481d834",1
"3d3b8c27dce98273960e3446db58d54c",4
"3d47254eeeedb62797fda9890ee4d900",1
"3d49063d55f094ae3e5e6bc20fe495de",1
"3d4dff6054355b8334babeefe16d1823",1
"3d57875b13d762bf0e34af4f45bb84f1",6
"3d5b4676f75988d1f5d187659824e2c6",1
"3d60b7496a43ce48d02ba4af3498bfdc",1
"3d61b3acb4427cbe25186b83bc4f7558",1
"3d62f3a091d246aa6d36a4c2a4d0c1f2",1
"3d71c77e9dcfdeb10ea37b9f84d43183",4
"3d757d8421f59b823a84678b35113721",1
"3d7720f4b919f88056332bbc883b99ef",1
"3d7ac806c7860926980fdbeb508c0eb9",6
"3d7ed524c1d462d68b71b84b8b0323cc",1
"3d80f1b9825bbb1a3502b47edbfcc741",1
"3d8465a35bc1ec1f70ffbaed7c7c5d2e",6
"3d84aeba8980fad4cbde0f5ad83c3a8c",1
"3d8c2e4d29f83a3f70ccfecf2bfa1691",1
"3d8c5934571d58cc133790b81d62136c",1
"3d8e6107686b26ce9c84b051ac4f753b",6
"3d9ff4271da3911e206973ef134d7ba7",1
"3da1ae8b1c582e04b3abe34e4b7d060c",1
"3da20d67d7550b7c0743cd6555330536",1
"3da5681632029b8b040c5cf326a713e3",1
"3dbc655f8f719a7e48f4eda68de5f37a",1
"3dc19862212d185b4d091079dca1ce91",1
"3dc8a8be829bb6df6e690f656f4afbef",1
"3dd9d403c4ad88fc0d4c710982026ab1",1
"3dd9fa142ba8f20782c4b51847dbe07e",1
"3de0239770b3634ac4cd5f97b62089ce",1
"3df656949edefd0d7f49a3dbb855777d",4
"3dfa93b45e5f7ae8268cc0a903f33360",1
"3dfe71edc96f60b9e93d127b963a3b2d",1
"3e00b876be34965537b42adeca5a2149",2
"3e07acf89eb87d7177f7792cb564d55e",3
"3e14d78fa15d5798149f629d17801cb3",1
"3e1bcf8e369f77cc5bb5b8e80698a908",1
"3e37491eb72ec2eefcadecf60581b9e4",1
"3e39ebb40c03b073a3264a454bc0fc38",1
"3e3ab1d53fdc31381bf0288f087efc10",1
"3e3bb4f5c6f6f676d1b3e535d73b7cf3",4
"3e3eb8beb43c7da15f353c3797718294",1
"3e417e892977c05d76b60f5f95b0e525",1
"3e476841fd4567a6306e3166a6f9f99b",1
"3e521a07b31eed33439d337342e3fee8",1
"3e587e3e0e9f1e9959a72184537e0774",1
"3e5ba5b642c65e12eb9016d21a2c0a03",6
"3e5c3318c0d61804303413b7d234b96c",3
"3e64c747cb55de0ab0f25e3d6c3b5aa1",1
"3e689e9ee2c2d0618ccdf72d0831f443",1
"3e6fe9da8c3857033fb9766000a7bee5",6
"3e76cae8b289af6091f9d5c4d9ad67af",6
"3e81d0245390ca9b88964c3b74b37270",1
"3ea2c7304d1b8559b5714a4929fef1b3",1
"3ea676f7a0777918190356f031184354",1
"3ea759a1bcb272e4ee5f38c844c389d6",1
"3eb2570f95c8c051e62fb049076f1e3c",1
"3eba85798bbe211db8cada5fdf634dce",1
"3ec5a7866477ff7bc07e8ee64438f8c1",1
"3ec71dc36fdd2c39b1b022bc908ab414",1
"3ed42ca07b3734477e9baaf5ab2d3955",1
"3edec988f0151166ffb056c7785bd915",1
"3eeb1ad877e2a2e3807366388bf033df",1
"3eed0602395770f67622689a51bf93a2",1
"3eee735b4061d9ebcdf028fab0f4ee47",6
"3ef0b25764ab0c6a253e0213e6e81e76",3
"3ef0ead95ff73e2ab69a51546bd030da",1
"3ef1a5d18df56b1b9f14ac7dd23ba8dd",1
"3efd778750d283311f39d7e472bc9710",1
"3effe15884b7fb52a632297ab272cb27",1
"3f03c70abd1a2fc1e1d02e1062140ed7",1
"3f0c3a5f1aa9f69856d23ef4110988f7",1
"3f1e6b6ae9bd4a67a62b04bf0855e103",1
"3f2400e11618a60428de6af7196382c6",6
"3f25d678f6b11da594263f2cbcec0883",1
"3f26a6f3357696043523164707094075",1
"3f3214c56d0593d98dc9f781a9e819e8",1
"3f3468a8b938babd64999ac86b8e9e5e",1
"3f3fb47d869bb764007ec78d56a19192",6
"3f419232261d6b7602d3cdca7cdbb064",1
"3f450ea03b8af372d1cd26cfcb7f5b21",1
"3f478da54371f91042700d0654607f6c",1
"3f4ddc1f36114803e5969e66d44a0c12",1
"3f50e12301da49a998d89f32d5fd6b48",1
"3f531c53eae2084980e19e2dbd5c47a9",1
"3f5426b664f8ad3ead7dfeb9ed60a623",1
"3f54d6afb5f42bbbad1eb3a81bd9e07a",1
"3f592989b90d1faef6d7ac523aecb4ce",1
"3f69985eeec21f00f45c4d232d9ba449",1
"3f6c1886f91d53f5daaed8b745b4592e",6
"3f6e17348f89a9183521bd95ede2958e",1
"3f75607f0116934d71f4b0307167ff0d",2
"3f7798eaea8d2cc60c094c28efb878ff",1
"3f7f098bf07c17536dc857839fbd1c37",3
"3f8378899d6028b3c3227749bdf3a620",6
"3f958baf9e92c347c15354c90e55b7ea",1
"3f9d30780af19a64e4998b81c3b21bf8",1
"3f9d9fcb9d68704d58bb3fa5e1aaa13c",6
"3f9f524df0eb4e440e2976e11faa334c",1
"3fa208a320b8383b193f8289ecef3abf",1
"3fa2393c0fc5e668159db79dfc9cd2c5",1
"3fa43536d7bd6017e0769386f2eaf337",1
"3fa6acfd7cabdf2afd46b3b1a2780232",1
"3fa7760e1adc3545b75c813b835ea968",6
"3fad3d87e66a3ccb62f345c17f741c35",1
"3fb9b3cb99a09b4fcd0cf35787d2e890",1
"3fbf8162a14e816e2a391b645a086617",1
"3fc76f9053c6ab41ce670a4a16b8265f",5
"3fc91e851ecbab9d2423a163c667de02",1
"3fc923f49dac42327b4bbbd5368e429e",1
"3fcd18832ffc6f189abdf9d7df428fc7",6
"3fe100f45e15091ff04579e47e077181",6
"3fea690e43dbeb79ae72a29cb9710714",1
"3ff28e89aa4a4781a0636ac460029a64",1
"3ff8a3bd412c99228e196b4d87bad6f2",6
"3ff8cff9901e52cf3445e39a436b62fa",6
"3ff9c3e652256b8fe6cf54830a2261a4",1
"400549c1f4ed84580ae9692c7ff83c56",6
"400c095e981d1c1e634b9e915c1f89bb",6
"4012f8db1ae97b4129e17a1ecdf3465c",1
"40255f7fd6184a2709f14bbbff1138e6",1
"4030cdeba95b71afc515c9b874cd7f25",1
"40325ec7a188925b0ebde507a8036894",5
"403421136b6e7a7519542c51404ea1ac",1
"403d4bea1cf155ceb153c6f38d80f129",1
"40406d0acd16d421f4444334adba7b1d",6
"40471a6ff26918bf6d3423c2d869719f",1
"40492198e6cc34128910afd4a9f58c69",1
"4051e4fd3aba61a577647ce626142e22",1
"40526c0f6e518754fc4f52e5c8929f41",1
"4061c8ebc123097adb095cb57c218a37",1
"406518dd052f3d169095e717500a2ebc",6
"406ca378474f71da7d587f81f9db9dd4",1
"40706126b6e53bec2f9f05005fe1d903",1
"40762437cc5b837d88b5acd8f4329c9c",1
"407b336f12b9882b96ae06010888b9b0",1
"408e3bc7c8c0669a6415e828f4d3e3b3",1
"409723b032bbeecb9aead3d716668f44",5
"40ba18deafa7c1f7b41d4e92bfb37fb2",6
"40bac43082816832d80904492c04d01b",1
"40bba368328be2a1929281e915a37162",1
"40c2d1808481beeb69ed44182573e00c",2
"40ca7c0fb3a232bf1980957e31c568f2",1
"40dfd272e1b16f67e63aa05ece75269d",1
"40e74c044a75e74d32bc9e4012cb474f",6
"40e961b067fd408e1d01f1a60972d831",1
"40ec82ab9807dd9c5983359a4fb6e26f",1
"40f72d577aea48d865f068836ca43cb1",1
"40f81903d294f0a89a44081123ef2d50",6
"40f90f394c04db421eade95f6d1a8ef1",2
"40fb5dd2cc4770e921d9f6dfa2ff2a74",6
"410a0fda328e225a3a6e6ecb4ec83250",1
"4118207197ee28821850d56e400b1129",1
"4119aa63ea8dc627cdcce20c7079d497",1
"4119e927be00212d6d7243cacc15fbf0",2
"411ce1720b6448822bcee2a63972d638",1
"4122a82f97a369bb516e80a721b64949",6
"4125357d8c5f6a3ade9d10f9555e2abb",6
"412b51b290e0d2c2f78e7719e650c7a4",1
"412d66c40a6a5968026cf5f19dc6a834",1
"412f5f05af9a0767d4bbfee14a7f0b73",1
"412fc85754cc18b2ece01d38842dc251",1
"412ff383182a843971e9ddcca7ced6bd",1
"4131566d50e13a35bd1dfbf4f5590e4e",1
"41378bac146a544da63652635f24b4f1",1
"413c2d1166342dd374b7c4960affed6c",1
"4149359844f148862ed822b124d674ab",6
"4154571df8730afd3a40b8c6ce43e077",5
"415641bdaef262069dea39cdaa803a13",1
"4158b69563bc31574940f2c1c46bd4bf",1
"4163db5df4de3c79eaa978dff74eb633",6
"416403e8655b194de4ad21ffca700cb0",1
"41656c9657ae23c399a845cffa4eb553",6
"416b8c206e9a366ec8956b67d2197e4d",4
"417c53cb1d46553d435cbf14b309c406",1
"418609ed9bd8e0ca31bf213c63d22255",1
"418a4d0a261c7d8c59cd81f075f70996",1
"418b0411f0ebdd88ed5b42aea7c26719",1
"41908576370cef56bb989201c60c0b11",2
"419b5b079fb338e9603f6bb91a2c993e",1
"419e109ed42537f3ab29874a8a2148da",1
"41a970af8af70252ecd4fd2a52603103",1
"41b0ade7f05823587d8f4b264c387245",1
"41b62bbc1765fe7ef1879fdf0f8215c4",5
"41b90ed9a5dd4c2478c754da732190bf",1
"41d105691482efaebe7116ccfb16b7f6",6
"41d5d36d9cb54f76a0c3cb2c06369008",6
"41e494fb266436de5ccf5f0cb5aa15c0",2
"41e615174a36fa09b446bf86c03b37d7",5
"41e9166b7286216dfbd49a8de90c0f15",1
"41e9656f9b3617726c40a9866959cfa5",3
"41e99e01ef292adfaed8756d8b9dbd3b",6
"41f0551f35db528d41dad2cbe9cf393a",6
"41f680cd6bc274c77364f42386a89ebc",1
"41f8be24c08bb2b66fc6fa0d855db914",1
"41f92f03c0794ca44934a6c767361d02",1
"4207fbd5226f9b469a599717a14806a3",2
"421b67160929dd837fdd7a1f51418130",1
"421c4754fd314cf82878682993bbb09c",6
"4222be90d669e9194087fdf8c9eb2022",1
"42320250375db5578e5493cfd4f19f00",6
"4235b728e639897f2c6d9285ad21b65b",1
"42378ce99acf53e3fcb142dc5a70bae0",1
"423971390d7218889da51df95611d70b",1
"423c1185e32cc688110ce3d6e6dd3ba8",1
"42500335e6336c8358b86ea2d63b15cf",6
"42512e5cdf89938bbdf6e3c9b01997a5",1
"425389a9bf01aa59890a4043fdc4b963",5
"425947178dea4f847cea8d48c8cb7083",1
"426b08faff7dc1b9734190f2c5f1045e",4
"426ee746615fae3bfb39fe50588d35ac",4
"42945908b8e182565fc27628a6fcd6d3",6
"429c8de27ff9454cf45e972e59b50941",6
"42a04dacb3058371a7e3ed8da0c28176",1
"42a2a345b80d5c46667ad4a20d973c95",1
"42a99a6f979413d753665357768ba7f6",1
"42b211322f63cbbdd7878ab93d735873",1
"42ba4d6e2dc98bfcdf5e983f28640cb8",1
"42c254f3b0dacdfbc90a6bcdff4f061a",6
"42c2a55d4e245b2fb294eb793198b7c4",6
"42c85d1430ed4244f159f8b1c64247b1",1
"42c9615342dd896ce03f6827805922d2",1
"42ce23edf0c664c0f885d70a2d5dcd1f",2
"42ce956273b53271754ecb6791214b0d",1
"42d040476489ccbe8a6cc0ea4fd39b94",1
"42d3ecb70812e115d977ea3fc16d9ffa",1
"42d8961d38a1e0f9cb27591da32fd88d",1
"42e1d66e483e6ef9874bb750e5d59c80",5
"42e3578523bf4255d272761e3bdfd0cc",6
"42e43640f62ae374ed296988cc10f45a",6
"42ec2b4f4a45e48a50ae1b89b6d7d0ca",1
"42f8111a16104fe4e4d6c7d76cf26e79",4
"42f8f4e543f27f30d9c5f60a41c9ee44",1
"43026afda268fa6ad204c6201eba60e3",5
"43031c2f4da0f786ee13894983c93e78",1
"4305f3ff001ad22211166ee99949f9a4",1
"4307402ca5707bff8a031f891a967594",1
"4309b5719642cd239fbe8c8e488f6781",2
"430a2144258edfe1a563faf1e3050c0c",1
"430a93e472623731e9f7cde4020f107d",1
"430c0e3ff5c5992afe0f3edb14b9ccfd",6
"43139c11adf4ce566a222c57adfe8b07",1
"4314828684c3f9b6a5994a9a4b581c2b",1
"4314c448388ba7fe53de9c8ac5e4e061",1
"4318ced311b3f6a2b82f23bb44c213f9",1
"4323710c6a033250ae42ec0904471608",5
"432a496fb21b2bb66106035f76427ce5",6
"433b58498ddfc3300800de1db7f5ec33",6
"433d7d2d803cea04dd0599edca13104d",1
"4349661bd9b368e50a7c4eb1a7e792d2",6
"434bb37e1822a43867c9451f622f16cf",1
"434f23f9ce1d04c9ccdd6e15f551a3a1",1
"435d5a9bae4fb6bb719c38890d77e150",6
"43753e8a3659b947842c5a2290a739ee",1
"4378a3de187215d7e3ff6d92181dd19b",4
"4384cbdd5f3c9ef67168c155a9cd096c",6
"43886bd35c54a3cfe04275bf313102d9",1
"438892ee1b06694e45ce8c9a3bb62903",1
"4395f26f32b1a2ed3b0c8e6b0e67a749",1
"43a72f31db145d349f26df0d07aaa4e2",1
"43b1176af63e8c452aa348de3c37ca11",1
"43bc4eeb6b97d6fab7e2775ed4ddb9e0",1
"43be1f90f410a76328b6286aba95af6d",1
"43c40583cd83b86488a0e49874a6dbb4",1
"43d77e22e61dbe9906716715f494563f",1
"43d84d62ce45127a8a70368bf4e4f71a",1
"43df4e308e95e95d6152634c1b108a4c",6
"43e224b674e7e87dd77109bb43e3455b",3
"43e9a0d629bf94a6d25785a5a14f4f65",1
"43f552ddad92b76413ef8f7f35a8e8f1",1
"43f98e2c286f27aec9c3d0c9442466f6",1
"43fdde82714687c605a5f615b0ddf513",1
"43ff8e9c8acc5618cc8f08a08a32e981",1
"4405139e5470146a3be8e64ad7b74652",4
"441203a416bc693991010fafa9957a0e",1
"44186ae442fb485e7085be34ed4e8a3a",1
"4420da67184bed87a26edba93d4b874a",6
"44222bf945bd87ea02fdbbe354546eb7",1
"4427bbf1477416a63a43fbceed1713ee",4
"44340a76194afd66a4264e9547caf797",1
"443da3ea6697a3cde91bcf7a0693066a",1
"444402a7ea1eb6e7c8dd2425161a91a3",1
"444dbbc763555593e3097e8a8abf1144",1
"444dc82221f90871d289850180a2c7a1",1
"444e7d96bbc7b6db7add57ffb4fc0512",6
"44558ddb01163f09f3bc51be12be68ed",1
"445dcda8cb4fb4c62fb1b853cfa848ed",1
"446a38541e6fb25e71f9feb5017829a8",4
"446b2c75c075c23753c72e7019a86cd7",5
"44790af5a5da88aa26744e8ba19b50cb",1
"44798fd8a7b8b88bf73a00d2e9efc3fa",1
"447e3c221f6052c90f5e5fdf1aeed17d",1
"447e6b3ba69d935d2c8f1962102ff467",6
"447f9d60e74ca8e4e881f5eba07bcf1d",1
"44812cdd49510b506d8f386d60bb3708",1
"44824272d8dbd3f72ffa68ccfa39554c",1
"44969100e4119553c616f56922e9bff0",1
"44a4ecb5b6ed00ffd3d86462682d4281",3
"44a69bca561fbfb9d504454c6d53cda7",2
"44a6a53f2698e4776f032bd49425c3f6",1
"44a987319569ca2d4b24e4db12c6887d",4
"44a9d818f01f5451071b0047ca14cc00",1
"44aa3a4fc416882f3b33fe34409f5f39",1
"44b32818ba24fb2910a9f877d9e5b8df",1
"44b67b70c517155f1ad0ef040db4a8de",1
"44bcb814c1d417999008996b7dbee5ee",1
"44be2183ec8b20d2dae5f00e660c244c",4
"44db06e6b8608b9775c102c60b330304",2
"44db72fe51c26378a3ff563be69337d6",1
"44e88b470a8cf887438daa729517d38d",1
"44e9e0acd857cf98608d41809946fcda",1
"44ec6aedbcb1a7eb0b74e391d63139c0",5
"44f696ff3050969769228ff55bf0c37e",1
"4502e2631ff4a4b0b8c4d7430f3b347c",1
"45030e49a16aeb5fb939de43bded06c8",1
"4511e6984b0b8f30876ec7101dd55c31",4
"45120c92469895203c603410599b97b1",2
"4520c62fefa89f8437c3f755f8d00a6c",6
"452304251937349abc58e70cb7fdc19f",1
"453087ae37463b498b5888811b6b1124",1
"453fb9eddb569237d5ff4b120be2018a",6
"45478800a21fa74d900614c6fb5bda58",1
"454b62c3c8bb5af63fe7dd97c618e70c",1
"455b7e5573e99c0d32038cb13c77c667",1
"4560099f1c74e5da285c103a248ecd84",1
"45682bea439cc61f8af6a7805bd2e223",3
"4571d82a659f612662fc1e145b990756",1
"458635fa1c99a9d3c84ad190b23fd1fd",6
"4587a8f155c85ab399c754e89372a07b",1
"45918dfa43de04c4b6202d452a92bae0",6
"4592aa6fecac67d8c9c452812f5ce32d",1
"4597a274cacdbe1e3dca95dc57fb026f",1
"459adf6c96ea12cb97916130598a95fa",1
"45a0927d7434dbfd7e8de9de8668e7fc",6
"45df6a2acfe59b5b9f8a3e9e52bb467e",1
"45ee2d38d45c326519cab2df5f0ab404",1
"45f1be77cabb0850051e4efcd29f868c",1
"45f543f0abce5314e941dd1d61b7ab8a",1
"45f71c8a32bd006afc8882392180b721",1
"460162c90b0166c32681d032c30fc828",2
"460a891c57df604ca9f5e135f1b120bf",1
"460b8b289ecc4145b7fb335e9dd3c0ff",2
"46113d6ba07025b2035bf67b63a3a59f",3
"4614df1ec35a78d4beb097fbc6777363",1
"46219670425712fd294780cc0b3b5ca8",1
"46280fd12ad8871bac17aae5d6c92329",1
"462870a314fb251ad7484ad2df8cfdac",1
"4631910adf831668783000c0e484e7d7",2
"4636810ef804ae26e42ffadaba04898d",6
"46433870dce5341605c4c91949c4a603",6
"464b352544d341424ea7d8ec2e283f04",1
"464dc23473180dd6d0053b74e071eeab",1
"464f4a2d9cb04f9d3f2c1c0f593da9ee",6
"4653f781cc00534068f5b854ca46c669",1
"4658f501f73d27549984996ddbcc8e1c",1
"46672c82af6ed8242d71c7a583409976",6
"46676c646d5833f8d77a712d53ff8732",1
"4679217f01a60e9b64840dd185bd01ab",6
"46828fade84e0b489fa3297bd6d8e497",1
"46841982ea2f9e6a37aa01841e117b83",4
"4685e4cfcdf49dffbcbc8f5c83d9909f",1
"4685f521ea5c67376ce4661bbc25ddca",6
"4686dc4782676ad78a4c13120cab6b62",1
"4687c7a0236f17d40f88c5977c6d37b7",1
"468db4185fedad25a30f627bf172627e",1
"468df4a933ce6393386121c071fd50f8",6
"468f748f56f87fdcdfdf8a74c2c7d12c",2
"469be60885211fe9791311eb5b563818",1
"469f4697fd7149f04f94a44bee1210ab",1
"46a8a51c657e6742ce6886d673385d09",1
"46ad3540887f2fe88e1b1cd9fed747ec",1
"46ae8bc52e8df4974ccf7c9bb2afa836",1
"46b0946d4f76dc349c193ad4892b19fc",1
"46b623734932ad08ddc989fff56db9ac",4
"46ba0d6dc1ae24964fee5cd3baa271d0",1
"46ba3c561c87c8dda15e9290c8e804c3",5
"46c0985d64e27dd5a624f0eb2621f0c9",5
"46c0d857b62286fd6fd9d22ee809c145",2
"46c552969020c638745ddd19e2a1d792",1
"46d0a359a94929e719bcbdaba79c22fb",6
"46dbadaf503024e3c66e25bc9db7dbe2",6
"46dd1474ac84acefd7c40b287d89e23e",1
"46de931e0e4713b95366a444e95363ab",6
"46e3d09c6041250a1c911a86ddf98726",1
"46e928f618735a53459592787911d4b8",6
"46ed2d21052d121cc65977751ae19a67",1
"46f32373de373aff4ee12c8fbbc2e9f3",1
"46f8ce50d8a002a788546b781f5ddb69",2
"46f8e0616f1dfc7244a89337bfc71690",1
"46fd130bdd89f520b38a8755495c506b",1
"4705cc08f44ab295ae3d8f86994a3866",5
"47073425c7aafe3b7fbd7217ca12ba4f",6
"470ab6287981efb32c87a7b0a2d80625",1
"472506a18192a36eb230e26320f737ae",4
"47280275c0ae39d720f6d2a99fbb674f",1
"47312a6b03ef259e2782282b38ad9dd5",1
"47412c4731dff21dd7398181bf15a8b7",1
"47427f9daa046ddef0ba9b2d2a86af86",1
"4743c81c7150c28d55de1716741ddc3e",5
"47456b1733d06c96ef8f9bfb4ab01051",1
"474928e6b34553fd5fb85855ce07e844",2
"474d2d691c04fc82dbc6ce32effe394c",1
"47556b74f0338275181753baf0f084b2",1
"4759a5069d5d3bd6e3117fd5511f8853",1
"475fb2e2f6fa9a04b6f243671a842a79",4
"4764fed35eea2b2525ebc254ab86d17e",6
"4769ca01ff7f46dcd45d296dbabe0581",6
"476a73845103121f031d91dc11824ef1",6
"47703fcc710b25076881a23b99261213",2
"477701f063f3528998b691c612414290",6
"477750b477fb1c0ddd45a6da3d7fe8bd",1
"4777aace3b9b4e08bf19fca7c9e2c249",1
"47781f4f0c3c773f80604e1388f937f4",2
"477af6068e79fc4d95f136886688a966",1
"478670c56341e7f58c6c5b34220c4317",1
"478aca0d37eabc85a123cd0c3626c118",1
"478ddccfe4bec30de2c57adab3dd2b3a",2
"4794e76078755d2dbdaa1c8c62f79b5e",1
"47970ed0640731bfce72e0a0cb295779",1
"4798138c9702ac918e420c18e436df31",1
"4798b8cfe5dafa2bcfcf4e8792343faa",1
"4798c2070b8c5619a4380a890ca232c7",1
"47a31e7145fb46d96b94b11fadb6a434",1
"47a61834400286eb91b6701c058b4fab",1
"47b1e4547867539c48cad93bcecd9787",1
"47b510ef0c47178a262fd391d5806aef",1
"47b571330112557d205e02fc2f63d950",6
"47b956588291a2c6989d212106ace5b2",6
"47c2ead2ac117d50387f7b5e37c07650",1
"47d704b08e765fe52fee3468404a48b2",6
"47da1ea90bc786f6e15f6665a46093bc",1
"47dc241154127b8460115b5a5e6c61ae",1
"47e4132c6397226621ca3d682a9864b7",6
"47e4a9c9e1eed29bae7b7684af264ade",1
"47ea1a9aed88cb4431b1181763dddc23",6
"47f64c1635794094139be98012fdb37c",1
"47fc521d6d5773d63d2bd7eb92d88c66",1
"47fcea417837d6482145ea20a7e6d6d2",2
"4817fb367f37c2567dfa28a4ba3b55a3",6
"481acbb085ebbfa600dccb27f9a22bba",1
"482a86e10c34ca7edc3ae7a61515273d",2
"4832699083144a7e2481554a9da218c8",5
"4834144e927409a570083828370ed8fd",1
"4840bd7be0188cdb07eb0e3beadc8a94",1
"4843840438897d251a33f86ab891becb",6
"484e2f8614aabbbcd204cf5cd61d994f",1
"484ebf3e77c32d3caf5adc7ab8f14447",1
"48500ea7744b6e6af72c3c784034e217",1
"4853e37c434d0441bca037b21fa0672c",1
"4855e11ff95ad2180df5b3c84b5ee381",5
"4855f3a4eaf38aa3c3bdaa0ff9de491c",1
"4858280f982c8ac913f9d4e43a568936",1
"485992eb3580ad80ad1b2179f881e16e",1
"485feadd3a8ff1cf0477008101dfa7ed",1
"486145b2e94d3239f1e55ba4c0fbf515",1
"486db46fbcd608d3e1ab4deed08dcca2",1
"486dcec6eed53daf688c25727f57f05c",5
"4872ff8c4bc1f73da3601fe4be714774",1
"488070391fd1ae986c33f9ffd27d3ced",1
"488221990aaca1e4e150617279f35524",1
"4885fe474ed9ed477ecefc5ef77b8ce0",6
"489bbfc6823a7b2cec0ab45d5c9ad70d",1
"48a524b09f226745c75b47f28574d85f",1
"48aa0f496aadb955968b24d157917355",1
"48b09043aa5031625a785a9704657ec3",6
"48b339b11688de1f90d05cf0206c46d0",1
"48b5d4d4021694f393fd8e14f1701501",6
"48b74ea440a94bab2c09b8cc359a0d95",6
"48c50d0d3ecc581f8fff4d7500b0d577",1
"48c9fbfb3e9ca96ab8971a95d47a3789",1
"48dabd5df93bda9d44ec4b19818cc17d",1
"48e2bd238846aa06bc394d5652ddec76",1
"48f204e69b29804a9b746b0dd0789733",1
"48f5c8ae96c039e023a74978ef6ea7b2",1
"48fbe639477333529ac06e5e96df8191",1
"48ff02886739416a241aa5f24df00e76",1
"4908a38e371ea721daab0e65603a4d39",1
"4928f00302d198534a4eb78e21f30ddb",1
"4931f561c02e8e655d4cbee9f8eb62f0",1
"4934aa33009df51397e62dc4ab16e672",1
"49470a1bba234a2e047b84ccd2c827ac",1
"494b2da4d7ae301d4eb7a4d29dc07051",1
"494d214a1a4b8855031dc16f28ed5244",2
"495169a52a8b8a8a2bf95dfbc286bfd5",1
"495656f9a88a985044b53c12e7f4baa6",1
"4959f6d69cecaa3ba6e9c46300cd459f",1
"495a45e6a7a7ee502d2a8f6e37cadfea",1
"496c9326ec128798b39eae6926f7e034",4
"496d69341f4dbac9320d8cd859f7988a",1
"497f0b88c4318a4063462367b470a3e2",1
"498159ff5a4d1fa352f8e065b1995f39",1
"49862d8752d1adce45269664c6f7f2b3",1
"49881edd979fd712c43b742b38833d83",6
"498c673642b5e9f71f06fc1658e969f4",5
"498efbaed97f6d4af249dd7a70906133",1
"498f1aa5f68f4efc8364df225d8f5c5c",1
"498f59b9f9a79db22119f09384e31d0c",1
"4990f5bc717bdab50cd31558228cb250",1
"4996182618e933689696db637222e8f1",1
"49c4ba1a83cf6cb39bc2ebb44c0ea0af",5
"49c8099c0246eea21b6836168c6807f0",1
"49cb480f62c1a58c3e1c913573b60b97",1
"49d563752f381815d3763fd69869d1d9",4
"49d56b3c9cc382b4c2a6abd167934305",6
"49d8a5d28622b369d40691397be3dd1b",6
"49dcc3a43bf289f3b311599d03defae1",1
"49e12944e05c220a96954e64edd2c80d",1
"4a02a1fd6c5e64a42242e4934ac1e0bf",1
"4a0d13cbbf8c71130236f95a662fa854",2
"4a12138c8195ec816a87a5fc69e1f512",1
"4a154a11a464941c99e6fec4a7fc83d7",1
"4a38919db4eb08dd119738c42b309925",1
"4a44f85aafb2ab333249265f55528599",1
"4a4546c15f92c27bdd9abdc7e404375d",6
"4a46243c7e35899c9814e726968647e3",1
"4a49b0207d2b9d40b451b7a3e0897b4a",1
"4a5b365eef364a6eab39ba8153679575",1
"4a6e4c349bfad7122a9807d4787ef60b",2
"4a79a04864cf9bdb33c80cc79ab14f43",6
"4a8ad53755d662c92046c0c446af43c5",1
"4a91747b9ae698b0acd073f1b063836a",1
"4a961fd569238fcbc22e2ed2592c21ed",1
"4a98ceedcf8ca3c00ada8687796fbf5e",1
"4a9cca48c6871636fccce329b25de817",1
"4ab13cef9482bac8ae2eddfbeb89f38e",4
"4ab204268e8b126e76f6b68061dc7a8a",1
"4ab223b6b68e424847f138408913449c",6
"4ab510b551371e31d4b965d9d4ca7f85",2
"4ab7c1587d272c5a2b8a58195b577cd1",1
"4acf188d9e8ee0fd11d6071b7ec0aec6",6
"4ad0d44caf3bb03601d4a642ad7b517d",1
"4ae02452a3221531dc791d469f6dbaa7",1
"4ae9cc35622f4c4bdf737e9e250f8c73",1
"4aefca824d7acdff889e8f698d1c542d",6
"4af812a1191ed3a471be19dff5db3527",1
"4afb06b282d623b8a141be6b27de306b",1
"4b0491c5e583419bbbab25ef92a0b5ea",5
"4b04bf891e714be0f0a9e2cb341fa2f6",1
"4b051e56d306204515b7506a672732b3",1
"4b0807f161bd414fa55302ddfc360881",6
"4b088eea14e6e67daae027110e08dbb9",1
"4b2b57e2e9780fd174dda94abfe39543",4
"4b301c3133c6c08bbc763fe99b2afcb9",4
"4b39521286c1138943a069dc741d3810",1
"4b3d692e9f02bcb99f650fa343c86866",1
"4b53f61942896d03ac9134f4cf8793d2",1
"4b543264515205b6167920fff3344fa8",6
"4b54ed7fefe63f933ab597276f7b7efc",1
"4b579cfe09a2a1605961a74889e76f44",6
"4b5c8ea2be40d12ec8efccfe6a1233b3",4
"4b85184fb479a11e230e1a1c42e972eb",1
"4ba0d0240f6d7e9bde01458de760769e",1
"4ba2aa8b0c89f8a33465c60b04c88992",1
"4ba577a7fac6b92a69c2d23c9df9a6b9",4
"4baa8f47ca73b1e3487ae49701782ed3",1
"4bb1b483cd99651c1a517b271772acc5",1
"4bb8db92eaae1562f1b01d90babb4720",6
"4bc23263dbc436467b1fb6c6e319163c",1
"4bc4dcd69a28e21557886dcb5fe8ba9d",1
"4bc7a52fdf7c2edaaf84a8c5d9ed2725",1
"4bcf26ae6c2772081e466cdfc1a78601",1
"4bd042ebf5995aad1c9bb4acd4be11d1",1
"4bd586b34e5a619663b73af4635dfd17",1
"4bd82939ada1e73f912770012ac5b85a",1
"4bde999bde5429c4c133b9fd54ed2ccc",6
"4bfa10b1bbd3047b1cf4c093254e541e",4
"4bfb72fcde26cd4afe0611ea26c2fa25",1
"4c01e1c565df5dd994a6d798d4303fef",4
"4c0233cddf9f9271b2d0cfd69a10848d",1
"4c07468c6c9df3685a6b547a12b6c8b6",1
"4c0dff57117f73667897311a041b7e12",1
"4c1148b963a13250905465e31db7c83e",1
"4c1a52c48e2a09612a7e79b776752f2a",1
"4c1b8e8a1ac9f608b239b2535c8e995d",1
"4c1c0f74e48e24dd352fedcaecf16e95",1
"4c1c3524374aa4a081bca2fa19ce06f2",1
"4c1d72a3eb64013894b9d969e9530cba",1
"4c21a13fc3d03ff226e3b7fa959084ee",4
"4c22c935405fee504078307e40f3f90c",6
"4c3064169e8dd5b3b8b54a6cd11b8e11",1
"4c31016f54292450fff2962f3ebf3fd2",4
"4c39dab23fc26406d168edc33b060408",5
"4c3e6962dd60a045cab786b45b38176c",1
"4c46b3c805259fc40119999f2b75b243",6
"4c5d534e6b9d072c843c4b94573a90d7",6
"4c5e3e2ad66e278bd006ea96617a3534",1
"4c64332d9d36a4d9378a5206e3159831",1
"4c6897c26eaaa542dcf0bb2211e17ea5",1
"4c6adeff9d41f5605d10036321593372",4
"4c70b7e2e1a15b0283eda4888ef226f4",6
"4c7e775cce11244681d172b7cf2c753a",1
"4c812432b0ecc5d697741662a882ed41",1
"4c86f55b181855ce1f8bbf101716d3fd",5
"4c92b3e91e17e5b58956601a87cf2e02",1
"4ca24f92f6a11985a172ee740cc82da5",6
"4ca2a19cdaefcbe87e9fa82fcf66a952",1
"4ca628412fed669aadbda04b3d875e49",6
"4cb1dbc7f202fc9eefa2bce7d0b87da0",1
"4cb28cfa1f32462a0f185e756f16d629",1
"4cc099c7abe90c63e2457b918b30823a",1
"4cca0417e584138d6e4131fe9a33b224",1
"4cd5b9c2a0b2d07679d6fea13a70988d",2
"4cd8d6547791743b586145cb20eb800f",1
"4cdc8143eaaa193712c36d5a5f0ca036",1
"4cde23e708723b43f2f1085335f7f4cb",1
"4ce220f1e13c07f75fd1c190d4527b55",5
"4ce52767f058142e3249f01f3452be6f",6
"4cefd8048dd07da50d367620b27d7d98",1
"4cf2c2381441669b91ce0c089e298c87",2
"4cf8fba4c5d55171ad44d0a3108aa4b7",1
"4cf9a1cb04eb62bfbce649fc4d7328a9",1
"4cfc033766f4d7014e9c7d4cd439718d",1
"4cfd04e7721627ee1fc837e8933c3f0b",5
"4d06486fe51703b66e74a21ca2defa84",5
"4d0a5f2ab2b549f8aeb9e3c7c5779528",1
"4d0ce47d2b72b68585cec53ca22006bf",1
"4d0e184d5470d8190c2466a2985484de",2
"4d13aa2f506362335e15dff7ae241b93",1
"4d16269e3652f36c1d8ac74fe6514a2f",6
"4d31bb12edc97b300fb6ca1a8f590a51",6
"4d34fe6dbba34548adc272eed98e32dd",6
"4d3e745f85051a97d4e391311a9165a8",1
"4d41e084ae10360c0e6f640d147386bf",1
"4d4b36b63a96c03f513d235adba89cb4",1
"4d4ffeb59b091fa05ffd1536756cd05c",1
"4d55788edc231d5e3bc912a33bc03160",1
"4d59b9b4987f029892bce8a10c2b53f5",6
"4d603106661c0f55245b71153bfe4915",1
"4d6a887493de46547bb8e0f5cf908e38",1
"4d6db8141733bd35aafac3411aa30b92",1
"4d6e269bb3fee13340783799523ecf07",1
"4d6f0850fdefe9b708eca66ee0dbd7c1",1
"4d735c83f7022ee1e8e229159af5fa35",1
"4d7e402a8de955f1b86cad15de5ed500",1
"4d814a049beccaf00d4276ed073cdf24",1
"4d8f1462cdee0eb17b62ee0dc689602c",1
"4d98cc1d0711641cc7da2c8b77117ee7",1
"4da5e6e924eb28c24f86456ab47c2f7f",1
"4db7079ce7666a931a9f62d5137b70d2",6
"4db738a74fccc9e9a9009cbb04dc27e0",1
"4db817a373c7140408a9405c23c84756",1
"4dc200013390b1ac683c84cb7e085823",1
"4dcb3a2aabb4261b776f0f038283c6a4",6
"4dcc04ef33901806edcdc37722d61ef7",1
"4dce25e51ef6990851df43d5171a758a",1
"4dd6a3b11b990f9ef7cc92777aab1411",2
"4dd75bc36af54a8372c4956362c7e5ac",1
"4df30fe711cbcf59cc304d1313fd2e0c",6
"4df807fb63480513a1f04a1b6c85d185",1
"4dff57b17a88320a7df93542003b452e",6
"4e01ccb218ad637953ae152210a9816f",6
"4e08fab9cb83a6a1f628efd5a7737738",3
"4e0b633279da4e750d67bdb2d8677a25",1
"4e0cffbb8bc0649371f94ca1e57cd740",6
"4e12f1d5e715953307dafbe04e1ce1d9",6
"4e1464a188e6e2462f3d056ae5026e1b",1
"4e177003cd235a6cab96a15a6baf8592",1
"4e17f712cec4b31caaa90c34e21e706e",1
"4e1c19c73e44ba22d73da08576a42bb7",2
"4e1c2a4221ea4e3aebb18cf63791c718",6
"4e213c27f7c14c200e09446c72a12c27",1
"4e2e22eae8e1db4edd6bb06edb7fd161",1
"4e3564c22e902fb7643370ac7f85e69e",2
"4e3928e80047e4069c53e71980619f3d",6
"4e3c33beac6dd621f817bc7bee4e2cf0",1
"4e3e4bd52a64605b79c87faff177594c",6
"4e3e6707fd74e402ec8aa2fea875fe39",1
"4e44d428f4b76cc281261c1f0b5680e5",6
"4e4668eb251a44b7d451fa79dc2f1b9c",1
"4e474485e9cde2af8b829c0fea4e9813",1
"4e4c65c6efb51a791d1d5730454b58d3",1
"4e5ca1be3ce594bcb751abfc4a5adc58",1
"4e68c916e222f3ed5eeb783387106f51",1
"4e6cbacb426b679b9bcc306d17952364",4
"4e700ea34315b4ca4e79f77d05a91c08",3
"4e8e50799b3a562c55fb40918c6360f2",1
"4e944f8f367da57719115009d4aefd54",6
"4e9679984b0ce7265e031b0d7ccc2c7e",1
"4e9a238e9846440e349dda8059436194",6
"4e9e3f66127eb537b671a89fc54e991f",1
"4ea3497dae9f24338623376b57288c8f",1
"4ea445a9e4a2d6ea032941fe9f1ab7c0",1
"4ea7f53a9b1dfc644a91f541fed73cb8",1
"4eaad677dfe0777cae74aa4257e01557",1
"4eadf6d5ee071ed68461f70b89f4fde2",6
"4ecff8d0d1075d834d4f1aa34762e7ed",6
"4ed25c8a6cf6891e6502bd7acfd9bd78",4
"4ee17b258dfe246984d8ab439cd59d77",1
"4ef27122ade18eb41637b4a171b73fa0",1
"4ef370028cf717e1f03ef175d2b3a1db",1
"4ef45440c796e596bc6295a96497c238",1
"4efca23b92a5913e121826daa4d0e7bb",1
"4f0e34785e76ba27f438956b50543ea1",1
"4f15691a5e140a6995c52735b2d64a1c",1
"4f16a44b9f7f64e7ddb029e1af5b9fde",1
"4f254bded2365e3811ad85faaa4511da",1
"4f31b1077786b1cae2f8fa4e52c5fa5a",6
"4f37e4f92d0ae7cdf2ab3df410ec3602",1
"4f417e466469a04ef671278a843d9068",5
"4f4b385a276354dbbf1a6870dbe8d242",1
"4f51b75ac81ac05c3f2122fc7a03aad8",5
"4f5c50afff06a1617c0482b5074cd73c",1
"4f63f5188dcbbbaa91566a78c3e0b64f",1
"4f784b54cf9e7d579fada469fb527d3d",1
"4f78edcdc1321fb2c8bdbcf1dc6ad944",1
"4f818fb8597a927c393577870bb27e85",1
"4f8406ab3e42491ef398d762f453856e",1
"4f89fd046c9a268172587c6c29ec4be7",1
"4f8e05a59a6b49b6093f31f4cdc12853",1
"4f9007d17bd63e85ba0228368354add0",1
"4fa60b903087ad04bd2ccb9d624d89f2",1
"4fa6f582502c8ce691856069b8a340dd",3
"4fb2cbf16dcf9a9ece0dc625b021c508",1
"4fb7442a4e6f4a1bb26e6cd7346aa597",1
"4fb7728e12079aba175cc40f7e6f9bf3",5
"4fc020d6db40039ace274ca431a83188",6
"4fc222f1921dd33bea25fa4c1ed99c8f",1
"4fc6b821e0e6ce831f3c04b20ee4929e",2
"4fdb4c9116efcfbb6f086aea961cda1a",1
"4fdc8559f06d04e64e1e330d7431373d",1
"4fde2c6dda283a3fe232c860b9934369",1
"4fe323c2373317f87c455fa7e7f9b512",1
"4ff4f87c2dcaf4806f352d6c5789e6e9",1
"4ffc84fb1742ac219bb4df8d6bcdb8c3",5
"4fff5e81fa69f19c4ddd5d9b8aad35e3",1
"50024601a43650296f089aa552c566f7",6
"5004f4e5154085f42fd748e060a7fdd6",1
"5005c16fc8da5e6cfb3cc76a075639fb",1
"500625eae6d37ae04c61e3059ff1d2fa",1
"501ed2f3c4d0b3bf994c4a790720e459",1
"501f2cab5c8ae1e2055f3bf009f71012",1
"5022cbb9ce1f79bc9cd3d39efd0429db",1
"50296a97bd2da2f289a6c5b404a045f8",1
"502ac39a6f02f2d341912ff12f55290b",1
"502f449e54f246ed2e9f45ffe0f20789",1
"50333c3e524f85819fdaf3677deb7952",6
"50337cda191959abbf920eb85b56f0d3",1
"50413f5e43aaf82caffdf0bbf045cc0c",1
"505afe4d476434e000a7ad29ede5055d",3
"505f8789515980666aaa14d677ad1bf4",3
"50631e33ee5be7f45c05c83b185e8146",1
"506b43fc963413be21fe59d7b3a20458",1
"50732f57ec90ed2ada563ee044499dc2",1
"507a90ca5871e360f93c6d7bf4ab61e2",6
"507e581867aff3f93c8eeadde7cb35db",1
"5085c4d526f058ba28bd4d254bebaa29",6
"5088c59e698479aefac727f244bdbebd",1
"508bb8cd6d2e47099c5432c02cadc47e",6
"50913c2011169aba37c6053a495a3131",1
"5098c67e741c7cfd4d0acceef4575a47",1
"509df1f50c033c9d1f57aa3615a3841a",1
"50a5e9b07b19c9e2ffcbc4f98ef5c301",1
"50a9d9b6f6dee5ac029af6da98c7d3e4",1
"50b18db7d1652b1c2ca6212b46fac508",6
"50b825b0789a56af41a49f3fb3ace012",6
"50bf52af769c44c975007fa657fab0cd",6
"50c99542597326354f17d454e91f3467",1
"50cbaaedfbdc5a383d3952e96fbc6872",1
"50dbd57d945fbf6421cde5a9c9ddbc6a",1
"50dc9f3b00dd1810e9b259f446762ea9",1
"50dcbe595ff478e3605aff269dc5376c",2
"50e640bd02fe6189168af580dfdee784",1
"50e7ed1d1989e99cc624fee31e2bd43e",6
"50e8d781a8c910c01129944257417368",1
"50eba889dc03cd1d1e22387611aebbf6",1
"50eddbaa5be2208cea939b1be21973ad",1
"50f8a96808ca61bde689263b91a33e7b",1
"50fb0a69bfd31550273b79b252991c0b",1
"51084b6cc533760b73c5943cd189a678",6
"510d5a11a2f48995c986b50c59149040",1
"51161ba308e904d5d907466ade79a427",1
"511ae124af1cac80f1ec0083b81853cf",1
"511b35c5e8bcc84011beb0cf618e1a90",1
"5122ceb75f3cf05e80e5ccca1092d33a",1
"512fb80f9d9c058fc98b94500e0191d0",5
"5135c5bcecddec13b803d1a20678bd5a",1
"5136cb0a5c2e995371cb0601442c2a5c",4
"51376e04e4f48393c4c99b29e7bbc3a7",1
"513ce53b0e7f85f668ad3588c1f435f3",1
"5140dd88d7c4c3321d7b67370797b5a1",1
"5157f0b74fd3e20f8db4ed038006665b",6
"5158a057f08213a2a432a0af5eb751d1",1
"515b5fbd23fca2a2fd4f7766fa711aef",1
"51646eb6dadd1a14fb3dc3481ba13e60",1
"516d120bffa74938a0e12bd19e6b22d9",1
"516d549729cc07bb4fb353e46879e5df",6
"51715cdb01e5ec3868b5273178b50697",1
"51a2d1aaa6ad5509b7df20f1cf9a3210",4
"51a6b825ab6ced824040b92070f8efb9",1
"51a8bcc717ff454a2d135982d9227561",1
"51b57462c9ded38774b03d6ce3a43d5d",1
"51becc8d73d2238b54fb5ee8698e1f14",1
"51d262c434b4eb57d7644ba198f7e113",1
"51db0e9b473eed85559a70450d5a2e7f",1
"51db30a7aa7095deb7e8f957850a5671",2
"51e128d732cf2c327be37061611145aa",5
"51e240c5c97bab72b5865130cc10d7f0",6
"51f0b88535c59a36ca1c13f624f6c24e",1
"520f14bfeed63febb53c95acbda01a0d",6
"520ffb2ecc8e23899a338645521f9790",1
"521d3696bbe0f588cb1a3875de9b4de9",1
"5226d6007d2d7aede0146189f8311f6f",1
"522b27c432c74ef5d2fad49e4c5e52c0",1
"523ac860dd04abc12616e21e7aeb8581",1
"523c0497d654d6b4af7c430042ae9027",3
"52496131afe657e2f3a909bc241ceb90",1
"524fdae1be962db395237ec272f0fe58",1
"52542fab8e0d6e0501ae355ef81d68e5",1
"52579ce710d19067c8a441647e942722",1
"52605f683797fea8b4bb85344366a85a",1
"5266e8e04a71d5f45f19cdf2743f2f54",1
"5268cf45fdb76112d98d56f4e00bd2fd",1
"52691b5d97d61c563a313ce5bae8a49c",3
"5269ceb0eff8ccd666a573c2e5ae1234",1
"526b9cd8f3c0d9de47d7c99d92a44939",1
"526d6108be39a21f29345118a8dc6fa9",1
"52789f3c16d6321472a948e6cb729202",1
"527a6dc8fb26e24b421dbd86717e0158",1
"527c8852fe24cca26c5f2ab9c08d5ea2",1
"5281d8a49a4f9952483e3a49a8b745b7",1
"52826e538502a96695733dfc2aea737d",1
"52937d3d89a10e6255e64c46a5e57a45",6
"529f0b906a1940d68184d198986cecca",1
"52a213bf33e839028e4c3a6b2f031375",2
"52a7a2eedc4176774b741b8a2fdca5bd",1
"52be1113319a2375f3cf1925bfc9fbfd",1
"52c22092653a318ea1f2063980e8b7fc",1
"52c2fe46b2951b0f8ee4cc75dcc4922d",5
"52c6b5cd52f740a69ea9e4f464880fe7",1
"52c956edb9e6ea660b25f0d5e0678b63",2
"52dcf07a8b0d5eb28fbeff9040336ca9",1
"52dec34ecf8e95a4474ee6e9d95118c4",6
"52dece7578a07681e242e04cf2a2daa3",6
"52df029c3a310594219f8be766f4bed8",3
"52f1e4be7a652279165b28207669c291",1
"52f3608cf7930ba960a1431e77be6785",1
"5302f417bce793f0a5bfca01e3abd5fa",1
"5304521761ddb60c40e1a6f04f3ad27c",5
"53061fbcd04f8033d0eb16d68a4c844b",1
"531372aace1da254a9133757ef6910a7",1
"531a9e9a3b25fa01f842e6ab83cd9ae9",1
"531ed08fe2d00d3c24a64d980ddb5b2e",4
"53280d92db240a83b76d0c9f3be23051",6
"532add75f26da35faf3e9c2c529f2bd8",1
"532ed11cc9e52dc0f26c4bdfce6983ce",1
"5330d6e1788a6e55ea89f32e9d935e9a",6
"5332af26fd6f687096e6551e1e2039cd",1
"533a0f895db7de9b2c684f8252743354",1
"533c5eb0c64feee95e01f48050be13d0",1
"533ed9fa4e0e7ead4bdeb1263a92b713",1
"534419cb195b32ff04248a2fd9343283",1
"53551bc96ac6b2430c64d471aeaa1352",5
"5358a0bbe8e9c7552b027cb060203ce0",1
"535a4f43cdf4f892bfb3fd55eb92ca0a",1
"535f60034186a437074068657e894c5a",1
"536658eff0cc2742a13c2e3db8eae82c",1
"5368937032fe629e4d25e884da029a0e",3
"536bae110b83717790df71a7877a9e76",1
"5370bbf64ebc7dde95d476022ea0f1dd",1
"537e22465afdeed2fcc63ffab2e65b0f",6
"5385851c9cc1d5e5cbb1d4c4f878f635",1
"538df9967e412c3b3f5f3d583a701b3b",1
"5393c281a7c831281a5a84e2eb863177",6
"53a064203943d87e72d210aa2f5c0ada",5
"53a074b066adc36bf96da12319d1491b",1
"53aa31048a49c4b7f91d8ca67ea2df52",6
"53b84526f7f0df70b6c60017d8aa13b4",1
"53bb7f16adb5f5f6554256fee61e7eb5",1
"53e0dde34b0fc0a0f2651bb4b4a360ef",1
"53e2ac5a135fb4b73a7daa171e1380ab",6
"53f2975771fa8326e79ed09cd8315175",4
"53fca20b4c7e2b4107f1157bbe43394e",1
"53fef462a22fd4d7ec28c04d39d7844d",1
"54045bd9f882a020dba5ccfc392cac63",5
"5405ae442306a21c7d3086c1577ef8e1",1
"541148577036cba3b0b6493f3dc79f2e",1
"54161a6c569ad1bc8180d3a8b1310731",6
"542356dac26d3fff66f6daef1b743199",1
"542a5e5b3732267d3519d5737fedf442",6
"542b6a0da2815b5cafe7c8af00be806e",1
"54320febcaa93d52a104ab2f20da6dc5",1
"543880c2b5c304dfa3e0e2937035686c",1
"5444e3cc8951146ee128698b6fc5ab8e",6
"5446e9e90fc6662b0daa083716dce704",6
"54488d763459615dc259769aef0e5e90",5
"54573954ec1f5db95cd57b60d3b50767",1
"547178a9c49f4bf8dfac052be78c54e5",6
"54725508202289b0b948664e973db692",1
"5472855fdf6846b0478fff4be85d7132",1
"547347d89203e2bbe621967829ddd3d6",6
"5474a3e77faf812f88b91ce3a7a8aa2a",6
"5474cf6272fce8febe256541b564d690",1
"547fbdae6a5ac84bc5f7bb5a18a4ed4f",1
"548cc4a0051f0d4fddb532da502bbb82",5
"54a08830679d519433ee99d023279502",1
"54a2c3a0b4e3b486a6e3bc18c1d92af7",1
"54a91e6d317e5011fdfd2fcd6f91c083",1
"54c701d83817f9ec4a1167736dde2cbf",1
"54d0b7c752bfa272f48fe063045e0802",1
"54dbee8eb8c3c25c00ccbc640abb8c3a",1
"54f87a9ad0e88def3f73585689369c6b",1
"5506bdf8479aa3bb1e1ae1bf4bf00cdb",6
"550ba6fe30938c7f6d22bfba57bfa8e4",6
"5527b5bd849ca2ee582f1f3ee7882283",1
"553357b0aeea5188a0091bf415d01b7d",1
"55354f1c2c2cab784bb9589299ae5bbf",6
"553bf0478ad2680edde6a957bf35436c",6
"553e2d909898bcdf1036c2aec8889721",6
"5543ca2b56a8a7524cfea0a97682e239",1
"55544c8636802b13b68c6e604a4d8afc",3
"556ddc8e0e3234d7e3525b178aa13e5d",6
"5587341275cc068dd468f0c6c4f2f72e",6
"558a77977765b4bedf12f59a264d4bc4",1
"558c133ac5897023cc12d4469359425d",1
"559241e079f77e606c104749b655394b",1
"5595ef008fddec784ef4bfe905041b54",6
"5599989c60427321fce9b97dd157711f",6
"55a123ee3730fa123055c5856844bbae",3
"55a73e4214d465372715e9fae38ae229",1
"55b3292e876a8868a36ae5c509204e20",1
"55b958ce4085c81c04a27cf82d79a441",1
"55cb3d99a13a9e6c0360aa3fbbf81d52",2
"55cc1c740c138bc0c4474a6b6e0215a7",2
"55e283a0503cae8dc5d86412022129b7",6
"55ea5b3ce21673e9b24592365ae848ac",1
"55eb9a99ff9fdfbc7855abb1589db427",1
"5603a36be12da7d7b83af8bbf9b5e541",4
"5606cd255a8d798d95f777c8bbc7463a",1
"5612d0c4ae221c8b17b44b1045d31bb9",1
"562d02e3e7c771c09f19ea5520f140f8",4
"5632b15983a3e8374b6e110003cc9d1f",6
"5636125a42f314b503e7ca302754649a",2
"564e262fe18b794fcf34e59aacf44bd2",1
"565c9b445fd76c7c2fd05e1c925232f7",1
"566a55797e5ed6db4ebd73952168d832",1
"566e92834d21da166386f4bb0bbe6bba",6
"5670218312dc64db89c08b7f81ac0922",6
"5673d59e23c2c238d39bfba991752395",6
"56776dfcc1fc7a00318d0255dd05fc1c",1
"5679cc404aaa958afa6c00a1f33f808e",1
"568082cbb615e8944a850da8438a8cfc",1
"569356ab154966a432ea27b0337ad37a",1
"5693b75245f9db2317e79f401b9198d5",1
"5696e83849e0bfdb967c0ad9dc16973f",6
"569717dd4796a78723ba9508d96a05e9",1
"569cdafc6d1ae2e0d72a04011df10278",1
"56a36ad9ecff2bbcb6cdaf81d8bc97be",1
"56a3b742f26f3bdfc5cb7acd20ed57ac",1
"56a3ecdbabba9746485d399a4772ae12",1
"56a47c8c7c15e4943ed7dca6d4393de5",1
"56ab5c07a9c267e36d60b73e65e4a95a",6
"56ae18ff037be7ef98fcaf40ff1d404b",5
"56b3f00978b2b1da0d19073cdcbe41fd",1
"56b7cbd0579a86c4588e6dec3c02e1e1",1
"56bbe184b513b5f9e2cc30ec12266109",1
"56d23acc68607e9d812d8d4f15f9ce0a",1
"56d3473e43151ad4ca235ffb5474de97",1
"56e1779aa519907d9f44668ea9e78613",1
"56e5eb355fa5aba9fff13ee8475cc0f7",1
"56e6966605288a5eb3bcd4de768613ab",6
"56e77be00ec0ce3cd323a79f83a2509a",1
"56e9046160919294f3445088bde140e4",1
"56edcc04d6523330ec4c7f262a4bf864",1
"56f8dcd83f6f18955e712fbd47ab42f0",6
"570ef4c19253d98eadc11cc8528288b3",1
"5714ac7bcb817623e18123debb2d3018",4
"57172fe3bf2d8d39e1810684763a0f2e",4
"57192d5eed44d844871d1e45a4e4824f",1
"571a2f801397ad35a0d52f2322766c4a",1
"572b91f1189117bbf21e364b85b3d504",4
"572f72c67484b6e4cab9dc292b9a1434",2
"57303957f4ca4ae843e02fdd3bd5ae0c",6
"5730ca7db049ef93d7cbf08984785d2d",6
"573b2883bb781e37453e92cc06a8b0d3",6
"5745e907ffe064fa34ac9a5d8215f3d5",6
"577a7b67356d22026e4d2b7e53ef0d35",1
"57840cff4525f4376ab3b0e3f9127b8a",1
"5785afab23e401282330e63b370ba08a",5
"5789236a188d60af4af75c3b3b7ed979",1
"5795e477b0f5011f07ed8352a6455aa8",1
"57a0d5e44451311c8c0cf854ff9022a3",1
"57b009fa16da1f5e0c4acf7c32ccc491",2
"57b2cbf92de4858de4bca41b09858c68",1
"57b42137d130f25e5e59842f13c3e0bc",2
"57cf2615c026c3eab84942dbc935f405",2
"57d1c6e9c2ec91eaa1cdc178b37594a9",4
"57d7a0dba65bd3919fab9891e0561212",1
"57dc04f0828ebe91d0fbf1729f0806b6",1
"57dc803fc420a0c96f981885895f6af7",1
"57e245d6189395bd61c5de5a715f9cbd",6
"57f8f690e5efb7b8bcbb32a79bfabfd3",1
"57f910dcdfc53b2dc45734c59d91d2f3",1
"5800a18ce3bb268a513721586440f06a",1
"58069bd16996b8f96a51282fb077ec7b",1
"581407a3a84669a90f86fab31a2bd46f",1
"5817add87fb48a47e15159b9a64d6748",5
"581931e3bc3fa52c1d699f3825813e73",6
"583a735c939c4a2b62ec7d2981839ca4",1
"583ca4158008f7084ff5b463d5639a39",4
"584835b8dd2d15127ca10d3efc21c3ca",6
"584e8edbf264c9faa227a935889754f8",6
"585bd7dcdd15dfd50180293945382856",6
"585fbec5b79277a6a19f7c55a54e961e",1
"586754b8a51c6bdb317811c11c6a4da7",1
"587a0bcc79a66b5eb39e3d0a69a195fe",1
"587cbee9fdb5a37f43b457a534c1299c",1
"58848aa3e33b3a453617ef195effac51",4
"58875adea903a5e551c63d2cbfedf468",5
"5891c7e1500da01ccadb100b0297b161",1
"58987bd023a9d9819a0eaa5510e64bc8",1
"58988f27a6cbdc4838d09d757bc01b98",1
"58a04a2c3c271c1da7a112a7a26df1f4",1
"58a2133c5cf95de0ef2102a79318bbb0",1
"58af8f765e26bd7536eda7cae82bd754",1
"58b61b3e8075d61df2ed624fabc00c42",1
"58c09d22b22357324b4aad09e8e690a3",1
"58cef6e76ea1f219384630827bc3be33",1
"58cffddb73a3d34308aeaa1d5ccb5b0f",1
"58e7bafb4042f4c240f9f1a7314324e2",6
"58ebee86ad8f90e413d4e1da4348dfab",1
"58f3d4740cdfa39e5f878ea2e18a6709",1
"58f556349eea14784873be4454453d9d",1
"58fd5848bc812352dd9dbda8b16ac94e",1
"58fe7f1b18d160ed16dbdb45b2398c58",1
"5900166e697e4e3f065f8cec2f76d974",1
"59019d07157a5685cfeb126d4ef1a5b9",6
"59124fb73138be61c6c623d8da6c41fa",1
"591eb1162d92d416c2b9da310fda0fd7",5
"591f67c7bd306818c7d704c95af341ea",1
"592aa50149b60054578e537ae9462478",1
"592b573deb1061ebf94d33d23a49e50c",1
"5931547cf48b79995d02b3c5808789a0",1
"593a457594a7db34df56e2a16e5c6e68",1
"593c625ac1b34f6ac0fe08ac1a0bdddf",1
"593ca23a9b7de9b464035beda7ce9f70",1
"59628da0778acb60dff0e0b355b22340",2
"596391d17d5359b42d7ea0ab06a27bcb",1
"596f024972d6bf90393473b4a069dad9",4
"59737b2e73e29abc6f543bd2262ed020",1
"597a2fbb8fcd9dc9d5d7073389f0cefb",1
"5980ce95b2fd89affd14c097e28a1bfc",1
"5984ec1b4ed05fc48a4a9969574bc990",5
"5984f649b374f49e96ecea8d1d3f7438",1
"5993027ac5c46a4c273328db4e483102",2
"59a187160b48600777752f9b1e048cb1",1
"59c119ec5f654226b3469926bef88567",1
"59c611cef5f28394b16439a7b9928331",1
"59ca0e535f18e49affb252bf8ce5458b",6
"59cdf8a97c8a2fc76a9ffdfa7e494507",1
"59e887b5ca7bb801a4d3c7e2ebc9ef40",4
"59f29397057ac599ae11b29b28da4825",6
"59f76745e9d7cdccef7018afa6f1bfa9",1
"59faa5e9b78995d2aad8562d3c716699",1
"5a0b852beaab47542487d04667a1064d",6
"5a138f8f671ce42d431eb981b1b90c0d",1
"5a155ce372cee93ac9883825177939f5",1
"5a1e2baf8f61f3271f01284d766bb758",1
"5a21ec4fa0574e114696c4f8a3a7d9ec",1
"5a23fd073586686f793e9498645fc2d0",1
"5a24a8a7f1c127cdcc8b5afb20cdaa68",1
"5a2c4857d60ef6c357fdd24f51d3b522",1
"5a2f20f3cb02ec9918c927bee4338ba7",1
"5a336c9d983caf7b5b91048659493335",6
"5a3cf66a2db3894d284dc0c7f1430daa",1
"5a3e02e5a99c3736834141573e13822e",4
"5a3ed8b17723519a6d4a68952d6c7193",1
"5a43577f5d8d2811667ec73c534fb40c",1
"5a4d2bdbbbb7368328bb78df4e1d1c09",1
"5a5e9c3bce89a2dcbc914c40b953baf8",1
"5a61969168159336c0c7ab5f3e04a7f1",5
"5a61d1096e4c07adc975763b18cc81f1",1
"5a6472d7c51bb10efa2aa65f39489e61",1
"5a697daeaea339a72e628cc619025baa",1
"5a6c12bf3395e817e2d201df70046c6f",1
"5a7d98b425bcc7dc6600cde10398f6c4",1
"5a7e13e867778674c27a76562d807c48",6
"5a803997c61af85bc9ba044e9a7f56dc",1
"5a888f5c35254619ee4b5ce16a5fe15f",1
"5a8c20b532a3a6a00ef6629b2365370b",4
"5a9af29abd1d9241001661d1d9a5cd3b",1
"5aa0d8fc1a005f1331be40a47b1755ba",1
"5abde1cb7557454272eabba70b58d22e",2
"5ac01dab9fc18fa5bd5590d1ff0b54b3",1
"5ac2f4e7ed58d4f0e40584964b61b9ce",1
"5ad1b5ad474ce5c130d4950b6c103fe1",1
"5ad844a17226f2955119b5315254c80a",6
"5ada72f0df095c3cba1b3857d0fbb209",4
"5aeb3cd28d6b81674408f62fb6743697",1
"5af589f7846cf9a34bbe577a82854a72",5
"5af85c741e98ba8143bdff33bbc45fe5",1
"5b005f2ad5db58dc7d61b3abd484e779",1
"5b0567edf7ecacab60374e297a564f19",1
"5b0859bafb33cf59142a1a6b19377dcd",6
"5b0ab84fb94cde7da9eb7905963cc4f2",1
"5b1198c9b3cc6178de24033a901a823e",5
"5b144b18c71086ca24248d42201eaab3",1
"5b153c5a8c959564f5c725c65491711c",1
"5b24f5ba11d7c066a8a998101a07d8db",1
"5b2c7218f0b6a920598571668eee198b",1
"5b32b50c9dc172fec6eac61eebdfa483",1
"5b36dc0bb6cda6be272b7b07ace0e1c9",1
"5b37775ac5ba95c966f6f809e6683a31",1
"5b53580cf0aecd8439dd1d2b429ed743",1
"5b6908d3c97f85225b63420fef02d3fd",1
"5b6eeb6e9161d1df87b0a450a8736869",1
"5b70ba87f3fa22fa5ffdf3ff0ccf01bc",6
"5b7e364aa499bea21e6587ae90344772",1
"5b80c44bd4f1838261e063ee7b86e3cd",2
"5b813ae48848cee820d16552dd52c7f7",1
"5b81ee16b2a64e56bb8f24280453bb97",6
"5b95d4d3f4b3b1cfc429e090441fbfc3",1
"5b972a9cda099b9207a93160d16ed1ff",4
"5b9bb2f97122037defc69d59fe5a9b5e",1
"5b9bcfe7c46ae8a121f5ea18a394de17",2
"5ba2f824d1676b058b7124522e930f02",6
"5bac45354247c190456978f7f09c86b0",1
"5bac9c021f05b9d489a0360bf3fe0cf3",6
"5bb8e17357f5d591bc07451bb1194138",1
"5bca1a358414cd2712f5be1ae2772c76",1
"5bcd5f730ef84e236353ef814c95cbb9",1
"5bd20b922d32145494656bfc8a97ba7d",1
"5bd7b7e8f953fe1d4c95d092c99bb66c",1
"5bf058c3ac46346ebd20ab49822c273a",1
"5bf25478247dc545957d3bac0ea5b8b0",1
"5bf8dcda54588dda19583914dde85901",6
"5c01a355c492f23fc92bfc6f7eb40cd0",3
"5c04eea848f3a2410b98ebcc3c405cb4",6
"5c125be03ae2447e9096445bbb8f6f42",1
"5c16ec46317fe132312c3f0178413d72",6
"5c189035b0f66b6fe20bcad4be85c140",1
"5c18b13de9da954a35aa12c2babad7ed",1
"5c2283a49feda6f487a51ea1062c4e3f",1
"5c24b5025459cb3144739f92280cb9b9",1
"5c2564f379653690c5dd8f39767342fc",1
"5c28f782f95049aeeb7e6a5eaaa920b4",1
"5c2a64380805a07ed9381985efb6d102",1
"5c2b9740f2f577d307c1c31e300ce715",4
"5c33fe1215b0df34fd990c7bd50bbe2d",1
"5c37ab9865d8d9630f1272618a68adcc",6
"5c42e6c089ed0062a9e7b8cd472a66f8",1
"5c472f969462c9978a628a9aac530c35",5
"5c4d9a38f04fb7b0b4e701c15e41a18d",1
"5c615f79646ec3c43d61918a8f4a6e13",5
"5c6e40aa85bfb94cf46bbc8bda10a853",4
"5c72682612d22aabbdb4ebd324d311a5",1
"5c77a7b3cd87eb64633d40a3996fc508",1
"5c7d252c722c709c7f5c586cd0eb877b",1
"5c7e6899815ff23c6a9b201d7dad62ae",6
"5c7e8d19f9c999e33ca3373c0f18d16c",1
"5c82252431e44f228e6876e9e7fa8cbe",1
"5c8512db7547e2ddf61c702ead1c53b2",1
"5c88d9352e07208872b60850c3d0405f",1
"5c8dae28c4949265704c4beec0cdd4cc",5
"5c9395533de0b5a6369bfbeb63958c33",6
"5c94fdce14c1c334430c6f70f533fdf4",1
"5ca5e4bb883d16c443a81218ffb13e5c",1
"5cabbddb8959d55e3238ee7e83c15fae",1
"5caf6599f9eb6b82b068fcb4e1d83a46",1
"5cb064497092e620c78e4f4aab92039a",1
"5cb7a0702e6af5f62257917dbff64615",1
"5cb7d06afce245b09cd5f08401160dbf",1
"5cb887538755120c00bb0d31d3f6acd6",1
"5ccc4878842173c3c67ab5431c7d90a4",1
"5ccd3d04a234b2d73e0ebc5075668d50",1
"5cd780c97d3f8cb1bb232a17fa0cbb35",1
"5cd8df14ff4d203bea7193d416bb5446",1
"5cddd689b9545f5009ebcc14aa6faff0",1
"5ce2ee23327439a005364e84c2b201d6",1
"5cfee713abae6b1a5bcbac9ad45f856b",1
"5d01c0317c43c8172f03bb42df747c4a",1
"5d02add1a7cea05856eaa22566f0c685",6
"5d15330b5de2cff10494dc69b5dfa79a",1
"5d188f36ccd407c8c4aa5e8f4e313ed6",1
"5d19bf7a390511965d981748a131080f",1
"5d1f8ad240cb9f2c9758a05f2e1b1dab",1
"5d1fd78e6e64e42bbdb7c67ec0601d35",2
"5d2febd62a5955b1c00d79aff3044cf1",1
"5d32222874ac245c93dd3b386d7ffb27",1
"5d36d51c90254e8b384022e041d68832",1
"5d38f25c0cdcd9a399f6af2ae3c97961",1
"5d3a08734c22b7fe14dbfbd1c8495362",1
"5d3f7c53ab0ea5461d93d146954dfd8c",1
"5d472b9848a4bb69cb2aeef03ee48c9d",3
"5d4a42fe1dda069d3407f3678ea6f747",6
"5d4ac248e03a03118cfdd7322319a661",6
"5d4ca951cadd1860bc097315e08a7d3c",1
"5d54b9671de24444de6ef1f860fea4ae",1
"5d5a021d8ea4d88dbf1402761264ac7e",1
"5d62f39ab55c0f98533df754a97c58ca",3
"5d6dd8d0a10be2ee556e735cab418dd3",2
"5d838cd563caf709614dee46a2717540",1
"5d83f994ec19d9c5fbd05537688e53d3",1
"5d850b68ff19b9d57aaece2401c5c38d",1
"5d8a1d3e2a6b88bc69c88c275d0ac8e9",1
"5d8b4dd9f6c6700316a88adc6dff4aeb",6
"5d9e6119137952b92b1f6f8effe5086f",1
"5da246e49e7ef665e73071ae7efbe4a9",1
"5dac12c54f8855174c7bdb962a98bda7",1
"5db6acba9720d4a9669aed2c24dd82a6",6
"5db8bde1e7409838ac64ab8d7af46d4d",6
"5dca0c2bc4c9840913a9807ac701ce78",1
"5dd8f121c6e76ee16338c9f4c94237ea",4
"5df28c4f0ec4e0fb98034b154173e41b",1
"5df9ab3caad031818d02ec0d2dd77e15",4
"5dfc1eb1100d71a1a6e3700c2629a417",1
"5dfccf2bf656372bc9582023c3efb926",1
"5e0ae7bedd8af4aede1f3e0f116806a0",6
"5e0e415363a2bcc57e1a8fcd7ef025ca",1
"5e3f1734f2036abf7479cfe20b93d0cd",1
"5e3f70a23393e3a5f2c5916a31c8ed07",6
"5e48e341e54d6e9c12c0e43c8b5cd18c",1
"5e49ddc446d3a778a6cdc2aaac630b50",1
"5e4b49813db40d68ec82f4377bd6290a",1
"5e512143863bd107291edc4790655b68",5
"5e5b532d02db4147c4b4a5fe7e8401d5",1
"5e5c66ffe6f2d98dd90fc4c5661b00b9",3
"5e5df767a15f3032b7d175d154203fc3",1
"5e6449061829f65a4ac97332be407e34",6
"5e659b61bf23650c6a73ed3bc88eb4e2",1
"5e6fdca94c7d544444c66fb146ec4d1e",1
"5e7c6ea4841cdc900da867a969e5f6a3",1
"5e7cc00e26a2a5a743e31025428760bf",1
"5e7e8781b6feed6c0e1febc44449e751",1
"5e974d2fb111414632f5f04a692ee969",1
"5ead1229f554b936879c98a15c05dc8b",3
"5eafc7efb96654683eee4fc4a9b44dcf",6
"5eb8236f3f428e776b6fb873433c6b69",1
"5eb9360c6fed51cfe083b89fb62c1f86",1
"5ebb82237f8d75cea1961c5638fdd44c",1
"5ebe54dc1ffafc67dfc33f751a9a24f8",1
"5ecaac168db01f6a23fd4630f3cf5ff6",1
"5ecd511b47b4553f6fb11357780a6f30",4
"5eda01079293ccf7c063613b778126ff",4
"5edf1e11d8fc117e5dbdabfae6f436ce",1
"5ee5f12ad1162087e28007f6208c151f",1
"5eea31116a7a57a72e9a0e2310959f2d",1
"5eeb8556e07b37e752631bc129dafdf3",1
"5eec5129480cce5d557916de2174a893",1
"5ef36cef83d1fcaf213ae6ff7530ccea",1
"5f16480dbd8edc5006210e9057844353",1
"5f16d467e0992a7438905278ebfe2d7f",4
"5f1dd23e8040498e5fb7653a1d89c709",1
"5f27093df18e7c5a09c42b28b8905d68",1
"5f428b879b618cf68d3996d3cd9c2871",1
"5f5ac720a078aebe90c8062cbec1077d",1
"5f5ce5ab5b2b5f31b72d4d08a5907e4d",1
"5f600be351732946715cacdeb2f9c68d",1
"5f62014ac1170ba1ab3b6f09376f2fe5",1
"5f6612f0b4f69617b2214cbacb6345fc",1
"5f6af3fb5998bdc7eafe2b5845c27128",1
"5f7905ce74a417114736f79f911a7f1b",1
"5f7a799ab7d8aba77f3b062fd596976e",3
"5f86f6c3382f2edd8f14afbb8d0ef6c8",1
"5f8fa0ff40378d22889eaae079d8d933",6
"5fca71e51c9ceb02150188759aae7d05",1
"5fcd2a3c9baf1144453991b8eb4eaa29",1
"5fcd7b42fb1384b35120211d6b80bea3",1
"5fe017974882a4c45bbaa164f6262651",6
"5fe1abf47f8093b5b64d0daa789fcd51",1
"5ff964cb50bc3a51bf7287ba381cbc5c",5
"5ffa0ad52383fa28b6d6de35cd399d97",1
"5ffdec847c061e21fd5639853b1796aa",1
"6005c2b5b60a287c66a5e57f3de263ea",4
"6007d617176208a0c2186aaaf11eb035",3
"601547d3f73c139efccbd4c0189568f2",2
"601a7ce622991f771769e74adf95f000",1
"601f708041e35450318e464b164c3a9c",1
"60202ee664f90d70933e2c8224e743f7",4
"60266143ce4328cf25405b366929e1fb",1
"602cc7641091bff5d286d5070c373477",1
"6035782f76dad18e20ad750a9c8be5c4",6
"60395d89edf99ffca952712f3bb8497b",1
"603d44b81504e08ac6825b1f0ee29414",1
"6047ae9aab1504023fe2f7f729ca4bf4",1
"604f7d3ec4ca4ffb7c87db562256c3cd",6
"6052560a6490eff5ed5301ee97df6626",1
"605477b2b220b99f4d7d21bce4a0f17d",1
"60564c713d425758d122774d148b3cfa",1
"60593b412a71ce45a975ecfb6e4aaacb",1
"605a4042c9bbee2d7358b80d0c390954",4
"605de558a8808994109c8c08cbaec5cf",4
"606281ae4c43c3394ca7a27a8d0394ea",4
"606873b6ca3e124fac3996ee731e4290",1
"606f9622a572e1caf78719643eca702b",6
"6075eb4df13445e3d7454fb05497982c",1
"607b3850922fa872698cc05a6b383b45",1
"607e091f917e03a4ecf835490232c5eb",1
"608622b75eabe7e260b75b1c860884d9",1
"608c618b76fee988ce37387765a7f65f",2
"6092eaea5012450415363139658fada5",6
"6099a36eb58cf2b83b9c8701506c4453",2
"609b04ff0cc5782c40d9b987b37336d6",1
"60a47791b466fb02c2b8c4bfe03d88ad",1
"60c2fd32643e90f524d77acdd0a779ad",1
"60c5f402ee8979f4b2ee74fff26ff158",2
"60c89c4d8cd65c9c56c35693574842ad",1
"60d49fe57c255ae96f4b5740abde29d4",1
"60d79fa7a550f3e5c42d7c64fe910bc6",6
"60f611e8c7ddd05e1e96c97af0e8e9a6",6
"60f987dd6b227cb942a9131d53802419",1
"61001c63e218b0406de5fddd548d248e",2
"6109e866189f9a28c8e5e2ac5451f75f",1
"610a2ed35534a9400672f7ca10c51e6b",2
"610c7b48bea021fb015532db1bc91826",1
"6113b210ce1facaba6158ba778ac5bda",1
"6116b3ecd19cb63d00d47799da3247f3",1
"611a6efaaacc47cadb6e884f79c401f8",1
"6124e9e0bdf653c7fcb86f456db2a593",6
"61268b880ff1a03df0dbd023ae2ca629",6
"612da390090d0cb19ea55c16a3c05c2e",1
"612f671b210fe83910661aefa04e10f4",1
"61311b3b94602c2d2e46b95325bd9c57",1
"613ad6cc8152d92b74e2e79b319bd503",1
"613e078b93ebefc0a37d75fe2107784b",1
"6154ee7330947f9ff1e3950a69b7d7d3",1
"61551763182fb050915447db263bcad7",1
"615fe31bdd098a750825849bf22b1478",1
"6161fa513fe458bed04e7710f5457dd3",6
"6169b6a6bdca3c462fed03c83ebb3ad9",6
"616c914ff7cb03af0afb8105f73d604f",5
"6175ceb56c4a55da4cf5921abbafc345",1
"6179aa2831f3f7605c5f3e3765b0f37b",1
"618273d93562fc29b4009172fc0b3418",1
"618aee6cabbd649b88da69ae9e777f42",1
"618c08e4fed1978716cc9a9b1bfd1f39",1
"618ddc14e1434dce26514893882c15f5",1
"619484bcbe467a7943ab4be1b427e80e",6
"6196fd85d2b10b9fa5c213b5d86f8a70",1
"619f5af16d1b1318d2a4dfe61a96ec8c",1
"61a3a069cd294def6f19a4d2cd2c6139",1
"61ae9e5091a82a49109e9c21dae1fc02",1
"61b1a346e84373080f68a596da446d12",6
"61b83609ea475e45d310427595f565e5",1
"61be59d9ec5354f82e20faa22e4d1c54",1
"61c06fa9baa2965de1a27c96a1c85c67",1
"61c32ae532b6200d39126f497e414995",1
"61c9042c0c8341540c48a75762e930f5",1
"61c9e1fb193a8acbbc002925024ba2bc",1
"61cd0fae3e9341ba196a4213276c0213",1
"61daede252738585289f2b0cdabcb9a5",1
"61dcc5252a5321ecf2ebf7d26a8be7e9",1
"61e095b20575549618ebe419f61cc5bb",1
"61e3a38401ce1b235a2a730b80b32c98",4
"61e89b88bbd4f92c4051f1560c6233c5",6
"61ee37769c9166f3dfdc83ebe8a6aeb5",5
"61f44b1d78923ba443e0dd37788d58db",1
"61f6606e4fb4a44077342295a88bd1a4",5
"61fe0c94fb193a18cb98b0d7931210cb",1
"6202da8cd2f7e11ba13fb76d4773e5c1",1
"6205530c7b9fd3f239ea369bbc159015",1
"620760d1161c24b6f11f5289c55da96a",5
"6209e5db2dd87ae2bdbce3bc3eccb947",1
"621d4d0f24d8448d4fa3d44dcbc44a84",1
"6220cd5dfef5033b2ec7ba0cc05a71b9",1
"622685bd6a07bacc4be558e697cbcc4c",6
"6226d63fcc19fa8eafab549779391b9b",1
"623321ab678ee6280428fe1a37b5a916",6
"6234dae49338cd7816d15606b0bfefd0",1
"62398b1fedf60c22382d8e066ed1500c",6
"623a9252996fe3a03eeb8abafc90f892",1
"624055bfb7af9fc44fa558852b807427",6
"6240b4e58ed103619cc8b2b0914db4fe",1
"6250ec22fa38ffbd73fdf1e5d273f2ec",1
"625b9e28555719288233128e4d30a4e4",1
"6265c8b9e62313cb630646c3a36895bc",6
"627149abeb9012df90eb6e4357e92e9a",1
"627a04e57f9b02d7fb163bf5a93c1467",1
"627d11f6edc8bd9c08096232cb15c3c7",1
"6284f8d9654977d7b6f419f7fbc6529d",4
"62945479aa22c4951079636349a56750",1
"629a9dba12dcdacdd11e80c6c579e56f",1
"629b121d860959e05e3450af53438b13",1
"62a4e3536086920819bba5cb9566ff7a",1
"62ae3c299ab9f3de39d5f9d159798f08",1
"62bf09113032af052dd983f8cabd4e1d",1
"62cda1aa04984d63b780a2eaf8bec1ae",1
"62d01a9686fc9b7ad4d3af60ae8d5f11",5
"62e1209dbceca8cced6d7d1054abf19b",2
"62ec23c51bf6d06f7953c68bb3809bc7",5
"62f43a02f295fa1e3b13968799a01113",6
"630277e72d65d22b4f7c048008b2994a",1
"6307fada16de9d3657a95ad935d28bad",1
"630818fff54b34c6bc46345fbdc9cc98",6
"631017e8a635efb0eba1520dad07fcdc",6
"63170e951dcc3e9574ad6bd13b2e25f9",1
"631822ece675ffd1d280882f7b2bd43a",3
"631eb65fb8f9a2bae741af340479e125",6
"63268a40c20d2ac21ae6b78ef58df721",2
"63268b693d4e5ca60494e4cb64a60123",1
"633e00e4c6fe54e16bd40df0b4a8a64f",1
"63424427fff3f13d3c5e032ae688e640",1
"63425c51766a9951937c644855775369",1
"634380138cb6ed56df1048d45e36aba5",6
"6343a09f74d2eb5160a4e75cc91445f5",1
"634599f76a7797a3a385c0e2e1b8ad0c",1
"634a4e47b0b35f5f2ad431a60ad7e7cd",1
"6352da1fdfdd57d03444dcd0998b55db",1
"635449fff3a968b0290a3ce59eb25231",6
"635650c74af12a91f58f5676aa4bcc90",4
"635f626f2eeae62ab680c93cf939c66a",1
"6360ddca26942fa624382800a580cc8a",4
"63682f1fc653222d0c8da47aeffbd300",1
"636c43630dd5fb02d134379030e3db39",6
"63749e4cb09ba294fb1a2d0c63d7f744",6
"6376ec35c5f32fe5711f32d41a498fbb",1
"638d62777b33e330793601d4a6a43715",1
"6394e854cb3cb17cbecbe35858812f5e",1
"63a135623c40be1b0aacbe903b37bfe0",1
"63a8339c73f101a7b4af8eb7fb058ea2",6
"63aa60f31842486b3fea9bebd7954cf9",2
"63b1fad6628089949228624b7a49e121",5
"63b5ab6241b79e22a075ac14ad530c4d",6
"63cb5160572f4688924904d5f93f5f9b",4
"63cc57b1d68a48bc04dc024e0a95dd8f",1
"63cd75cd11b2574686dc8dd46e1d1fb8",1
"63ce26d21595fd22bb36d80409f229a8",2
"63cf1b7e540621a49adb508bb1c9c1ec",1
"63e47c89f669feb1c09a1bcf14e24119",1
"63ead91fa76c9b3a4abd71c5368c4f19",1
"63eff7db9958a7ed79247cd7329649f7",1
"63f84409d52786cb5f868c5aa8a4b5cf",1
"63fbb29c2383d19529e03edac44e0d67",1
"63ff15ec42853eee3f5b4fa7f2e474f0",1
"64004708de48b15084d1b49680a54b42",6
"64021e8d932e7706beca3cca06e6a74e",1
"64100026b999c9424faee2410197caef",1
"6415369790b2e7a683718e147dd73496",6
"64226e20147f5f466c9efbd547238de5",1
"6422ba175ae3c070aca4d0d225124265",5
"6423f989f6c55f9dce7439b2ab200e47",6
"6424c4789c714cd28e01166d3fe1abc6",1
"64256d770a4f84295a88d5f18508bae3",1
"64375fa86ae0a99fafe3c930f30f820a",1
"64412e208b0e905483ffe54f02736ab6",1
"644ff7ebb5ed414fd589c5702d5d9df9",1
"64531ebbc211b961ea780d3d89008ae2",1
"6459e3864b5403383860994648c10b7f",1
"645e3c69bf8f09c39edf0053664782cf",1
"64663c888d04bc448ebbc5dcec4e4c92",1
"646b283be446d07544a9820c1b9cd0b4",1
"646da872d12e607ec29241206494c41e",1
"646fdc827787294c9aeff24a658b2c3b",1
"6471e6b7de4f831d95bafaf13c84cf47",1
"6493b9e516b6d6ff84b1682f53dda7a5",2
"649b4a85b02eaa7f0f9966ee0b2c872c",5
"64add70357d16feeaeac847603628d24",1
"64b4bb10609784e002c894ab1e115fdb",1
"64bcd09a9f51f630e85a633a66a23dc7",1
"64c6939ca46b17d8189521fe2f1fa146",1
"64cc24f6f65c4afdd4ca6a8f2b6330b0",3
"64d9c494f702b5c96c8ea7b7e507c6e4",4
"64e1441c8d3e24999ff5a5d79e525206",1
"64ea1ae1d0e136414626fc49f36cc6ac",1
"65027763cba640ccb755795550be89cb",1
"65029152ca3fdffebadab2062f256f11",1
"650900c9e25ae27e4fc7f1827a3760c7",1
"651093366f42c6b45056f4fd0f026334",1
"6511efaaadd52d1a9937ffcc718f6fde",1
"65179b3fd3af2bd69ce0b602e3c29ba1",1
"6518df215400f44abf9caf2d497f7ef5",6
"651c7e8662584fa1a96b7da31c6fd952",1
"65261408a32b59b6df6a5ab3baa4322d",6
"652900f08a92771b1917e35951d333e0",1
"6529086b0f77ad8fcb0bd1385781e48e",1
"6531b967117f6895bb40bae8db0971c5",1
"6531e084d00dd4d37552a896664e8959",1
"6536d909a6e7992d6b147738423694be",6
"653ed3e5c515aeba80702e98377606f3",1
"6543170134bcf0d7a6fa05f1009867ce",1
"65488daf3ba075b605af44e35f18bbea",1
"654d60ac11e9ccd466b601990312803b",1
"654df324c031e23ab09617def567018b",4
"655b78e8ffa1d9135dd84e2ecc3bc89f",1
"655c3e891610a5652200bed4f56098d3",1
"655eef88599fa48adda4a920b53ad5ca",1
"65677a58e5dd856f40960f1bd9e53fa0",1
"6579a7f54c78eb32d63b34c1948ca3f2",1
"657ff63cf730d5f19a5aaa65a85607d0",1
"659539e8fc02a11cb60f83ce2227e844",1
"659c54b80414de475381dfb93f54dde5",1
"65a6109b7938c626cfc8e4f5b5fb17ac",6
"65b03b059fe32902f77c5e103e882266",1
"65b7917337cca69072f34d0ba33eb84a",1
"65bc02027e8044cfc746ea7342c6a216",1
"65c1c8427e7a9e34f6e3298bed2b4b70",5
"65cb576651c508fb86bc0b73d3102e77",1
"65d7dbbafe2cc67e66756a6ee8c375f9",1
"65eb0a4276f0eb286e057198b456cff5",1
"65ee98a940477cf4b3c8939322769a40",4
"65f22c7d10a0ad9c2310136a0aa2a988",1
"65fd070e83b87269b153d252bd891305",5
"65fdc968cdaf7e15a9bb1b597e031e20",4
"6604090511cb8dc66daf3e81d4f54cd0",1
"660b6e319b17e4ff04b452b857dfd0dc",6
"6617432046602a3089c14730c14b4ab1",1
"662798e3825bba7e2315ef93ef713f47",1
"662bfc3b6ab07f04a94a8f1824f5a827",1
"664e614fe4f90b4e2519ec8426a6de52",6
"665042060842095b7839447f1f2112f8",1
"665187faefe6bedcc32d8ca8339b3eb6",4
"665a799148cc3705f5e6058140e220d9",1
"6666ea080c9dc5c8371d093168d34d6f",1
"6669d7708b0f719b6cd66574a2d23a92",1
"66700f2673d6b977d8b0734b1545397f",1
"66750f7a9c65833d11c739b3a39c62ae",1
"6679472117c2edd5e55f28a677d952ef",1
"667ec9c6eb4d341b7e23c059f4347634",6
"66806d4e96ab887c60938c7542ad949b",4
"668f306e095c346aeee3d22561c60399",1
"669387ceee829468b9666f73febadb49",6
"669e11c611b27abce0ede5948c6096e7",1
"66b94516ad3429f95d693bb72e056c4a",2
"66c125324ec50860b76a6f04896f2bde",1
"66caf348a22ad255882b0b07fe6559fa",1
"66d6e112f13444494c7fb5911215be43",1
"66ee6c3b47c36bd4d4aecbe1eda617aa",1
"66f03184fe2292153227ab026cb475c3",1
"66f03f3d904bc2389ace50debfe997ed",1
"66f3202590a8f15df51615c2f37299cd",1
"66f73595f134cefb18699439c599e0ae",2
"66fb97a8436e228b84a58b9dab0c6478",1
"66fd42351e7139722d911f8d247a8d1e",2
"66fe08f2f04df24325d3fdf5ec5f8b1d",6
"670e1cb92b3ba5bdbf98ac9ea39f989b",1
"671e4f5932a5e5f78c48944902ec9f0c",4
"671f2e863dd1b07d9ca34db71e344273",1
"672f037e617441bb20776c1230a95223",1
"6735648f8166df2ddf154a5c87a543b9",1
"673900f0f9806daa63a7e1cca5834eec",1
"67390854565ed0c79d973245c5084236",1
"6744a2c945a04cc108a4e008073c56bc",1
"6757cbe48ef56049422927c07a8730b6",1
"675be60be1452d488014d581c0306f5a",1
"677dc93c59368b7b6989e3594b18a3e1",1
"67804566cf1ea60e52777416ab5ce02b",1
"6787bfe7fc2279d8bae2ec5b6f2ea100",1
"679b902b4488a9510b53be1c1d5b34c7",1
"67a046c92ee6c8da8aed230ab3b68135",4
"67ae25c09219d14543af2486e8f75ba9",1
"67b020873e1d495b5d6bd6ac63db70a8",6
"67b02da317a5dbe3bfe91d62c28915dc",1
"67b6ec61acb0d4b3c9783506f9d2f099",1
"67d9daf73e36307c7574cf25b687b61b",3
"67dfed6cf30d297f7375dc6187a799a7",1
"67e61a3bf173d4c980883a6893ca973b",1
"67e9488dff82fcf43f57bf6ef05a78ba",1
"67ee6839fde2d7d3271aa25ec35fd706",1
"67ff8e43e8f0d963eab84eb6421295cc",1
"680af80a10be56534b89554dfc3678a0",6
"68128558f7bb0c1af4c9007410002792",1
"681a7d0166b82362742c79cee6e28452",6
"68214544c517f8e8ac5d622ae79e01ce",1
"682bff5491b733bb93c2a3c4825b48f8",1
"6832fef4fbfc949429921a28d01694fd",1
"6838de3a30391363923e2e53c1abc67f",2
"683b09dcf7697b50809334df5112087f",6
"68448fed3bcfb3c32c17b8fe797a140c",1
"6854f7b151dae02b420b0458ab4fc695",1
"685a74cd357ca6bd84002b581a15f210",6
"685c0627657d6c09dd44dcb8274b4065",6
"68625e06a472a87428289476c0b6e557",6
"6862ef751f854ea109cdfd51bfea21a5",4
"68642191ed07974c8acdc659552f9e4f",1
"6868ea4f5e42218e22bdc24c53bc143d",4
"686ccaf49b2962f48dc52fcee9691cd2",6
"6875a73b4385397384ca3df569a8999c",6
"687ec0a4a5a24719ba77744fadf42676",6
"6884789bbe57b18262e1a96e34d3c005",2
"68850f92de65d119c69c117e3a2853f9",1
"688b07b61e26a3cb48dea6a4c3b5920b",1
"688fe5254230ea250720d2a5210fe368",1
"689290658a8df3df8eb01abc5a18aa62",1
"68966c0a5041c18cbf14271adbc02878",1
"68b036b3164d440374ef8060e525eab8",1
"68b5199c18f76d4d07be7f0d7d9218ac",1
"68b76e8b8ff314b40ef6b7a12dc61625",2
"68b926fec1d2aff7a23a9be71970ae8e",1
"68b9830cf19976538563dac4f475083a",1
"68bc7df2f28806deb0bf6d124e1f7177",1
"68bf078b13e9d5c59e82c4dd3400b067",6
"68bfdf352c90ade093ffebd076ae0250",1
"68ccc2e708080b5824bc2da6d5e72baf",1
"68d1129c337d0e50b7dbc970caaa456f",1
"68d447def63b032c208a437a098933c6",5
"68e260e1fab3c60aabb2ce2696f55d5c",1
"68e483c57236f72cc814f1dac565b79a",1
"68ef473028dfccf48c2a677db0bb3c38",1
"68f1744188a11de428bd0bbb34bd3103",6
"68f1b0d72c13a93afe58276336d37e87",1
"68f1e5f7a00fbf449f3b15f7db296316",1
"690cf6301025fdf5bb2fd1a3ec569e41",6
"690e652cc9564b3e51a5ff7a64da0563",6
"6921e722244cedf1091008d1f71947e4",1
"6926db0398a5d2ab7378606c80c868d4",1
"692fd567b1e4866573c3a7aca71b8b3c",1
"694143cafb34a47f5326c4834acd64ea",1
"694fd083cd6ca4a985d00524e4674aea",1
"6953c66bb56b9bb4cad7f660afdcb609",1
"69551888e2a7bd51d975d36469c61d9e",1
"6955b574033a9ff9fd15d1ab4e9544a0",1
"69608146620c25735ac97b70c1c8ae85",4
"69628d344e083866fe23a63ccc50d35f",1
"69678910f7a1a4e8b76298ef2a83a8ae",1
"6967ed25c16c9f31bea4aae8e11505c1",1
"6969e0b2d4544b64c2bfd06f3098a257",6
"696eb740ab1280fba9e9a5d18bfaf026",1
"6975c7df33a5b87efc234c85836d9b8f",5
"69816496e6df5b01808bb3a28ca0366f",1
"69845022abdc524f0dfdcada2592eff0",6
"69877fd57198e447219afcd0f5383fd0",6
"69894eb211651d7457ff1ea3c2c3e003",1
"69931ce21c6c4798cdd5f7d49811381b",1
"699ff39a7daf2e04fa6cdf403ad084c1",1
"69a6c10dab1cf33cdaf7e20651a82e55",1
"69aa241f92a4b1ef63dd27778f38d511",1
"69b8765736ce8496a116a21f998c99dc",1
"69ba53d38b0bee21ca6ac90cafd948f5",1
"69bbc29dce7934f971165ac88cb051d6",5
"69c0e221874f00c0b5ba2524b5460ca2",1
"69c82d222dbf423243eca5651c317fb1",6
"69cbd6a0ca54e3296a5bc2f07084e4c9",6
"69d4fa666efa178e8cc0923b50f87afd",1
"69e3d029485728a8e352d94aa226c88d",1
"69e70432b70cf4100c81b7ff1b505f10",1
"69eb4943a6a46c75b02ebc661e4c1a46",1
"69eba299d56085d20b8977e400dee588",6
"6a018d6ea305b4a177bc825c2fe5aef7",1
"6a06baacbf7b2c1afee362089fc3a972",1
"6a19d73437af47dc6afda379e20204d0",6
"6a1d4b0b187c8b03fe7bce12f69d5dbe",2
"6a232c4fa00c7d0a28e85066182b2446",1
"6a290a23d417e65c0e04cac010a6ef28",1
"6a30d84cb4ae994fa7ded4580c889435",6
"6a30f16a9351169e41ae0fe8a8dd7065",6
"6a35cf527d2936eb1f1a26457d4389a1",1
"6a379e3ff074ab9a0c4d9048887d2d6f",6
"6a37faa0a8285abb80b51758c86a847d",1
"6a3a72dcec9982c9fa77f809c95f1343",6
"6a45a65c11a1a289d0c38c6592f3e358",1
"6a4f56c2059736c13c1d4e7c46eedbe2",6
"6a5808629d30e958607fa11526274552",1
"6a630ff395681303136cbb618bc9b536",1
"6a64c0fea957874378c39fbc892e62fe",6
"6a6beb659f041ab0de4e8681797f2a75",1
"6a7095b1723833e87557d09b2bfbb5b3",1
"6a71d88c022c824454f2216120eeff2d",1
"6a73452a4ee976919232b4c98434f7d8",1
"6a78640c7a4ee11938fd1a31498911e9",1
"6a8da17c72033b95655033937b073e81",1
"6a91e30315d3f90c2e017b8407373b3c",1
"6a9b1dfe8a8888ca5e97a09bb081f744",1
"6aaa0a2bd9a7eb34034f8ca8bc67f4a4",1
"6aaf5e7ac6e7a3e0ecdfc048e22b6153",6
"6ab68d2465227b8ff428a637d9a6839f",1
"6ab7b6fd712285a6fef36202f335562b",6
"6abb213363b2c288ed3333f0d405d34f",6
"6ac198f332ce258f8936d2a5067dd5df",3
"6ad7b340a3e896d1e956ccf33eb36713",1
"6ae2c07b4c4f70311466a43a948a9962",1
"6aed0762a707c9db6c78c7525cb8141d",3
"6aef2bbeea72ca87fe73de6dbf764f51",6
"6af7c2ff28f240391720c06086c17525",1
"6afabd21c19787286e5bbf1b3633ede6",1
"6afcedab4f5a31841ddcac8013789337",1
"6b01a33ef9dddd0a5c0ae32d01de1873",1
"6b0271d03457466867e149210d828a59",5
"6b0996cdeb6bdc79919abdc554557c20",1
"6b0ad055ddb4e2cde3dd7606dff42c62",1
"6b0d45fb7aa11a988df06f0755775c3b",1
"6b1bd788aa7009a5670a811c0c39613e",1
"6b1cca81fa7c2b138df5c5d352f957da",1
"6b1e62bbb18f1272278f6889658ab19d",6
"6b2096bffee153ffd3ede5bff2fef458",2
"6b21c0965a44a594f54128c9cd9b8c37",4
"6b235c2790818a8df8de8397067f4922",1
"6b2761d284f0c6cb153dad80187397e3",6
"6b2866d3a37ada1d782f5532a4b6db3b",1
"6b30303f524ddbb9482373539095b01a",1
"6b3b22a09653386b4355b299fbcf5058",6
"6b3f9ede203cee546a5143406309b534",6
"6b4e4b2008ddd71e10d16cd5187f6984",1
"6b5137b3ef71882f7917a3edc07df413",6
"6b595882d9d77df7a3f3ed20833e4fe0",1
"6b5a0ae5a0e21f310234b47836ca96d6",1
"6b5e5b259a6069f9fe81356384b6f477",1
"6b61c4286854e0b785c8c32f052f0afb",4
"6b67fa2c6e7dccaf2eb81a4e143b3672",1
"6b6d4a392b5ff9e995b17165250444d8",1
"6b714ed979604ebe7eb7423b018262ac",1
"6b78b8189bfa8d99817d57938626e3dc",1
"6b7b1b93035771ef1385567234beccaa",1
"6b7c1f3674e027af533e0efe0e609e48",1
"6b7d01569bf166ad45f7c36c9d7a00b0",1
"6b81cf9c8ac273b8eb7191632226e784",6
"6b924afa28566209ae3fce89dbba75c4",1
"6b992faf7b33a335a8494d30e4d2af0a",1
"6ba9ec8643e1b6528a518f13bc9ce0fe",1
"6bae1818f94ed9feb6e2a9314f49e188",6
"6bb0f54f3c555bd99b31ad9cab9b927f",2
"6bc5690f64bbc01e4e6d5065da4a2351",1
"6bc982cdbcb4625901e868b5891ea367",1
"6bdb7820e879057fd1ab96c47fa50b59",3
"6bdc32b4c82607a5e240de9f8e2ba602",1
"6be24eef5758265b4787d38e5452998d",1
"6be3bfa07ae821f997d3251eb24f2daf",1
"6be71378ee03fb7820076fcb4f3e4804",1
"6beed885db7645b99075176365c57a1d",1
"6bf20f82eca6a3dea6ec42d751c264a7",6
"6bf6867763b6118f51992126bd350b36",1
"6bf83868304724d7bc8f8e4813143382",1
"6c0c56930a3ac494688a4f4e5eec1b06",1
"6c0d55d2b177214c18a462b7bd6b95df",1
"6c18bd0f8ebbd6bfa56844140c243d8c",6
"6c2d2d092030ec774d5ed2931b89abc6",1
"6c3059e08c4159ec2de5751db04a5e6d",2
"6c31b218b4b1eacb204f633c4adad791",6
"6c417009bb4427d0ba955920c35bcc65",1
"6c41d81b187025ecd07ec38eac375056",1
"6c445c76574e02909a1b0fb6067acd1a",1
"6c471b2dc07a9d3eab858295bdf9fd5c",1
"6c4b23f246192f6dec19f7d4cf1675b5",1
"6c503c991db383fda617dc8a754f130e",5
"6c6421e90a4a8ba971f957339422648e",6
"6c727bc22ec6e7bfff154023cc6c0b48",1
"6c73cb584a846911385afc677b3d6f02",1
"6c795db3012340c1458552304be17dfc",1
"6c7ad4da0be7109747b6d7b0f5981a6f",1
"6c7d3aae2c357dffe4709a1fd31021bb",1
"6c816849639ffe039ed3bb178d1c86d8",1
"6c823324e492df52b1fae2026bbd98ad",1
"6c8374146c7acf36929fcbfc296488de",1
"6c85c78581a12d846269e31921b7e118",6
"6c8ada8f4f7274d4fce69d8f2884705c",5
"6ca75270172707dfca4f3a697d79b2ff",1
"6ca7ae79945d8decdae480bb65ad9ded",1
"6caf4cda463ee990fcea0bd21be14704",1
"6cb0a7ce5d5566aac99339a475f3d56d",1
"6cb2aed985f87cfeb94a6fb9577ad0e6",6
"6cb35f8599eba37e4f1c149207c82af5",1
"6cb7812f563619689b372173e710dfa7",5
"6cbd7ec0fb510dc041d445d58aab24dd",1
"6cc6633c5aff5e9521ec5bbee2a031f3",1
"6cc71e0ac4e0f78e0f24d1b0172e3ce0",1
"6cc80fa9b5810ea3e731fb0f5e610e35",1
"6cca4b9c274b3ec1758015e7932c36ed",1
"6cd2fba91f2693d297083dc80ecdf833",1
"6cd457ebeed356187e7616c5a8173da0",4
"6cecb9994e6f5f956652e1fdf6cecfef",1
"6cf51bcee9c3367a3bd04fd68979db6c",4
"6cf7e5e305cb1340d30b5bc3bda7b4ff",1
"6cffb60cac400e3e68f9df59bc24192d",1
"6d019ca188caa35f6c6947d539bc49a2",1
"6d05ddc72724d5001b915b80f331ceaf",1
"6d0d5e9ed1bbfa153a282631c61b7f1b",5
"6d1758ed34c5c81fa960509639e3f14b",1
"6d19e453493cf50e8ce9d49b6e5f5917",1
"6d1cc42272fa59469c4ad7791ebdf4a2",6
"6d1f4f0d3d39e6bfcdf429e5c6ec7f0b",2
"6d24f644c91c3330f53b76fbc808a125",1
"6d2dd4e2548265df4f829e0628d62032",1
"6d2ec6325b34da12fa9695c0607bba10",5
"6d3143586f58dabf97ed1a4791a3bc0f",1
"6d39e88e1ef59d96637f5f250e10f0be",1
"6d3cb80b56b7d81971e59069b7a05a2a",5
"6d432e920cbe7d493a7fc7fa82ca0c81",1
"6d4b9715dfe9501b275d6cb900bd5531",6
"6d53c7db26395feaac5bd1b2236830d4",1
"6d5f549811688a2c340b40cb1f398f45",1
"6d6c22ed08c256707e85b2cabefacbe3",1
"6d7a0f8812c04854bad0297e86a88952",1
"6d7e6ac9b2243eb426ccd6574c5ee1d4",6
"6d8f4aadaf1ebfdcaced89f02a2d1bdb",2
"6d988d1dca502b2a40f044977c41dc1a",6
"6da78374015f5cb05a27e541b6b5eb67",1
"6dac5c1a73da46effb8a2a054527db67",1
"6dac615d4da6875e05ab309f8bbf52f3",1
"6db040635d2e39b2d2402fdfca132edb",1
"6db3bc9d5a2b18a435700567e1d407d8",1
"6db406b36debf18dfe5e09db5a0a8085",1
"6db71815ce2bbcd199cac3b8264df433",1
"6dbbcc7f3a7be3ede6dfe896a2ff0906",1
"6dd08a221d9890f4ca150010e4db5fb4",6
"6dd25392c3cc8fdcf76a9a8fc86193e6",1
"6dd4a52b7b68bbbd31317c86ad89c959",1
"6dd96aa612fd138c58b009ef75bb8588",1
"6dd9b5c1c90d1d5bef46527e3f27a7ef",2
"6de4107a73a320de5d14cdbbfefb5d36",1
"6de83e05fe0974aa0f547096e9dec679",6
"6ded19367e3b3c14f3cf9ea9f4e22c47",1
"6df0633699c4857776031c7641d2ea6e",1
"6df07978d8e7d7b17b1c96ebb33505cb",1
"6dff4b65d421f66d52c065ed711c26c8",6
"6e0af7749ac70c8adfb6bd695b3c8527",1
"6e1606b791dc2cce54c7c0aaf4417a0f",1
"6e1e112685e0ce53ce20d6a2f8a71a1e",1
"6e269b8efbe8e806318a38c250d524f7",1
"6e2f64db934de7e7c6f960fc914cebb8",1
"6e31540d971a8d98b313f8f5233da7c8",6
"6e39774580a70ee996b832c5b9001e7d",1
"6e39e605adac4296793f2c5911967e3a",6
"6e3fda32df637cd6289e5c34e2a70bf6",5
"6e42b261b72ff8dcbcd5ffd94962b9dc",1
"6e436b95f7e076d8007808c512919dd1",6
"6e4806167b6b562364a7fa2f58517327",1
"6e67802599a951c07b362b91be9916d0",1
"6e689302d02ba04b7c225a5d441a5e0a",1
"6e6e55b5bbd43f9f9664e7731a02d5be",1
"6e7bb025ab4e2b17f5d359ad4d83e162",1
"6e7ea4b0fc3b451bc793a9b0b493df3e",1
"6e8bcd4934cabce58eb41cdcff22601a",2
"6e90cfef17860761c52d936f6ecbd86e",1
"6e928d4b45bb021bced546ea70645f94",1
"6e9671eb9d6ee56362cb392a907fcc38",6
"6e9bc35a8e3c474dbd5899251b310558",3
"6ea4415b1f34d5c8ea05e7a7270e69a3",1
"6ea676d84e586da7242b4694f1fefa4e",1
"6ea794261d5e3ae18078a50519d01476",1
"6eb634a7149d8bbc13d93c2c49b4010b",1
"6eb8051891cddaad368f436e68233c40",6
"6ebc41124f6edf82ea2e9aaefb00bf05",1
"6ebc8ff203b91e74d65f041762237943",1
"6ebd934425c986172e8f8b471e1dcd1f",4
"6ec5e567dae52c10d34cb8a5211b2628",1
"6ec92b90d65583fbc3d6260ac872be69",1
"6ecaaeb422c0663dea6448366fcccc57",1
"6ed0b17f7a9eb0feb3267a2282b539ea",4
"6ed208c2c9c0e612490e5671e9fb7d58",1
"6ed2d847309c760276979650947a27b6",6
"6ed8fcacdac95aee1d38b018884d353a",1
"6edd2b9d818af792a63cfb9f269b9226",1
"6ede69a103a7f68ff810d1fec0da5f40",3
"6ee0326257fb3aad4cc3bcb88079e3df",1
"6ee349d2a462a36ef82e1bb40e262d21",1
"6ee5979e7778a5784532729e0dbb2c0c",6
"6eef7dc92c51f9678ae793850e6c85e0",6
"6ef383868be01eb7b4e97aeb1b29338b",4
"6ef3e14f4e164ce3c64ebc3cf53edccc",1
"6f028fd7057adff9c68757880330b263",1
"6f02c9e76d2791a37c4545e3e183fcec",1
"6f07e9b5908240ee24d7d6b6d48bf8e0",1
"6f0d632938439e98f2f830984b964098",1
"6f0e3e599867a9447fe08c9492456e63",1
"6f11e2343f7d2d90dcb88fe68ff5b263",1
"6f13f3ed67bffbfc58055a703af90f64",5
"6f150606303c8e58fd21e8a8bfb09a84",4
"6f175e739e9308fa19ec6cb72343b0f2",1
"6f190fcdcf1935b0233deb04b0a401d8",1
"6f192733e8cca5e8827c9db2f1dc3af1",1
"6f2344022361e6a38105966f0cea9619",6
"6f26ce37db7c359d3ca99c85c64bf1c7",1
"6f2f9d45f4fcdc055c5f6b5ce11c1447",1
"6f363540995beef0b1debfe61852c3e4",1
"6f3cd34e21f639d2a82ec5138ded0204",6
"6f40b8ac596f033db6c2ecefbb774a80",6
"6f4893a6655c12cd179e279a21ea4df4",1
"6f4df8bd8a355fe19c2b8be47e17bc4a",1
"6f4fb872657ba0fd382f453934f1e659",1
"6f564d86021faab87945345fe12d2114",1
"6f572488d37507ae4572dd4a5ef496f3",1
"6f634a17f6629bfee4b563f326dd06fc",2
"6f72a1efd8cc2e6cb42c9440af447fc0",2
"6f76b3e6bad7ff1069841fc3da17dd1f",1
"6f7e8dbd2fa633fcbb6be6db22652047",1
"6f7f4224368c2a4ac4ce0dbee447e5c0",6
"6f8638bf4e10eee53df84880e8531e83",6
"6f96cc6cdce2c492a14ac1590f78ddb7",1
"6fa7a14c11b0a4e8cdaa0a9d406f73b4",1
"6fae43682c6351c3c3c4fd55f7e64c7c",1
"6fae5647816ca6f210e193736558bc3e",6
"6fb9b39e76e56b7c7d1c6d8177d27099",1
"6fcf3ce6dfe4c8195abc94185a28df94",1
"6fd1e94ba05c51a6e5aba65dc4f63780",1
"6fd3284faa6f3aaa1a1343f56ca85479",1
"6fd3ff06a98e7d87465bfc7c3bb8dc92",1
"6fd58bcaa636fe42928d3ac3de4ebe5c",1
"6fd9156ded2d82d5b0d91d1598f1ffb2",1
"6fe26663b9adc272da0301afc2ccd8eb",1
"70027aee82bc5ac4b65956420435a3aa",1
"7008cbfac60e871c01fb27f2f9da3f3a",1
"70107686bedd3fa584f138e503c3097d",1
"7014c418d2795188f8471db534b1c5dd",1
"7018367460ea95c41d8179b90218f816",1
"701c061096ce5a0676e2b5e6cd237972",1
"70205582a8fb9578e5e40f869441de77",6
"702206960cca6233d57428711ad3a222",6
"7024dfb16b09d59a10aa23eec38eb22f",6
"70275ee4bf59bf77911d5c1ab562720b",1
"703046226a3fbb10ca091ffbeaeff9be",1
"7036cd110802d706fe8aa16b00f08736",6
"7038c39356818d499ad4791e5ab301de",1
"70397b63de8a0111c2a45831ce8deaa9",6
"703ba7773fd1f146859b8afbfc1049ff",1
"7044b9b050002a1086d4f62462387b11",6
"704c09f744491c909176ecf76bc0eeb7",1
"704ea50b11e6df7aef1a9422e061e05e",1
"705c9a24b14036e7000b52afee1ba9ed",1
"70681695bb5d5b702672addfffbe1171",4
"70737607d7a5159aedf7f53ae75080c5",1
"7077aef30d5c2c2f13c36d8cd0cf351d",6
"707ae9245a0277ab388469910d3617a3",1
"707de31f181338f2345f9350a68b705a",4
"709bc1474bd7aefc497e5ced10c0e920",1
"709cd8e24b6a21971f3a7300196b4496",1
"70a4a7b82c9f02fe7da79301c2fb9ccb",1
"70a7a8d2a68da0b63ced06025bd69bbf",1
"70ab9e19ff16c5c237e7d0fd35dbedd4",6
"70afc3410a31afd200f900822afebdfa",1
"70b242f820120981edc7f419b043c098",6
"70b63efe9419b6462a6a6b751da17e8d",6
"70b94882931cab83c80473dce0eaac62",1
"70bfca4d055139d007c13ef1ee82b2a8",1
"70c204a7372edf8b8c43f7acf591c438",6
"70c4534e57d9018f65616dd3d09e1b96",1
"70d4d011f85f3fe2ff79c5830b22796c",1
"70d97fa765af688c20f2f95b12d75bfe",1
"70d9911a8ca6ae0daf413d5dd83801d8",1
"70e1dc10e0b912aa0ce27ef42cfb1d5e",1
"70e2c5710cca98388891cc60b9c4be14",1
"70e3cddb79f4b4f21eeaf4d6baae6e68",1
"70e9d838e27c3b98699278a796d3e511",1
"70f92e444d2175bf89306cd1b47e1f03",1
"71158b74d0ad875b952582dec987b1b5",2
"711ab5ba20cf6fd0aab3e1795d164804",5
"711d0cc5032412d5cfc9168919f5fe36",1
"711ee9cb0ad504aee4262e52e8da94f4",6
"71235c3698e766c1b53e8a2114d2d757",1
"712cec9ef895c029a01f22d5f61ec645",1
"7132b9bb7ede35083de765d2308286cb",1
"71332bcf9dd281cd9ffed7149040d7c9",1
"7134168e933903b3efe9f10ba0363279",1
"71459ede0b1796176d6f7f3dbe44783d",1
"7146ef6973dab12e72f1d9917403e127",2
"714a0c3250516b7eb538fa3435a0c389",1
"715270e9d32c127afb090ba50b3d7256",1
"715326f4b9282bf684bd27b1f2dec41f",5
"715e0e81a6b9b389707963b4002bc581",1
"716d9322272587ce71830738c568cb91",1
"716e33f6da75dd86de37e88c44d91b62",1
"718123b0e0484d7a575e60789358651f",3
"718c538f0c79e2fb3426678a46091d58",1
"718caa45459e706540a6227db71633e2",1
"7195d5b94dd193cdf9a4ca82f3def44f",1
"719ad7635a4b153ef602c870f689b154",1
"719c8b13f4680af73c0aac76d64d779c",1
"719d70e8720b50e793dfc1eb7ff3e3d8",1
"71a3d6486b4c0c06b679286adc301698",6
"71b83e507682041fe78bd2a3551d6c5f",1
"71c1dd2475e8d4bc02c3df47ebd23d9d",5
"71c5af57e2f8be385aa21c1155f74082",6
"71cf48f9beb1b847a124f3a0050d3231",1
"71d467f944abc563f54c1bf560f64afd",1
"71d9a6896654a38b25ced43cc98b4b1f",6
"71e8c46b5efcbe2b4d60adb60c48b801",1
"71ee2d1d41748874be131b05c2398f7d",3
"71f4061d6bdae129b5d0df76f51014f3",1
"71f55121399792fe1507d889db266bf9",1
"71f60da331ff3392ed747fc4e466d1ea",6
"71fdd714c80a281806042e1d6cb6e152",1
"7202e43f4671d0c364fdde18d826e744",1
"720463fb1f2a4f7dc783316869de3274",1
"720623c91f0287a0d875d4816763087e",1
"7206bfbf0ca2d7aa9c9f6912070bc471",1
"720b2e6e7718c313ad3d1990b27aa451",2
"720dc1a0ddf5173b409b2e5cc0ea31f9",4
"7222f6002caeeb996bbefd85c65404d6",1
"722da08d3b8c3ee53a3a24bf05ddda4b",1
"72304a168bebdadb939ae2e5c781dffb",1
"72355a19c5f4f9ac040fce0586ceae37",1
"723ac0fb27c25d676b6d2dadee57508c",1
"7247d79ae513cf51077f091c8df6e329",1
"724c35e1ff8cc86a8459a3d7f35bec8f",1
"724ce123b1b06bce627973a2991cfd0e",1
"724ce6e26413870e445321f9866e58be",1
"7256c06e94380fec62a3f8c90ac99b74",1
"72588185e652aa1e6b88cf8a6dc5a8be",1
"7268605cca47432405bd421f27f5128c",2
"726b5abf7088171777427bb5f837939b",1
"727c3ab95276f01400a54ca4c5dd8699",1
"7280c98178285fa3a2ec992eed754693",1
"728f07156d4dd444bfd3d8d6c3966246",6
"729837a0ba01546cc5065f175e2385de",6
"729cffb2acf13d73881f0651a7363267",1
"72a542c2e94a26959a37a31189a8d20e",4
"72a6ce1da776d96640c48707ad0ecbb1",6
"72a864594dc17353f193271fb94401b4",6
"72acd27e4e1823002cba5079285377ca",1
"72b75b20c4eadba490a0fc6cbc9646d6",1
"72b87ce73d38855aa7cb9b31fe2f834a",2
"72b930c8a96a661436e32343b27c4732",6
"72c29fa7c161708c8d13c19ba39626e1",4
"72ca9d237e077826d3b1c7d9203741c6",1
"72dca037a0947d32fcc6a9d4b1a1da46",3
"72e56253d6a4412b11f606604d95b5cb",1
"72eb10cc4791e4cd55eb6d1f482bf1e7",1
"72ee73f5b8b213684be9b8814a78fed8",1
"72f41d98f98c59e5e29da1e4e51fa7a3",1
"72fc4e9b7e79485b0969b0f862d9c6c9",1
"72fd598a508fdb523535f20a5ea7e04e",6
"730ef38093bced13ae9c3e39d3ee393f",1
"731bd9c8bea6dbd6553e5e21ec9c13c3",1
"7325d3597f3fb4cfe3c3d15caaad7d06",3
"7329c9ae93d846c8d6c31aa1b15cdd57",1
"732d367cd55d909602b06aa2761ca38f",4
"732d8e3985fd53223a15fbeaabff59b7",1
"732e2972848607e103e0d0a4a1d574e7",2
"732e4bd52a81f6d50f67f42a1648d4b6",1
"7330c6b96d669648e38b391255f70451",1
"7334c9d2a49dd6917aa422a6ca95e4cb",1
"73375a96202da16faffa3d4d20b30ce8",1
"733d520ffa4a648ee43a617cbf9e7f65",5
"73565e11090f0dcdfcccd72c17fa41d4",1
"73576594c6dd3647a7320e15369dd2bc",1
"7357f35c0869dffb023ea857cb737d96",5
"735c2f3370e15e5e444f733d05fe8380",5
"735dc37c95dfc8d1dfaa9fa4beb7c4ea",6
"7367c68efb0304013e6d477a06ad4fb8",6
"737bde70a10854b30677d503163a5a02",1
"7380e3f3e65b35ba0279d4b3c28375e1",1
"738c69626be103c527daab282c08f4e5",1
"738c7f26fcc2063368d1581da6fe99ab",6
"739dcececf229b5e7c2dc249a6e14a6c",1
"73a80e64b5dade0f6a37d90cae92176f",1
"73a84f306afb425e661116b9fbaf25a6",1
"73a9f19f226c42f36d65d10eb84335c3",1
"73adefc5f73699bcac732fd9210f368e",1
"73b7693c40bb3f31b4962f64ea47d8ac",5
"73bf6ae4a1976d076883556913458167",1
"73bfc5f158bdebea1a6d8230ecb28d54",1
"73cba686e5e4345b4e4639f1f31badb2",1
"73cc2f8e8945aafb17d722d884ea6f27",1
"73cc591be9d22fb6c2bdddfe3c40ed0c",1
"73d588302a39cd1662d6dca2c66ed8ca",1
"73e5824b35d0ee7b8ed1b05a13cebc69",1
"73f346f464a09c093afeff2186bae119",1
"73f35490ad01beeffb78a40cb68c6477",6
"73fc87143d17592ba701603b94fdb7f4",1
"73ffe724b9dd6c66803138c036425782",1
"7400ad429bd212a80e2197ac2c93d229",1
"7414d3cb232d64a3ee1bc8458f24a1a0",6
"741b81e07aa9ce9c7e18d4801d0b2391",1
"742342474d48dc9b194d5862680fa5a6",4
"7423c3f62caf69300b6c0ef61ac3ddbe",2
"742fbfb95dfc9e98604ce35af807752d",1
"74361a8e92c10fdd4dbe923ec28f137e",1
"7438b1eeb12cc5666c9e818f3cfd28ae",5
"744811a40e5190ca0b402b70050b53fc",4
"745e815e5e80accf6f105635e828d16f",6
"746be95ecb2f91c35d7511dd40c49a2c",1
"746cbfa6fb1692a2c580f8a30e02f692",1
"746f31dc6924c6954d20ac2205a74317",1
"746f33d974af5ed385eec82927b84f4d",4
"7471a800c7839c74e3a938bc1c3038cc",1
"7482218d35bfdd109877ff09b147cd80",6
"748aa9492fe3366c0ece300c4d74a9e3",4
"74945bc293b61cee2da1397d7ad40e27",6
"74971dc827320a74d7a2736249b07fa2",3
"749a7e0f912c70d624e48fb3162a936e",1
"74a8c47a58ae1373e90e7987f96bd9a9",2
"74b2d090085024bb09c6914729592571",1
"74b76fbb4e43e3192c2326e4b466474b",6
"74bfd4f263197648dabec2009ee36053",1
"74cbd65d3fa3b968111b770a8d6c22bc",3
"74d3e78883313d68e41cd64de56e8e36",4
"74d4a779fc9bb365969b35a9b9d7108d",6
"74e4df44a12845042e4d975d0a63d858",1
"74e5b2e0c5ac8f438c62e62ed8844233",6
"74e782c0ea0c361f616a798cd5afb121",1
"75062f3479dc6deb5ccb56e3fed24467",6
"750b0f851edadf94eb15fc70b4fe8332",1
"7514c792198c1115f80a2ccc82e64c6d",3
"751981f34f83d269396886fd957ead5f",1
"751985eec8ed6951675abe1bff0e9027",1
"751d98f642ad2ad75b5286f5cbe23fdb",6
"7520efaabf6466b85e68176e99015cf0",1
"7522256fc263a8184378d1afc5a82df8",1
"752337ea24c4f5d5881cc3a4f692be65",1
"7524319a4ddc0c0951c1a5f5af68310f",1
"752515d06adf7f5e58b8cb198a8da1ba",1
"7526ec3558e440adafef9ce335ee8702",1
"752e0609b6f1f6b81d7410dc2bb9e9ad",1
"75338c2e1a55cf7ed9d050048fc04cd5",1
"753fcb41c7ded69f62922da6edf6a800",1
"754041be3516d6f5985125083ac09dfd",2
"7552521ab2eaac2098460bb33f977609",1
"7554bd00d35663f5d548f0053ff1f356",1
"75572bada4f9b84da67c5b6fd8ac73e1",6
"756555559af1eefb5257f5ad930e7821",1
"756681c77be057f7b14bd7d494302cd0",1
"756b54bc0eb9e17c4e7b83d917bb4bb1",1
"7570654a5b055322a11cff573e3abe55",1
"7577618f173fc0f377a1a837ba2abb03",1
"757a91d7a077827ff26bb5f170014f59",1
"757f83fb8dbf1e405599839f9898a9cd",3
"7584d315cebbf2c89d41254235cfe55c",1
"7590a8e40b0054c4c1b14cc1bab80990",1
"759705c073205cefc7ae06b73c795f83",6
"759c2858ea94cef82a7fd6d1a1e1f19b",1
"759f9d744b6ff7bce24a92bac301ec1f",4
"75a0ba697bfab409f7f74edc746c5750",1
"75a92544e66bcd5b53fb1a3938116da2",1
"75ab2ba780d304b95c864976c349b764",6
"75b28260f735a00f152642306b8857bd",1
"75b4560f1dd72ddc67260b5792a2a7e6",1
"75b5680730f66d2cd8450655a529154e",6
"75b9b8dafd18d1797fc79c2bbf29573b",1
"75cc73a4523627244669ec5d84a2dcfc",1
"75d49aaa05516cfe2c24c8b94f22fa79",1
"75df0a12fecfea166aa6e9012b5d682a",1
"75e475e9165d054e3cdb3681bc8b118a",1
"75e9a24ceb0d996e767d21b1216cae39",3
"75ea761c4f8e16e97404261aa142543a",1
"75eb364c160bacc2dbbebe7a583212a3",1
"75ef13871506374838cf751140eaf4b7",1
"75f5c4ead92f2744bbcc0141c8e056c4",6
"75f65ededc53e535c570c73099d812e8",6
"7615288e9424a98c467890e5f66eae3d",1
"761c39ea8a61cebed541df1da051cff0",1
"7632b4bf5d1635907fc4969ce0c22620",1
"763ca1cca8223dcad69915e1bd7b8c17",6
"763fc4ff2f4ba031691361f710217402",1
"764370144b98274cc1770a46f8261933",4
"764447f6399d20c0a318891eff8486b5",6
"764593095a85e330c2e8269990f58b82",3
"7645a087921494e0bb16e91f3357a4f9",1
"7649f167b365fd2bc7095e56261a2bf9",1
"764a97269f72329688c5e7f31e8e9cdf",1
"764b90ccb027ec533f5970480b9df4cb",6
"764c804ec560d535bb0ca0b938786d3e",1
"7654a761614c0366c4422d2e9a6db1c0",1
"76592859fd2e956605c2b6e89a138430",1
"7668574a0c17e32a95936fca18377165",1
"766f92486c7d248c511f1dcfcd11abb8",1
"76701a51c2eaed01f8d68c49148f0300",1
"76754b444dfe8eea0c610e7355b82345",1
"767af669c5a928e45fd78b26031b0cee",2
"767b175732f649f6533a06768a63c078",6
"7683273c0ef9d1ad46264485076a1ea2",1
"7683457accc083aa86c99c91ca2ea7b0",5
"768c42ba9f484d923190468e966d6706",1
"7695b07d931f86aa2547971bb6bd7bc9",3
"7697840c0c9c4e40dfcb967e744db84c",6
"76994a791271958c709022cfd4afff94",1
"769a714d6dd63eb23b22ae85f1292177",6
"76a1d050dd6886ed530759c85cda6e4c",1
"76a6dc1741c08b6d52a7045e5fb7eaba",1
"76a72a5a508ddd82b47b46f4fa7b2c72",6
"76ad0c5ff340050ed415014121acb459",1
"76b5a05e77a91b8a92b2ea2eda6f7f65",1
"76bbc518235a2ec300ff6195772962cb",3
"76cb6cb6db77e2e9bab6a949bf0c1578",1
"76d127aa1e447a9b792a98913a61410e",1
"76e17865efcda49635e020b9e001b3a3",1
"76e9dcebe3703797bcdf297bbb6419ee",1
"76edc7a282563df2d6ec2226cacf766c",6
"76f015164430d95a6e5a257a613d509a",1
"7703a65757fe6e46b1ea99db3eea1a99",1
"7704fdda2d45115be55999b21ddc64bd",1
"77060b2b588e240ff2c76f8ef757d9ee",6
"77130d3e0acba0ae70f39d6bf6809de8",1
"7719e79db57ed884ce6189496859b564",4
"772c6d9e89ba323549b18aa9060601ae",6
"77307f0cde5931384766d0c6370c60b3",6
"773707fde5580a6b9b53fade00a34923",2
"773cb23ebcef732780afd00373c18307",1
"773cd6f872f52a4aab6189fa916aadda",1
"774a5915bcab93b204922b0b66081a09",1
"7752500aa883a532e2178aaa5250a14f",5
"776a86600167f3e6bd48fbdaae8b6c36",1
"776e0968cea89437e945df769871d23c",1
"776f156c02506e67ccae1dde06de486c",1
"777370a6f8e49acbe0d1e3fea59ed965",1
"777b6fa5f648d57c24d3b5a6d44627eb",1
"777c895787f35cd6b034ce3634d8a60e",1
"7785219186204e5e2d8732b88fafe47e",3
"7791b5f7bd7ee4ee25d2896371766e22",1
"779452d6dc03407efbe2e0982547a785",6
"77952f2e4149dcd1e48fc245b7a1f723",3
"7796ddaa698af9423f413c7a6a1e07d0",1
"7799376df4c3d39c59056e74cd023a2d",1
"77a0ac728a80f4b63b6ba6bb0c579b69",1
"77a892984d19f4d99d057b84701911ba",6
"77b07cdbd9dfa3984a9f170539d64e1b",1
"77b4e063e6786f873c7c7f8fbf913016",1
"77b54940ccceef7f9e6de47c1f8a68ea",6
"77b6af7dedbee623dd0be568cafbf2a8",1
"77bfbdbdc1a78d58cbbd82e9a4bde451",1
"77c2c53ad7d100e32ff6c8cf30f51a17",6
"77c545cb41cb71e5f2eb32e0e6540105",1
"77c703fca71f73a8812cf5d42c9bd03c",1
"77cb2aae1c5a2fd4a46dae4661192493",3
"77cb674462ae8ac9b1285fc8f305d16d",1
"77cbdbc08986711ea3d22ffc186756a7",1
"77cc22cd02522b78e4ad9e4ee9c4b91f",5
"77ceaeaed2315dec257bc1a880983f84",1
"77d073b087a0cca641332142c7d8fc88",6
"77d2e8b6b77f0fb22196baad9b090a0e",1
"77d6a8b8813656e3654b88f6a0d16320",1
"77da6abd138068c57d3319fa1efd5d10",6
"77de294877f980a5f4ea54305d5fc09e",1
"77e52759a7bcf6677a3693b68317ef82",1
"77eab234bb989986585a108367875ff8",1
"77f41300916e92ca6ff6ce80cd3afcab",1
"77f484023c9f5fd9b74186ad072b2e2a",1
"780209664d8e99fdf7175ee30fac761f",6
"78071f31503de7c69025542b4c1d0513",1
"7808b8717c85fc67d088ed460cb8152c",1
"780ee593bfb1f71a7f0d24f4fa682ebc",1
"7817b119e8eff1e0b3e3ff995bf3f2dd",2
"78247d836539aacab573dba9090ccda0",1
"7827cfae23d45066ed8c34673e237dd1",1
"78361589a3ce331e23c87f93a2c0c42b",1
"7838059c47a0a12d4e4d7b4343ee752b",1
"783d88c258997189943fbc187047e47a",3
"783e89b607b4c70dabed16ea379dc336",2
"783ffcc2df572565e99cbb18d4f854cb",6
"7841e5df0de0b28da4b606b1869a7480",1
"7842d517c9c74b8a785e06f148010664",6
"784885ad2ac99c02dac4062c1432aa31",1
"785d6b017bd90d3522b06a05c502a685",6
"785ff174c2484ad8c8e9b55787cf9e45",1
"786303ea83c239d6d6bc9a77665bb7b1",1
"7874e056405377b6fc60c09d500525d7",3
"787902c8b3e73be5861e96cc08575a21",4
"787d54e5bdd87b4abec7c8224b1df3ca",1
"787d6e5b1797df3e5236d86787e5b98d",1
"78970e8f9a62de52ffe71cd8a55455af",4
"7897b22673709d739beef39f94c8535c",1
"7897f5c51aeb85a826bbb909488ee828",1
"789ad4013a4fde749cc381c1d4407f56",6
"789c7fa6679339f121527806af58459e",1
"78a017930481ade147097161e6503070",1
"78a0a7e1d2c9e3807baa8ee2a96cce88",1
"78a96358a15e8a1c8076d656332ff574",6
"78ae3bda63850b509f90a97d9a2c4959",6
"78b150fb4a9af1ef2d606e8e1bdf9581",2
"78b460527f38ed7119f49e6c486a0274",1
"78b52b45ef12260b6695a7e544b6164f",6
"78c0ab0425e9cb7d4527d97db5fbedb9",6
"78eaa6a53370b77ce27d227311d308b5",1
"78ef2b0867ef60c1e23915e045588e07",1
"78f188e2e0c07362ca33cfdd9054976c",5
"78fbba1ed90cece145b4a80a66fed8ca",6
"790256a815dfa015063383bfb6c9026b",1
"790a9117b577e4253a9e676ef4dc977f",1
"791598b3173fc2b3bd5d64516a53edf0",1
"79159957b31124d3815c5dd876451d95",1
"791ca851db2cd84aeced65afde4237d7",1
"79209531097c913b7b38ae637cb4bd20",1
"793c5ba1cc7c4c26971470e7da873293",1
"795be681a390e2dab564f34d0812e484",1
"7961b698a2927bc889a25f9e59bfd90f",6
"7962b1b754f24b855be1afe1c6583558",1
"7964f0c26139d78ced7b2ceaeb24ac28",1
"796bc534c7b5cc8ffaecb56e0283dfa2",1
"7979384ea4d1487d40fd4d7966eb09b3",6
"7981e33e0ca2c842f8df52ddd12c9f4e",1
"79a72a07d6cac18b672300440d13ee7a",1
"79ab077957a8f0dc10ee80a8f13b0eb1",1
"79ab84ed63b93c267cc6fadfd0c0e9d1",1
"79afd7ee4a593a5e63e0921ddb4f70a0",1
"79b5339aa370caf3000879ca8bd7dcb2",6
"79c86ca4df2c9110522e92510b018633",2
"79cdba148bca56b437e2023fce690b21",1
"79d356f54430b44cd1560325bebb526d",6
"79d916a80d5132054fe47d4ac4ce9afa",6
"79da3d07886c5d216aba1d16ee56c60b",1
"79e724dc36c7e57c7f994d3df6331c6c",4
"79f99346ad939d1908714119db26a64a",1
"7a0974a6c0f909433a4bcf2d456b7c39",1
"7a11ec6ea2878974ef4fe2448766d858",1
"7a14e54d0b01f009fabd7cb3412af705",6
"7a1cd9d9d02b90e16baaa11d10e8b2c1",1
"7a337f7de59a2407f27f41d6fa0e4acf",1
"7a368e550096b262637e67048581b21d",1
"7a3d58e9ba4bc9ac14f7997ec487d3ec",4
"7a4aa185251517840c8ef4a1e472f03d",5
"7a5103aa162c1c8c0ad6d526fbe64da6",1
"7a512bc69b42bb8204f0bc055775b6e4",1
"7a512cd59fdf3cd631cc03c1b9a28c16",1
"7a5d45720ab9766c19359fd25573bb12",6
"7a639c9097720626da6358ee355d7c01",1
"7a65939554a013d3caa1d4750594948b",1
"7a6e4dabdfaa7c0df857d3f8da88fc98",6
"7a6f3e7df3199fb9427c259ffc8f9d0b",1
"7a725cddb156a4152f4e8feb56e74dc7",1
"7a73f585ff5fe0cbe85a92a189e7221a",1
"7a74641a32076dc4ef89f95efca9878e",4
"7a771e79c151a13c4d101ea46d409c2d",4
"7a92e3d1b8463c636837a9f3e616859a",3
"7a94d0f2c4a54aaede12adea0c11efd4",1
"7a9cf528d7ec59e8298e62ff687d921a",1
"7a9f7873ca03715ef334b2443997d4f4",1
"7aa39a2d10229285613d0158bdfb2d64",1
"7aa7d9d1027e9b9adb679c759296d019",6
"7aac6d97be2468507668e195b0bcf9c3",3
"7ab8f0f141c52d023e5e5f8f7a119984",6
"7abade0535278e23a7d0b5adcbfa5f71",1
"7abe09acc1bfbad67dd1d2e60fde5538",1
"7ac2542eac95eb2b6d486545a0bb9deb",6
"7ac59e9ad7ed229a8ed69179c525f671",6
"7ac673729dab0f3e9e7fba67e4443a96",1
"7acc6103f4d302d8c0342f6a977460d0",1
"7ad5b4a7cf9d6ff67271b84de0d149c0",1
"7ad5c9611246cca382b39ca09338b113",1
"7ada0621c30e404114b247ac151bf6f0",1
"7ada80acd583faf0eb4b17883634102c",1
"7ae6326a0ed8b4aec681c1d410902721",1
"7aef6a7035391a7917121b3666fad49f",1
"7af0ef685a00012cf68e838ca72d0d57",1
"7afa06baacd8a1bd9a3062a5ba63edbc",2
"7afb79b4a82136066d7e2d25ed634bb6",1
"7b0536e7bc2987bb0ca4801bed3ba7ab",1
"7b1784f0b02a4c59d46e3c76a6e01ece",1
"7b1b9ff57bc8ca367af31312eca58ba8",1
"7b273b985c0504338dd5658a0b2803ec",3
"7b27b81aa85a2c02d1786c0b004ddd37",1
"7b28920e2005db1f16a08076410e5432",1
"7b2b72aef9f2a3e1d7bcfd057b2272aa",1
"7b2f5cc9e5cb9189a479d86d7d34ce8c",1
"7b3ce7a3b0947bb5add4a08910945802",1
"7b3eb748d3a72f4b9c3f54e22a563513",6
"7b4458bff04d0b029fb4b7704faa283f",1
"7b45c831e48b780112a92d7361b2a0c1",1
"7b4937e4f82b013b3ff4ac876b5084f1",1
"7b76659df981b7e152335b5a33ae9b5c",6
"7b77aa85c858c1c78f146ec50e14c828",1
"7b84ee0de21f3d08bafc184a6b60ba29",6
"7b886aa6e176338e07920b806c7a46b4",4
"7b8ebe1675ed0ce7f57bc65b0355e5f3",1
"7b906772073dc5150656424536d8dd7c",1
"7b936b7c4736b11e92a90df11dce6bf9",5
"7b97d55788bb7b69f66a3f7d5cc10eb6",6
"7ba7b6866775fa1422d7e2bb8f2251de",5
"7bac6461eef0a745000057139765dd65",1
"7bc616e2c5739fcbbbdbbd1869792fe8",1
"7bd6735bbfe1a0f48aadee70847ec83c",1
"7bd76e652ad1df95231388a8f033f14b",1
"7bd832a1b98400f915f393e366211ad9",1
"7bdae3ea9f39011e41a281d0eec30da0",1
"7bdd0889bd92e4f3a2cddf468c6886f8",1
"7bdf869aa85b1747cca7c5eb7917f2d1",6
"7beaf9f62182cb73c2d981cfe5680994",6
"7befec939994420540b741fd40b25cdd",6
"7c02c0d374b3b14dd3773180cac65d18",1
"7c034155bffd26f4ce20700506606eed",1
"7c07f8b1ef674e1c2ccdfeb84b8f6f26",1
"7c0c07f4abfbc3d73a092b69aed47d0a",1
"7c127ea8167874a4c69a34fed871b362",4
"7c17ecd3ce1b4f7d7c6f7e95ba7ff893",1
"7c21abb477651631dab7abf54da1151e",1
"7c2a87da22e7d57ff16c34a6af41bb3f",1
"7c2bfa587f8a2281241665da1660972e",1
"7c32156080ef49d6d5737a4c3a17a7d1",6
"7c3f225ab400266a26c57102ced3c31f",1
"7c4240628e8ef36f3622726435cc7017",1
"7c42bff75e8832e33d36f0f616935076",6
"7c4400e1652bbf2ccdcef423ec867e70",1
"7c467f84985c85084faef8289b0dc070",5
"7c4bc19c8fb7f2894b55af263826b028",1
"7c65c3effebaedc42a34fe6f3c7c3cf5",1
"7c67f7a99ffb70e0210c864fa6eac323",6
"7c77a5b8335d962453d792f188fba1e8",6
"7c84fa5ace336c2f66d808f16afd153c",1
"7c915b2d8233f26e45a7972cb440e25a",6
"7c99319f0a03e307b8b3497da8b1e1d1",1
"7c9a1f7cdaf8573b01a132277f7d9988",4
"7ca53f2b28b236dd05bdb74f3537b023",1
"7caa84ec6f3e1abd5e5359a172a1e57c",1
"7cb8f18c91b65cdc290f3ae13fbc16f0",1
"7cb98cdf776a1687b6b1a6c128057a22",1
"7cb9c95985010fbad2c0e6e1a0648f44",1
"7cc0467c5bb10680f05e77e9bf441a4a",1
"7cceeaa7afe3774ed22baf9d87457e2d",1
"7cd20f19a997eae26a572b7e518dec95",1
"7cd31b07e3177acb0fbc27941a1f2213",1
"7cd4dc69fd76d7daa3ac2e52e7e6d514",1
"7cda83f35f2fc0197901d99c46c454fa",6
"7cdc950f24c70d2c0365355e84dca949",1
"7cdca06e1791914358301cd10819780f",1
"7ce0bd5d8b6951142868d5afa15193d2",3
"7ce3127833b45e7d588c4706be56ccf2",1
"7ce7b1e3a9c39d7fbe726e62fb9fbaf2",1
"7ce94cd60d205f049ec0405dc2a22c29",5
"7cedc501c50d798954219bed09868eb8",6
"7cf28e72958c2511da553c3a1b90e690",1
"7d02dc72f8118f8b3000a790b2ac48bc",1
"7d03187e40e5e68597c5d29faa62d323",1
"7d090e56661458d43e8501e32227b0fd",1
"7d095340039fbe3093611682311a51e4",4
"7d0b2cc9b70dcbca773694d267799636",1
"7d1254c4b948fe9ed28ed4113e3e1de7",1
"7d1a2624f9ab140f92c08ec07053ab30",1
"7d23066c89dc0267b81f8c35ef7d3086",1
"7d24b29e2d65eec70baf5d3918977f02",1
"7d252d2afeafd85fc9ae56fd4364debc",5
"7d2914777f0b36633ab69e990b49b1b4",4
"7d2cb6d0660349966ad46bf18100f79e",1
"7d2f12b4094fd6a601d0e50cf1bfe735",1
"7d384ae6cd509dae68971a6058822c67",1
"7d3943dadaea209aec6e7b293ece12e8",1
"7d3ca8d16ffb34ab6e4302eb74d45712",6
"7d4b29b2803ce873cae2b14ba32e5160",1
"7d4e9732ef40910240a6005e0aeef499",3
"7d5e4ba84d839f814d4b49bc720ca0d1",1
"7d5f56c3c90e3a2cc10c9bd22e0d9341",1
"7d61ce5f5aff4aaf045d9dda36983b53",1
"7d6b96062a127b35c1ab90a2a0858f38",1
"7d703d76aacc57f9fc9774937e56d285",1
"7d78d28a866e49241411fb84af10ebfd",1
"7d7940deb74e321b12fbeccc2eac6d8e",1
"7d896d81fd08c6e6b17e4efdb75217ec",1
"7d970a062324b9194dff35c29396f206",1
"7d9734f38db73847a4259de678a0549c",6
"7d985d975fba1bd84ebd80aab1b2e6c4",1
"7daa54cc687752f0471b8c9f33a4f168",1
"7db0eaeb9f32cda062a9d4755153c0c0",6
"7db0f5dfff707b42b70a2b52f0be196c",6
"7dc4ac2a3541613baa7bc5c2b33c5b57",1
"7ddb53da6eaddfaabcfe81ef61ba1fc4",1
"7de9de3b6e561761ff609c3eba4306ed",1
"7dee41365ea0ae9bce774913ac8c2e92",1
"7df859df14aa4427ae0eff8739a032e5",1
"7e00ebdeb44dfd231ea70d7c622dbb3d",2
"7e012a1a126bab4497f29e89fcf23895",1
"7e043e30e8a5954b8f97a47d63dc094a",1
"7e0c4968d8c1f8ddd50330f7570b894d",1
"7e119d15ec17764678ee3a43876c9ee5",3
"7e26d86bbb086103612d687963bae157",4
"7e29b9b9d351b2662f188b60701d364f",6
"7e309690086b27b08efc92220e6ca713",6
"7e31dca3ba59238224a2a80845cb33e2",1
"7e362f8ea945544f531680a13114c117",1
"7e3d067b1f38891f7d95069858c49065",1
"7e4670f69801576a09d48f75d2c3a256",1
"7e4920b4f62f54327f592ef6e5eba402",1
"7e5a5b15848782e8f3ca9d33242079d1",1
"7e5d433080bfab70be202efacc5f15ed",6
"7e63799dd767a45e9e4aa8d823b4ddef",1
"7e651cf61447eae535f91bb370d6ca07",6
"7e77e8cad664e0afbd7c902b582e3cf8",1
"7e79bd6c445fc185ef96720a0f926959",6
"7e88c5d3dcb48db29b7320c315a16396",1
"7e90630effd49f770e1b1b955cce57f2",1
"7e9403586787321e89f793cf0c4343ed",1
"7ea39f860c5b7cd77f137018a121b8a7",2
"7eaf6340147f9ea86ffe1c150b8d4d5e",1
"7eb1bd3b82b8b1adb9f02a4223c3badc",6
"7ebc61014df561731a164528484c8c8f",1
"7ece98acebc1e1091137aa8476d90d26",1
"7ed12f67917201b7d61ff0060f776caa",6
"7ed24699124a3b06cd6a204bc2327a28",1
"7edcf641b63b15a5a07b2c10c63fcedc",1
"7ee5608b6f4b70876f0afe7308c74ebe",6
"7ee64e9c1bd854d10ea30ba741d11494",1
"7eeced2540c8801cc08f3e13c22a8fac",1
"7ef5d487ed29a55838988e9822af90f6",1
"7ef94af2acf91e1357d8b7c3716d6678",4
"7efa76fe70c51146846d97ba44200479",1
"7f013f6c1cefff3853a0787d614cfaa4",6
"7f03201f043c88165627da7b0096a9dc",1
"7f17f9245fadd62314de976192e8d819",6
"7f26945de3403ec38a9f1f18d1c5bfda",3
"7f2bcc4ed40b60355e6c392c563a52e3",1
"7f3048e64933340c33f75395170b775e",6
"7f344442520ecebfa64e596977171100",6
"7f38100acd7e0d36bc8fbf03e020c67b",1
"7f392aecbe01b5d19ddfc147b32e565b",1
"7f58174e17355040af612f0896d0f797",1
"7f62b524f59cb7ebb289b0cd1d3c8d76",1
"7f666318edbadc357c595d0dbb1ae05e",1
"7f70c3b92d4250368c4154e01cac6a2c",6
"7f816e4a0f3f7373b18fb105452b7cd7",2
"7f89bdd572dd89a567655170a1992e8e",1
"7f8df21440ae7e0f29b9103131f67325",5
"7f8e28ada16ae0ceca9d3f317735cd24",6
"7fac5e4ead7b71fbb623f03c9d380f67",1
"7fb455b6a2f8b5ea8cd6cc7cfd89dd1d",1
"7fbab0f5656b859217afe0d4c9df469f",1
"7fbad06f396dae7e3ebe9d8f5b95ec7b",1
"7fbb8d85f3698044d4c69e96f152f6ab",1
"7fbd595d1fa0c1e0551d051c9d0f0f86",1
"7fc1561ac63c0ee303d3d3eb1eaa9f6f",1
"7fd33d90c1e37d7324f0abd89ab41f7b",1
"7fd8bced1a89e3a5a67ddb3bcd3cde57",1
"7fe7ef913c86bb829783f9ef85f79802",1
"7fe903955c5a31e69ac43b0f3562ebf0",1
"7ff5b1692e60025f8852d868fbd5bed9",1
"8008235f42f8e55d66d6f9ef6d089697",6
"8012e421986d9a4badee95961be82fda",1
"801910adb41d700e1ca68ea5dab42405",5
"801b33ebb89d009ce7f0735ff6a222d7",1
"801b9febf3a3664806fed1f8e6baf9ed",1
"801f8a7a65d6f221e8793cd2c569d093",1
"802d38b5581f780fa956ecba5e33efb8",1
"8034728adc4714fb8e1fca50522e9aed",1
"80356f19e8ccc804c77bf5a51976e3df",1
"803e43605ce18c1b40c2302ffc178876",1
"8042781a9a96c1a8bf67a2e1a0fb10a3",6
"80436386d02df7a0cd095977271facba",1
"8054d97ac318effa97f95e198525b205",1
"805dcb9655aa0acd1560b4169d0f40f9",6
"806eb976ce76758ff564966cfd412f45",5
"8070e775a1264d8114de3d9ae8d1011f",1
"8077ebb1e83a155c427cdd8c0204cc5b",1
"807c1ecb8209023fc7376c26e8939035",2
"8083adf626edb1c0e52c8ab66265375f",4
"808c85a40438d8c8ed0334443ee1d53e",5
"80936f131631b198d486a9417b4b05da",6
"809d82e5b7329c88a9fe68fe4b301294",1
"80b57a62e35bfac4b65a65ca583c69a5",1
"80d459b957f38b9b2fe8f54e933772c6",2
"80d6adaf952762039f028907eada15ac",1
"80dbcd2905cd40f4727099aa0601b1bc",1
"80dd52663ee18a1a0242f3fd36485d5a",6
"80ee310fc31e78d895788a2ffa98dfc6",1
"80efa758b49c9d356dfc5f8c26e4580d",1
"80f0a2dd8d82a7a1eced0452b65ca549",1
"80f2c2451d3cb175a63961da66b77dc9",1
"80f7fcc22b11912b9c5dd0fd8466ed3d",1
"80fed11633bbddfa277a4674b0bb63b6",1
"81154b0d530c6d59f5c686f93494df9a",6
"811ee257686105cf008c0b7bef1e3a28",1
"811f1962786cb1d21780c6b807e110a1",6
"8126cf7df78693af5a2034d84e71f5c4",4
"81327fe8227a01990d18f754fe85c646",1
"8133a630772c5ccf6cf9f43b38afb34e",1
"8135beda5692082e357881f35d1e3a04",1
"8140acc767bf1a4bc94555f7fb86338a",1
"8149132ad27f66e710bdc7079e0f2b0b",1
"8152375955971f9fa54c5bb757ab62aa",6
"81585b6b14c0d2a37288d355076959cd",1
"816e027fa53d6759bd0935706d3950d7",2
"816e358ee380ba02e377b3c88ebbc8a5",1
"8178837f8ee11c469e2178f616249151",6
"817af1bd1fc8e4ec24b139de0065a7b5",1
"817baacb68680c972c292307db9ffe9d",1
"818fe38e1211675502d5a28767e47450",3
"8196acf2be52e0cce4182e6ff4e017ab",1
"81aaccd938d0fb9e671e902163c0b0fb",5
"81cd9b19e08f5b45d3a8fb151d16d7e4",1
"81f7b32f8885c463286e81ff7545a32f",1
"81fcec937e7eb8987ed9a88e753b73fe",5
"81ff838087686ab475277a86e6544a55",1
"820088c540c5d69e97e641c8df26c906",6
"8211bfbd6b36dbb509b7ed201bd51988",5
"8215f61a223887a9e32df010642e29c7",6
"822bfad0878545c34800f2782492a04c",1
"822d11a006313a4e00e6815703716f15",1
"823016dcbd846a5e256dcee2bf13a23a",1
"8230418efed381ed46566379e14561f1",1
"8230c334d05183fa214155f2024dfb1e",3
"823c3e2010e013949cfddaf1b1682ecd",1
"824885bc4ae635929ca1642329444bbf",6
"82565fc6a63110f55c174b919721a804",1
"826251044d598e309b3658bb9630edcb",3
"826eeab60700b5a950440c62401fc028",2
"82718b2f5d6bac2f9cba18d9559259c9",4
"8271baaac35f6578f68225cb64f79b6a",1
"82740262ff9188dc27601a770c76f6a5",1
"827fea653c80a8f87b89b556a2e2e4db",1
"8282ac4e361ab5afa68cf79e763882aa",1
"8289ccdcfdebb95ab2f309bfa777cde2",1
"828b95c9ba60478f2ed9a0f165751dc8",1
"82ac2c5029f1caa7d2239a427a05dcfa",1
"82b0209e51013745e5ea9c865560d3cc",1
"82b106a29c14efe377213376e57ea17c",1
"82b9207f44a9dad3d648e3841e9c9daa",1
"82b93fc2087306a1c4fc76732ce30af4",1
"82bfbde5535838097a7f730c212cedaa",1
"82c467f89babaf50a843694cc27be7ca",1
"82d37ce01635c64dc69a128a4b5d2eeb",1
"82d5544649687e33257a65ba42d83021",1
"82f125c274f0133de11ada8b1cbed7a3",6
"82f661d8e032d706462441d26c827348",1
"82f710459cacd5c4adb9d2bf230762c4",1
"8317e3b39da1894bd6b4b8aa0e9881a6",6
"8321b63ce2b8e7d27f476d982d431b44",1
"83234644db377f1450b02a6603e626dd",5
"8328d42b9a03727f11e5558899f0c308",1
"833e88667c85b78456e95062f5870db3",6
"834da01675da8f3cf4071783e4bcdd1b",1
"8357a10ddb6c467b0ba9b3cdf8e5dacb",1
"835bd5a96462138804db8b4ed8e28086",2
"835d265dee1259c29e4b1d878fd5dc04",5
"835de124ef8bb0b56467bc9ad4fb9212",1
"835e971e470179e6d065ac7c2bb6665d",1
"83629234950753ccd4d02f477868a33e",5
"836e19c9dfe61cdfeb6af8057bbbe42b",1
"83700ef2bc1d4fbf374ce9edea583d76",1
"837509a10465e15bc248d66aacf2ec4c",6
"837c39d522d84c705e7b7afcb772350e",1
"838b081db936b912edad9899412507e1",1
"838ee4e18dbd1d52e7170904597392f9",1
"83974bd6ab774ddcc4d249b74103cadd",1
"839982c3859d33dec06cffbd579526c1",1
"83a8501947b1efebdf6059bc762e82c5",1
"83a9bacd783d0c76d779d454a4272537",6
"83b158e60949b8a87eee60d27cd25b58",4
"83b4d8ff0f30c349b6c37f6ab242f5d9",1
"83b5c7124a75924db6b279008092fc2f",1
"83cd4fa47cdf1bfc6609036981e8066e",1
"83d6aaacb21d5918fca473d796c3e916",6
"83dcd721bdad2cdf519a23b2faafc776",4
"83e981f6160fb5ecd5c67b3010891117",6
"83f222233028b20a23ddb8098501da58",6
"83f2c58969c49f688ead022d84caf544",1
"840c9e9113f8adcfa78f755780a72ac5",1
"840d4d2018d47f26e86820834d7597f7",1
"8413f20dad6e4eac2ff4a6ea3a814249",1
"8415944f813855eed4990a4d3f75e748",1
"841c2934b4c29500bea9e52aaa70a275",2
"842419a3207503f16c10160771aef036",1
"8432eb50c6a3ae2fce00537e3e69e85e",4
"84393933b4871bf3239548efe4e0fbcf",6
"844b06e2c89d8026730702c37a03e360",1
"844f53d1b7df753eee502664916cc0f3",3
"8454832b1067087640c1dcd9527c4f29",1
"8458dc38e5f94fffae6b9f56ac7ac571",1
"84594c44b2c744b9193521fe72e93ced",6
"845e31da5c55fad3d977ebd10882efd7",1
"845fd73f3101410a49592539e8a9e913",1
"8465623fb05375c7e4f2b06cc35bfe2c",1
"84690c0557341d409d91c731ee4d6746",1
"8471240c4bb9914cb36cb5d438efd7bb",1
"8475e456ec97ecf5c87f12b2c3575a26",1
"8478b7af2b061eb9aa455944159181ed",1
"847a89de89795ec27595a377a2e936ca",6
"847d0909d13ead972760b42795b0d5a7",6
"84831840bb8f8d17722e86f7aef8ccb3",1
"84879a930f04a30fa1f4c0d641a7b639",1
"848bb7baf8922ef48ddd961164358267",1
"848c43cbf9eddd53c6cc7fdaa6676b95",1
"848e92af6fdccdd64133405e8541ac8d",1
"8491877b386f9c8ea4f3c8ce7f8a465b",1
"8492af11d421128b803bc867e4a6e780",6
"8495ef1bf082ccdcf6cff51d7e52666f",1
"849b896cd1ff175bf40dd8334a1e458b",1
"849cac72b4e1b4317d23d59800b0be1f",1
"84a0f67f18e32946275196fd0a6e176b",1
"84a2be531ee76e47b81cce30e33f0f7e",5
"84a3e4c621c4ca43901e2e10065993b0",1
"84b6be151aadff09c0487ca75bb35887",4
"84bdad165233c421c976263ee00c7d6b",5
"84c0a97aa49f5e1c1d1fa36af0701abf",6
"84c65ca7a9b9319f8ed6257884d061e2",6
"84ce216caf31e2edffad4cd3e24c18e6",1
"84d170d7da4f3d433160817c88302a51",1
"84d2116041ce115275b2535bf749f947",6
"84d3affbb67053a7125273b30483acaa",3
"84d86afddb00284ddaf8d674b4be8481",1
"84ddcf4dd059cebfa449d49c72b11685",1
"84e16fbcfdc90fb377160b19eaab7a81",1
"84ea6609b6af6fed2827fdaf2e3d59ba",1
"84f0c2dfa6c3f0ab64ec34a8ceeb30d4",2
"84fee76bd5e4a3a17db7ab1470a04f68",1
"850246ecff68615d8932d815bb4b76c8",1
"8502acd85a5eb246ceef28d0c09ceb09",1
"850350674c61246b5da2c3803a9920e0",6
"8506c7fb36c5534dd0637ab3e89f1342",6
"850a8f168ac20fc47799896a69b8b636",1
"85100f520b3275f8bd9f3b5747a67cad",1
"851748a8cd2c507c592d9148af2d3360",1
"85211f4fa81a480c6dc96f519b8b42d5",4
"8526554b8e33529bf1d9f91783f2b8e9",1
"853235bcfd4aab1882d0a0d121e26a09",1
"8532c2a12d3a66162fa2c266d5ffb7ec",1
"853443209b1bd73d579f6bf8e4680517",1
"853a808276384690af00b0fe04b6adc5",1
"853abb776196f2c22474fd3cf72a4026",1
"853cb8c7d162090837c130da54a6c6d8",1
"85465c36cb92c7e93d2e8c8ced1ffb83",5
"854b26d562880a8a0c115f56541ce4d0",1
"8555a9bc581d8ad1df419e1a17f014df",1
"8561cc0084a9f8c5576e0b10be8656ac",4
"8561ff5bd76758ea93d1dab232aee367",1
"85642a6c23ff33c34aa0158329cc2cee",1
"8566e3be73e83d21475aa798cd8bcf9e",1
"856b12c363dc2090b04688c51e249d98",6
"8574a7fe3d9c441033329a0f3c605cf0",6
"85794d48072e15d5792c8b6b8a292c10",2
"857f269c2f404ec3a2cc332de40c7629",6
"8580fd30de8403581f7040234aeaced3",6
"85881e4ec2f105b532840d5008f54a1a",1
"858a80c94515fc3e76f08f0bd7b0f556",6
"858b8fdd9d076092b9d8d1ea0d788bed",4
"858cc1ced5ca299c9b7aa884b9156a4d",1
"858cda173da24a8b624417d996e1d0c4",1
"858f1853309a93499b4c0abab811c2e9",1
"859154abcce26e3f46b5b8a441b2a14f",6
"8593ece7761c78fff6a7ddff852c18c0",1
"85a013c47ef0c47c00d44a7382593d34",1
"85a05c312da4ea3bda939339f5fd5cc8",1
"85aa6b0704b85ed48075712914893f01",1
"85ac304b1eebfc98078dc537819a701a",6
"85d3edb29b43d52482fb215c6f2a9809",1
"85dd062daf7fbc6cf5c69ceee8fc3144",1
"85dd8d7044f89cc19fad6893bff9d88e",1
"85e42b80fd64a50cca778a2d776b8168",1
"85e541d28a44eda0b78cba718662ef42",1
"85f3e6d1ffc735971afb73a4b32d962c",4
"85f835af1adcc23fb626cb54c14ae8d6",1
"8602ee3541a432a362929e6cba8efeb3",1
"860785c820cd066285d65983f8606653",6
"8618a23ff9618b0c35d8df9d37edd0fb",3
"861a0d4bf18dffc99a98f53af4964796",2
"8625ed151ad76455e71e810ada88e611",1
"862c4b96098be23b090cbc21a2033877",1
"862d169cde9aadb63f4895f7c0811aa0",1
"862e111318c1f030fd8a52e7c5c6d8e5",1
"862ed9ea169a1294339069243b802e42",6
"862fd9dcfc5aad733541272fb0970c7e",1
"8632b05b6b59deee54a3ee77be0d0f66",1
"863b0629e39a666dc3dcd03c938a33ea",1
"863c1784b39118037a3934c0dd7bd0cd",6
"86486f2f86676e99f6eb42e4538a661f",1
"8650df92996ac8f3c50917e5d2b7b39a",1
"865728558a5a888a93af8ea88e498937",1
"866991354aa353b956a7ae549bcc46be",1
"8672257d3bbdd095f82c2ed12f012d28",1
"868081833519fa51bc54b55c62b0a527",1
"868314e55135b0a09db83a6190032eaa",1
"8691e80af0e04abcd571e8560d8e6463",6
"869f87278d3b8db401b319907883c310",2
"86a2b60a32f90383dd3f1bb7ca848ea7",6
"86aacdd37b5bfa6f77472633ade5c7eb",1
"86ad8e3ecd5b5d16877066412a2535a0",3
"86b613b4c6443ce6752fec1ab65895f0",1
"86beda3a919d779ac8e3f079ed9b4614",1
"86c4b5c8033c6b148653fb45efb527f4",2
"86c8d6ed84b6c0a12cced937a3acfd3a",1
"86d31256db96a2315c59620f7dcc7e23",4
"86d3f0123e9f7c47d4d6c45d6e585fdd",1
"86da17a203469c554e44176d6c644ce3",1
"86db5149e1845faf4ed94c0348662df7",1
"86eda0ecdbe7c7c86e6b16ea20382e91",5
"86f2eea9d1bfd59e5940381978f27538",1
"86fb113027abec7f1758d1885e8d80be",1
"86fb7ffb80a64f20e06c177449335f9b",1
"86fcd95060093d3699b8fcd36130d3ad",1
"86fd0da3d2d7f1a1f21e917bd0d0f53a",1
"87015b4fc9936f592095bb74b3433198",6
"871172dd7f049127d6ce01241f1f0df2",1
"8713316baa34f08eae734c7ff8d4ba63",1
"871ffac8eb6cd86978256a72c67020c7",1
"87237834245539488399a424135ed72c",1
"873a2b4f28180ba06ae49e476665aec0",1
"8754eff950399108721b44080bff91ab",6
"87597deb282d4e2647e886953a1e01cd",1
"877970dbb2a922abff49740baa7ce0f0",1
"87803240e94ec3265b158db7eba1f308",1
"878d507b1195289dd9b89e8efff63635",1
"878febd31384629d71084630789889d7",1
"87a47d415173027e7d43b3f6f0d2a0b4",1
"87ae54ed9cbecfa400fff547d5df2e12",1
"87bfb0475b06d056b0d63517f2b5412d",2
"87ce373cc0e13ef3c5ffb9ebc5c2b2b7",1
"87d462a2acc647dd20fd920bb5eabe31",1
"87d7603ac9dfb37c1f9fce82af6d7d38",1
"87e18f5ee0083b6ecc3371e0c8008971",6
"87f2e0f412790960323abc7772cb8119",1
"87fbed6f3e4f63a21eaa4496264d1593",1
"87fe1a79fc9b58fa6db07481bea20400",1
"880b7738ce024fc418eb1e93c57e6581",1
"880cf3b0a8a1a6ab546a43c0f0eb081f",1
"880d332cb716b7c4bbde5394e18faade",6
"880da26a4cdd2164887286d760c126b1",3
"88123e6a9eff759b60ba3af5e3a3b94b",1
"8815083cf16bb7f4a3d9a15a415a1a00",6
"8817e8d70aafc4555ea258aea2dc7b27",1
"8822d6a81a7fcdae42aaa7a6a3e01bf6",1
"88277f9675b7f551f4b7f73182927d2f",1
"88287b98e053b1ec0cb8d5edfab0563d",4
"882a134ee7d1808332e62490eda0dcba",1
"883373af1e2319eb9bd27fa3fb40bab9",4
"88439a124d28fcfd80aa26ba1810fb4c",1
"885141740d52f6f734f9039170e57e27",1
"88578f305f3ce985e2f7d5d07a417292",1
"885dc2e73e23293a72c1f9da946e2fd2",1
"885e3105d1e5cf5c213dfd74bc70aaa9",1
"887f0c29eab0bfb52e9fa81ea56a044c",1
"8884a69c3348cb34dacd0616ec8f8613",6
"8886a1a08ff0e88d92cd84207fbec790",1
"888c2556edbde0988b71151843bc1363",1
"88917c87eb62df8c17d30df736139836",5
"889862cdc46fdc3f93b071d9353d0d48",1
"889a684eaaf4dd6e6970b32f04e60d3e",6
"88a9a83a9722639db42c9b85780eb6e1",1
"88ac3fadc74822628a19dca57521439c",6
"88aef0896d7fbb5fc5cc8edc416f8f19",1
"88b179cd9892b121efa9eaa4a88723b4",1
"88bfffc7170f84a2b913d9823aeea516",1
"88c25742cfb946ab4a834d2d155ed285",1
"88ce806c345764b378beb01cdf74ca92",1
"88d4d584b8bb7fdd3a0b84970f68f97b",1
"88dfa5caec04899a4736b956fa769642",1
"88e2adf752e670f34acfdbc34f2a37c4",1
"88e497c1eec6c55b4d91bc32af20fd2a",1
"88f44ac111208cb86639d8ade80e8d6e",1
"88f50c336a5381dbcaa7edef1560318f",1
"89055beef33d17a8b480a74af082b9fd",6
"8915c0409b8727110c721d03b648b83d",1
"891878e08e0d5b76d620742aa0383a2e",6
"891ff9c3e6104547b135ed103b3dd9c0",6
"8929c5b3b4e47d6ce2fc91687a6a2894",1
"892b4ef83909e9328e5806a67931567e",1
"892c9cc168af8c9c077c230c9fb84818",3
"893ecf1b55ff7eb83dd0444f609486b3",4
"8941a672e31182ff99ba30a93008e292",1
"8949a763ae2a40b1c71a63931ab67b47",1
"894fdd764fe96559974f12d28ee4a799",1
"8956325e74a33ce2676455e1844387b8",1
"8960fe85a4309dd1f1d0dcca5ffcb69a",1
"8962b2209f63f621ed98d1cef1f8ec31",6
"896bde7025bbb154c296e911efaec264",1
"897499f7ebd2bed6a974e427d3d39114",1
"8977779df799aa6958006aed47475fd4",4
"897c325da8e837310ff1663fbe633480",5
"898102e2929dc4683b04d5305a809be1",1
"8987c80e479ac9da80c2d8ef67ffd5f9",1
"89a78526efc0592146d887ba64629cb6",6
"89ab662563a085ec12072f9366624d64",6
"89adb71ccc8514fbeb8c9257c0d75439",1
"89b017b6ed5d0c0bb7b794e15b944aba",1
"89bbfca24bd3707fe446829fb505b93f",1
"89c81c5d3b47d88a1266f657320e0e3f",1
"89d189f7aaa66831f3330f2a1665a15d",1
"89d35a98eb5943d44e7e2b4d0c7b3fc6",1
"89d5609e05fd9c17caf6328b16248a16",1
"89d74a774f5323bb962f7b6a66417e87",2
"89d851193b77b29ee9995871fb31746e",1
"89e3d89aabf51f9f171eb3f835a164f4",1
"89e70ddcecb605764f1eefd44c091325",1
"89e7648f0142ed1b3256937430846e4e",4
"89ec57790553eb63ae922a9b15fe74fa",1
"89f0ffbeed0aac6d47e58f618c987ffc",1
"89f39bb3a9805ef2a0f8f3906802a655",1
"89f68ecbc21120b6a21ebfe96c3f86c2",6
"8a07113a5c30c2643059613951539fa0",1
"8a1fdeee7bf3ab2ab4a34ea4da3d32ac",1
"8a24ef8316c0185ae7913b5564b92302",6
"8a25fe2ea33996a1936043c6aae97b96",1
"8a2c3ccbf0c4fe5f43c6d57cf2569490",6
"8a2ff0800e419bb914735ee0067c1298",1
"8a3371a6166d31225213cbac563d01d2",1
"8a373655105d597dbf7a8c9ff0d1a5b4",1
"8a374160eea7d959a502d1134639cfe0",1
"8a3e65edfcfd2c6a547e746b640636fe",5
"8a3f93306ed761075c20b3b66c984b3b",4
"8a42b403ae7fab16881fc9616640b9ef",1
"8a44b341aba150721cc1ffe2b4bb6b1f",1
"8a455380e04cff5ea84817f541a38bd5",4
"8a466bf190e3821edd5af7f52a1c2d9e",1
"8a531dc086a4414d7560a94a3fda43be",1
"8a554aaad1ae0ad033f2da0412885c51",1
"8a56a77bd190e34c710d0367d6a22c18",1
"8a595f2b243d38510d29d221f70f11de",1
"8a5a6f54521830ec9c296c3e05f131c7",6
"8a6160bba81bbc80080dbf9fda9abac3",1
"8a63c61b9ad602fd9d6e443aea2d9104",1
"8a778b8456e813a27e8eecc0c4810aed",6
"8a7fb07d25ebcb73f405592833e85a7f",1
"8a92d3444fc1736b05c82addf34c3115",6
"8a92f1e3bd5d616ac230788afb4f7c0a",6
"8a9605d4c18f1b15845f4a8e7651b9a9",1
"8aa443a654d23ceb5beb0d557d7b74d0",3
"8aa4b391a29c98ac07730a5fc68a2194",1
"8aa6f366b0add71da312a407b128747d",1
"8aaf606c4528b5d6b46fea93dc3f443f",1
"8aaf61ee81ca26cd90f0eafcc0bfd7af",1
"8ab7388e187adff2ab1ce428ed215c35",1
"8ac98835f933ff564a392a006cb1b1c3",6
"8acda32853bbd548e9b8a2c6311640c1",4
"8ad08c1545646e0932dfc413f7ed0cd6",1
"8adc49e36bfd07cc84dfb8d9805dfc32",1
"8ae2c70bfcbf009a8dede48111094757",1
"8ae2f6df507175579427650542bdbcbf",6
"8aebb3f77b8bd49fb2d221b493c8decb",6
"8af1723c099d0a96f46282ae64dd0303",1
"8af184c6356cee324d40063333aecc90",1
"8af4f7260e4502586387976bed937e61",1
"8afb02d4185da7383f1225e7f798628d",1
"8b0a502456990aee9a7f396072030496",2
"8b107df0b4b82596683e25016ae7cf82",1
"8b23da4b2c3071be42c66956c2dc6043",6
"8b3a19ee605b4237fff4c9d4f705b769",1
"8b493e906e186c888448f0618061a852",1
"8b4f776757ba47c741b0ab931918dc05",1
"8b58ba6df8ce7a0e397d2876e08ee992",6
"8b5d921ddd3781875f598b66aa6a3c40",2
"8b613dc4ea1d740625ed697c178de37b",1
"8b62eede9e83a8c0cdff4872f1bb3ab3",1
"8b681d048c6b7facb38d588ef2101330",5
"8b696ee67d15d7e262474a7fbd0fb90d",1
"8b69bd6d2b54ddd083b43c99171453ef",1
"8b7607e29e07524676f78953ae09a5d9",1
"8b7efccdbab628e4b56f8d80d2330014",6
"8b841b5fdd241d78d52ba5b2b7300128",5
"8b8bbdb78a9898607afc0b1e06be0289",1
"8b8be1b72c5fdc5595a7fa4d735dc7fd",6
"8b9454cdccfe38a80fbd3a17467894e4",1
"8b985edae6720f24ad22549e309e7fec",6
"8b9c652e6b4b9cdd1c1b9930eca626c1",1
"8ba7537ed61c3d60ebe3944c28f6c458",1
"8ba931af061f23ca49aad8c43f4446a8",6
"8babf3c55febdebb988dae7de561e494",3
"8bbe0d14b5fb5989f12720d318c2d84d",4
"8bbfab388c8c35bb17b4ecd879866777",6
"8bc05b3eb1dbf4c64f3a050ee2b2d6e4",1
"8bc8ff14739f3cdec27f7e2dab09212f",1
"8bca91ee602ff70e31f8d833ec750890",1
"8be7fe8338dc02d3580e0fa16f85bad2",1
"8be9e2996988c6f0d3b578ab3b151b13",1
"8bf11be67374bc6746896c2e58801b35",6
"8bfd2e458ae3f18285e3fea85a95ef51",6
"8c010aa6bb0d938b25cbbc953df534d1",1
"8c0137dd1c689c7c8a7b9eb281942676",1
"8c188fa5ae15c2895472f828b09e733f",1
"8c1d7774c27c6bd714b6b5984813ad7c",6
"8c263a57e80c830e4fbfb459840b67db",1
"8c29b5428cd42ef497082b2437c1cc4b",1
"8c2b4890f23d9a6d62ebf440643c576d",6
"8c36ed9b818ed0ff1668e10a4be56fd4",1
"8c3e0357ff3a853188aa30666ab96f22",1
"8c3f6053f1ac989dd37c7bcdb19dcb73",1
"8c50704864df0eda45d7aa85bf4c0949",6
"8c67dc20a2ac8f6d69601375f98cbd83",1
"8c796d2b8bc98c278a7af8506fb35e6f",1
"8c8af952775d16cb31e2a57f5b0064b5",5
"8c8f05884bcad7fc26d601a5bef386cb",1
"8c932486695f6ad8a254f3bc10ccc61a",1
"8c9896e8dad23a4d14df38b393079cbb",1
"8c9ca1c5a92b317b917ff3e75389f423",1
"8ca4d5bc27a805f322d2e1f176a064cb",6
"8ca5493aeba9cc111db85cba7cd1e7d9",1
"8ca8a34b6840f0382de3d3acd8086063",1
"8cb953838c92abf3f88d68010f89a60d",1
"8cbc19225bdb6a2fb62ad1be9fe03754",1
"8cc7abf32fcf59114f512dd49f0c0a2d",1
"8cc904dec2a57978002bd88bf36b452b",1
"8ccb995c6d5a9fadab2606e5433c26f0",1
"8cdac265c8c131c18136328b2debb98e",1
"8ce1b71340d5c15402681553774ef9d2",1
"8ce5718bb8c4f44c8a052009449d1696",1
"8ce7e7d30b89d6448b7e41f03b3e9f17",1
"8ce8f0962d28a569342068e9e71b1b46",1
"8ce9f1876622ea852ddb33b54843370f",1
"8ceb8eb9bf2f67f0d1d28d3beb270718",1
"8cf9fb27e2a0c9ca323e0f38224bf73f",6
"8d01719df02f87c1fd2aad51b80cc4bc",1
"8d19682fa7304a8784d14d64997ed3b6",1
"8d1b37022ef648ad7a6c498062ec816b",1
"8d1e24a5aba256c3a445f079a4fcb38b",1
"8d36f0d58c239d8cf7730383855fd44a",1
"8d40cfa9cdf39a82c83d1c9cbf7e78e7",1
"8d429648e60f3fb0dfd24760430f8a2a",1
"8d4b9dcdc764fb7d9a74a78142b38855",6
"8d52418c3ffadde7caf1b04331b107f3",3
"8d533b13cb84a84465081dd9223f68f8",1
"8d554971a2f203314614d6fdaadee3e5",5
"8d59f6051af5250d2c9829562d365722",1
"8d613dfb85a1118e2a6909a1100dc9ce",1
"8d638e11ea973a36259853be9fdbae07",1
"8d65778ce79c10d686bd267c42ab52df",1
"8d6ac85888ca17a30308b00d723b5556",1
"8d6f5018ce00d18e70212b355ad27013",6
"8d76dbdfc2cfc08a319a56464bf886a4",6
"8d80c05a31e7e9d120b7368adf94d5c0",6
"8d8239dbaed8b46bc23134e6928f1a48",1
"8d875f360879d6dd9a29e3749e77f123",1
"8d8d184742d7481f73d71762302644ec",1
"8d90140bdb82d1088a8d51786ef5fdb9",4
"8d95e281df531552866c013c218e6735",1
"8da8cd036cb4b840bfbf5317a3688b48",1
"8db2b62e4bf1e7eb25f513dfc0e8ac33",1
"8dca8c5aef0d939b235a2f64ba5289cb",5
"8dce341a7171aa9b0a0eb002ef3be214",6
"8dd659507d2422283d218a4efd9db57c",1
"8debfd2ab2464fa9911578fb86804aee",6
"8dee5d66d07ab9977b651912ffb9ce12",6
"8def951da39f7580ff31dd4434969444",3
"8df3606e3b4223005664c9ffdef4992d",1
"8df3f85f355efa62f2e7bcb1722dac10",1
"8df7a8e93941caf75a880e00a7a1ccd4",6
"8dfae6955b81b5ef23f64af92860c041",1
"8e0060e70935a1afd4bdc2707e9e8b4e",1
"8e02a7cafe40d12ce089ba71de605ad8",1
"8e092e3b452ec09badf39dfc8afe5096",2
"8e10569fa9a353c585c7c83670bd19cb",1
"8e1b7b14874874f5c6aaab4491b675c4",1
"8e2dc1ffadd6e0693a0b072d820097bc",1
"8e2e84303a6b3ed767b25c183a915ac8",1
"8e3577a011345936237e1ef03143c715",1
"8e49f6ca33cb51c58771040dd9f403b4",4
"8e592dfb2491ff8deaa063ec9eb2c939",1
"8e5f4671c32b0c624ee1710bfc604d6f",1
"8e5f62d78ce0779051a023fc5f1e255f",1
"8e6c386987d357398c9a61351323b5c7",1
"8e6f73b52d24f8a7ba78336b07649ac8",1
"8e761f7a0ca54fc025abf81b9b12b617",1
"8e7656c4f7938e12a5cbfcdb1a217465",6
"8e7b03b15263e650b3ec0d25c1990ced",1
"8e7d2ee2123cfeb7e9a1e926f449095b",4
"8e806c911a8a06006c77228ba24df0f9",6
"8e81c82b8ec1fc04b1ee6940dc402068",1
"8e86600c76e2683a279bc43c4fca793c",6
"8e872a9a350c3faf53b196226fe47181",1
"8e8dc7487201ffd8a676d0ab2ccdbbb5",1
"8e94cd3940b8713ee86b5edd4c3ed471",1
"8e9b4a6064f1abd27393d81eabf00e32",1
"8e9ba568cfc7304ce7aade2e90824b60",1
"8e9eb4b2b6706279e46e2ef6882cdddb",1
"8eacb98b1f302af3cde3d1a0943dfe1e",1
"8eb65edeea031c9af38eef2c06eece2d",1
"8eb7bffbac16e5a2961225945dc33578",5
"8eb87d12fc2f505f5647bbe26fac61ba",1
"8ebdeb1492c00ed5c63c260a63d3f209",1
"8ec071d0e9a5d4c77c15b45897572fa8",1
"8ec2e131c743118ccec0d9cc8bf0ecd3",6
"8ed06185a3920e2de2f7f86fb9c9a8f6",1
"8ed15db5c609692a9d4ad5945ce94adc",1
"8ee0bc11e11dca19790c58e43b6f4f88",1
"8ee65c0d674f9061fd3077a621cdd96e",2
"8eee8b207d2f2d88ea5ca31271cab27a",1
"8ef1f2b4b1aa1263430908e6a08385e5",4
"8efc0a4d1197cc85002f73652e9f38b4",1
"8efee1ead68ffcdf20df19abcf615c07",1
"8f14079623d9d5511d3cf6b8a796ed6f",1
"8f1827459148d9e9385224b92e4a1d12",1
"8f23319331eb9d58f7399656db87f25e",1
"8f2e9ef2ea2f87375c78be59e38fdb88",1
"8f37b40e33c48063aed539c5129f6b41",5
"8f3cc08b67115679fa6c5201b84ef5dd",6
"8f63708d4eb53f0cf443df0c70ec7727",1
"8f6650517182c9d58cdfea5014f15a11",1
"8f70ec0e9d034e1ec4e194a036e330f3",1
"8f762dbac1bac063bf147a201997b696",1
"8f7ab93a6effe9d647c7d478244186f3",1
"8f7c1e327f20daff9b9bbb3eccf2246b",1
"8f7f36238eeb8818329d3c576c58cd14",1
"8f7f3a28b363c74254a8fcb5f07250c3",6
"8f80e5d8e3e4b01c5f1694c9c55d4410",4
"8f970b1d591e5d7d85bc9130bddc414f",1
"8f98a20426def1de52b301f5cea90f2f",1
"8fb793b97035a11f909e2da3b05e38a2",6
"8fbce7cf75a9ce65dc54e02cbc483d7e",4
"8fc071882ad005472545fdcbc9c5c5f4",1
"8fcb754a8207ace7c48dc02a1037bf28",2
"8fdf8b63a3de47a704cbf7a8fda10be7",1
"8fe510371cf84f7f39379a701700a8f4",4
"8fe6f8169b60de4d0d69645cb5926906",2
"8fe9c20d96931a08dd6d0aa448a03d80",1
"8ff2a0393a78e18d4a74cbda2ca359f0",1
"8ffe7906e87d7aeb84bd294897c3c3a8",5
"900320f543b591148424ba7a5359c312",1
"90110370e5476d6cc22053dfae847c62",1
"901198e028efc01eeb83e0ba9d9155e3",5
"902a440ec76ab9f93c56d829758d99a7",5
"903428df3f3ffae566a17542e5e895e6",1
"90347a0eb6214ec73cd8cd7c6260f0b1",1
"9038c68e92b651b72780dab19f2144f6",4
"903cc6747754dbd248841d219b13dd64",1
"9040cf06eec179c4a93f2ae068a37c8a",1
"9048186f30e3231a812585e7ecca46f2",1
"904a900c4583c7a85e14adc599ed8262",1
"904eab864131f12fc48b172ba24a9873",1
"904eb2caa9249ed410597febd1b8333d",1
"9053606ef44f4816af9ec241f6a4b11c",1
"9056102ce7c2831ebd89916961fae52a",1
"905d11459346de3ff9d40d046a224f25",1
"906cb71a7ee36500bbe0af7f20bc3389",1
"906d4cbb8bfe4ffe78af2cdb88368b6a",6
"907572d2c414c55fd843c1c7f0bdd601",1
"907680b8d8ce8ba65cbc9eabbfbf9f61",1
"908c31ef0f196b81b9a08f957b62240c",1
"9091e78555c01e8bec105c5f9a1943e7",1
"90acb892e2260bd49f881d560d74df4d",5
"90b6798acbfe226ed461793604910a2c",6
"90baab2226690d08e3d2e7b58f88564a",1
"90c03990ed2416d309fcf859346ece5a",5
"90c1ce956d05c93d918338e434237458",1
"90cb3dc6308a22dfb2f2674cf108b666",1
"90cb67629b1f980e9138afafccf41b1f",2
"90d482b2496d13507a64a3aba7ff5078",1
"90d9950183e688a3cac9292c5f19d8b5",1
"90ea98d12fc5dfed73451ce7f64ff84b",1
"90eb57861f178aa18d8ddbb756b37af5",1
"90fd8e8111b6bbd09011402bb446f2bd",5
"91049b61f0c8e5c73c20082d7ae1e97d",1
"9109fa6edcd5d4915231838b307dc780",1
"910dc200d0f16f30c8c43303aea98a9c",1
"910eb8616755da04c57604f6a6c866a2",1
"911b3420e830fe29f23e8a0d44245de5",1
"9121cdd718b895697f41ed48ccacda2b",1
"9126ea1f6d89943e9ee04c34dbba3dae",6
"91276a05225f2008b45eff9f85df3e7f",1
"91423c3f57888aa2f8166f7757ee3854",6
"9144ed124be6389bbc9c6cb7782ce6d1",4
"91467d23def9a08c57efb0328e4160a2",1
"914b1e9ac65a57543776728d6a70a4e6",1
"9165117000609ec1a7bb99d5ea8b68eb",2
"91662a2f4adb0070efd2fc52aef6df5b",1
"916718356ca26066b58f9176f7a7e49b",1
"917bbba7dc697600c1154bb7d3e24fe4",1
"91828fcd4ef9ad6c29d3eb96b067d73c",1
"9185b7c121de3d342b58ed5216ad45b7",1
"918ab088d0fd0bd29162550d50c73de4",1
"918ac80ffc292ff214a43427a28c0f86",1
"91a86bd0e19804e97fd6052064b2906c",1
"91a8b2b73767fe6658b464a08fb85fd2",1
"91aa4c22025a19722209f81689879f0c",6
"91accde899cbff49272f747a1dec2114",2
"91af2b2be5db6554378fef044ee83b16",6
"91b6935701b884d637add54dc79303d6",1
"91b878848b08c0fbbed8738ef5ec7069",6
"91bffde2251a4d8d6271913b311b2369",4
"91d562090eafa17f19eaff2eebf58834",6
"91df85ea8b46d2235be9f40b2e491a90",1
"91e6e3d2e256b2456c91a29b1f3a13aa",1
"91ed93b9fc5c771cbceb1af3cfae99ff",1
"91f4b467f0e35fbe2d96617081ac6b78",6
"9203dec4cc141f7c438f7b00cf421c8c",6
"9204065e86b5f9f25af00987dd078db3",1
"92060e8967f97a16a28d110fa280eb22",1
"9208fd92e536d6a288fcbdf83b269617",6
"92094cd05fffdbe9ab8e6317cf38021f",1
"921b5630151d363b4b7d21817eb30df4",6
"9220017ffe088f14a6e44747a53fc7c5",1
"9227bc27541bf197e63117e6c93fc50d",1
"923aa7857eb520d4bfe8a2f56018f2bb",1
"923fd32cbaf7adbb93f482e3d43cfd85",1
"92458ad52a400ead1e5f19774b323d24",5
"924ce32c6c2e0e78eef0259293f2b6e4",1
"924e40bba93f1cb3c4779dbfe35a89b6",1
"924e8fc3b9bedd832ed39b84c44d4d32",1
"925007e5df75d9aae2ad2a54920d08da",1
"925176ef3c57b870466a9abf7990314c",1
"925b4c906a5a54e545c6b13074e8eb62",6
"9262c13579e68249bb75860a81f4ce2d",3
"9265dd8f4cf728f53908ce2937125e52",1
"926992b20280589035c154650a79f574",1
"926d50d6fb7acd09fc70efa01e140ff5",1
"926e020a1a174dc0fb3eab1e1876d8ae",4
"92712f4eae6917433f08cb71528dacfa",1
"9291cebb60637a74c5f91f68ffb6ddd3",1
"92ad12423723b2663581acc4e335b22e",1
"92b639c032c7ed53998a7d7cf4197bfb",6
"92b80f406779654b45b43a798bcffd4a",6
"92ba8fba120e4494fec7b089f48a2646",1
"92c0d2623258aa52e2a93c4f9d20615d",1
"92c53061c50d1ec5200934c2f84ffad1",1
"92cf160282dc148df81574448b8a9353",4
"92d0daec5c35c6c0308b8c959edfcbf7",1
"92d7fff5c918eb2649b15a73cf3b2f36",4
"92e990f1750d8245a6d23d2951edae6b",1
"92eeb0a3532ec8f4d035fa010c6dbe72",6
"92fd0c6f711515d4f7a649efacb5742d",1
"9300c73cc85feee8bfa94f0332011f6e",1
"9302c21bf05dc49932ccc471abdfd38a",5
"9304d531b7891e00b0a4ef96788359bf",6
"93060a93242a4e69553b45857a1b41d0",1
"93210ee43123e5374538e449f31c4529",1
"93226054e9509a50b1e5c72b2bf4fdff",1
"9345df98877d79e3f375af2bff6ee380",1
"934c860edec3fb4f6197e469a84043c8",2
"934d7641c8a8f2cd02792c40cadaf500",1
"93503deff36f74d23c65d6710709c0d6",1
"93526eea9c2419e63576275ed165967d",1
"9354b1a12dcfb12570c1b63ebbdffc40",1
"935dd3921775b54c877d3f204a483ced",1
"9360cb6b96b7f8c0d58bf1f0fd377f3f",1
"9363af6648897947ee761f7400c154cf",1
"9366a3108327e3a8638cae204fa3e2c8",6
"93674b908cfaac4190d92b1536cdff95",1
"936c15cbe24b278b2947cb838275eddb",1
"937ac3418d20e879958f6f8496c52747",6
"937f277d6c2f593f231ef41251a19428",1
"9384eac61ab55290cb458ac59fb1a63d",1
"93868c5b082c4f0f94cae8425daa6663",1
"938e82b8d208cff3345e95c6ef709e6e",1
"939b40b19ecf293456fbe4e22245767e",4
"93aba15b19d1d83f681a6341c947680c",6
"93afaf00668850f722a2957a15737c0d",6
"93b198d60a0632415429a9e7353c99bd",2
"93bcec358ebe841693d24045888f48fd",6
"93cc1eca66b4be879ab1400d9cbe52a1",1
"93d5f640c8dc094108c633daede5dcb0",1
"93d7b5427c737f8435616eb597d0ea84",4
"93e18b52e394b6b667a81497ac84cae7",6
"93e509d84dccee15e2e61fb330fb13ff",6
"940174981be419d8800adeafce177201",1
"940cb49774c69e84b42867f62d0c47d7",1
"94103c88ce6526c91b2eff0f2be11954",1
"94106b988cf9f84f7c509e705ae76076",1
"943428c4604d4e6418d32f75406bb66c",1
"943c23594a5a91b72ccd97d1c3ed1533",1
"9452fe288a9e3041b21af5931d32d884",1
"945a66d0225a4132306b053ff794943e",6
"946373e8cf0d631b4d85c94ead0312e0",1
"946cc359ffde3d6dfd3f583c0daedcef",1
"9479c3752e14453f0088d13e4a32036a",5
"947ee4c0dde4947ce8fbf2e4df679553",6
"947f80bfd87f96e8751ff155d0741be6",4
"94828be618ae88f174c033050c83bc4a",1
"9482aefe64f87e73bc2d16a23befb0c8",1
"9484c07f520a3d313a4921a1ebafca40",1
"949830a5585f0ef7e9cecdbe0ab71358",1
"9498cdd2fb0c52cfabd0dc211b7438a9",6
"949c224983d2af9536738524fd99460a",1
"94ac58e47babfba7780c5a6444998b29",1
"94b805a77ab8d4e0c18662e06ed80647",1
"94bd47874b5ecea29068d3b4f9ef5b4f",3
"94c21bed2962e149fb81962eb87e31e4",6
"94c480c34d476bb1db4ed549091010de",1
"94c5cb8cc7e97e1de6a6440a52f857ce",1
"94c915c35e1fbfa4337774aba0a382a7",1
"94d663514fed507953b046de85867ba5",1
"94dd8cd86e2d05e373b2097c8ccfa4c2",1
"94e1758d51e9cdedc7823b766b17b134",1
"94e92023128fca921766d1d4d84a73c4",1
"94f0302c5c0ceec62b36d9ece5205814",1
"94f32649c705e4a4f542348a09f66ca0",1
"94f35499ca465f2aaa995b18b78573f5",1
"94f3980f59977cc7333bd6d75bf9a899",6
"94fb3db9c89a537f00b414c345faf975",6
"94fe8a4111ea15910614a7dd08da57e3",5
"94ffc13ad0971794fd321265cd91b957",1
"9507c7fb389f8154408831d04b2ca5d2",1
"950a494d862eac67ae8b41df7ff7f6ed",1
"951856bfdd7b59c8d17a31fe194f5eed",5
"95191867da61d4d18b06525685182d90",1
"9528a5eb6647a3aba5af55120c057f2b",1
"95293c960c356633876ae4d54aa50111",1
"952f9b93fa029d7eb8f92a0af5374303",1
"95304ba206b66fce2a060c7d26d52af3",5
"953b18306271a7577bc74ca29b8ba1a2",1
"953e8fc1df23272a8233fd15284f6b20",4
"9549c2c980463eda7bddb57355a9180c",1
"954d1d906fa095d58f0e7cc847fd1d30",1
"95526e0b479d215ab7d1f74e66601077",1
"9560de9b4ba29410e25abf73f0a29847",6
"9560ff6684a4fca4bac3c974672baed8",1
"95624ed9259873e2bff6b9e01d75ab3c",1
"9562b44ab8ba73e940f41734dd4fb8e6",1
"95644a75528e6e6a2a53d48970732216",1
"956d2d8abdb47e9d632cf82160c42e9a",1
"957167037247e80544ba7fa3f496edd3",1
"958311918dbc39c4387719ecd253e51d",1
"95849a23159417501a2d386047d55598",1
"95a595512bcbf98883b44a861d5ddc21",6
"95abebfb644c02efbed82f722ac8645d",6
"95ae6e51a83ac24ae91e0a679c5764ae",1
"95b5f1a380800574e1506d70328310d0",6
"95bb7b8e3d3a656272ddc05e19203b84",6
"95bfd71e51dbd9d1c4e8cedb56c02983",1
"95c989fb501156b3a19e4cbd1686650f",1
"95cf970501a75f28ece8fb4ebc6317ee",1
"95d9741656fed2ec1f5b13d3a7d4e275",5
"95daf7cf35785420f9844a56dc07dfb2",4
"95e1e42d415da1a56e5f115dc53b73eb",1
"95e342c24cde6cee38beb9896fa87131",1
"95fb2ac4394d6b265d92df3b434093e6",1
"960331959e0edf795108e4166b902ad4",1
"960489fea880fb5187cc7dd0a21894b6",1
"960b55a86023171f5d3ea7c102e63c7e",5
"960ba2f4f23dfb0f3366611d7a90a9f1",1
"9618b3b9eb596efa8f4f7888c261a97d",2
"961951f6c9374d8bdba1063d6a875c15",6
"962677507ae958cb2be59151214e5d01",6
"9629aee517cebe68b687da7862021ff1",1
"9637938766cc632ab067f6cc7bb776ab",4
"9638d3f2f48f58e2de6b1339e9f03429",1
"963bc862f069391ddb1b9f04a2a851fd",1
"963c2f8832877232fb35d56d23f07493",1
"963cf908fb26a375b6a4c4aab2ad91e2",1
"96455943d38df24cf686f25bd3c0dab1",4
"9649aa47020bbb389f71099845e680b8",1
"964d3ea1f8c8bb74218a69b1c722c547",6
"9655323a2976ea739d05a83c0d68f089",6
"96561ab8a9a2ded99f9c3946b06d6256",6
"9657e7b170bbf583b572df39ce51eb19",1
"965ac690f2cfe240733a1d2edf616ad3",5
"966e05829cce52439443304575bf8d5e",6
"9670b95f51f3b203559e880f5cca6e45",6
"9673cb31ca91237180b05abf4936b28f",1
"9676bdd71e4b471e849a4ca42ea1c4a2",2
"967dec804451f5d8b20d77c028e23a3b",1
"9683d8e2c32edf23f8d9a5d2497cfe93",1
"9687ed22e82c13e5aa1d9855e7c6b411",1
"96881ae89a8f42836fada2adff1ea393",1
"968b2bf414436f5ac1faf8bcf35fc59f",4
"968dc087e5e0cb93ca31bdc2f9874da4",5
"969229f702c8853dfac5e0f2e14a8f80",1
"96949ed4fd918ed3c117fedb3f19de97",1
"96983e249bb7190b0e90ced47a9eca29",1
"96b30cc10811c2cc53b514e67c5bf52c",1
"96bbce17f23767415f89cdd5209ffb5c",3
"96bf56f656046e8a11f27b0b035c98ab",1
"96c3c6527ab43c60128cb86543b044eb",1
"96c94dc7f8dfb8b21c35e3183c0811c2",2
"96d23839fd83226b02194ce7e8448bca",6
"96d7dee3980768831fc43cae583f4e65",1
"96d9eabdc44130ccf37e3d0ad5cf3cf4",1
"96e6d06bba3b12d91eef770016c03534",1
"96f54800912781ea7ad96b88a03e7a1d",1
"96f898c3b042583ebe00d945ef6c1929",1
"971a15e09ee66d62e04a5064e0138afe",2
"971b698497e9edc5390f23f72b3bd44b",1
"97224ebf999c177ae952b12278aa8e6b",1
"972e5251d42ead5568b3b3e0113ea8ee",6
"972f7135bf976084b7e2242dfcfff573",6
"9737e5d2b649d9e2e73c7ed64167ee75",6
"973d8073056679725b6ffe5c3dabfb86",1
"9747d8ed107297c4c052d94266552b26",5
"974d691bc45eb418d1bca812bc8c0270",6
"9754039eaced270fba07d2266b5be3b4",1
"97730184b47f90cf4c090e88dc66a983",6
"977571bd5fd1c614f3547723c810872a",6
"97801632e310d75700dc549a4034e330",1
"9789e994fbc8c890b0a032b48fc6aaca",6
"978edef1191b9c418be84445bac70127",6
"9791ddff6ed25638c1b9454faa4fe403",1
"979b12c16d2da3429a696db89bd7498b",1
"97a0c0f812e4ce9e81f3fac601c34600",1
"97a237e41041582bb1d56d4b8f4503f9",6
"97a409a1dd97748e0626a79f1c56f47e",2
"97bbe2a6a05f155adb681d0121c3db60",1
"97d6b0640e9aada5309c6fc085ca0665",1
"97dc98712bffafc1a077f4b2f78f2df4",1
"97dea7f241630aa0382276ccf9a71b82",1
"97df2a385f33ee0ef8d79a57f9f8e360",1
"97e6885169b64809672f98a7bd24a0b9",1
"97e78c4955ea7a0ce258353367ffee9f",1
"97e8fac0f1ba3433eee554fdbe95afa6",1
"97eb5799c0737f16b670d1f549614b25",4
"97ebebf9574b286fd4961e42205f6e50",1
"97ef48c814aa799d7db6e2fde4e137f7",1
"97f26ff2f8796cbcf0827e97d1933035",1
"97fd2a2a1227a5ced5b18ee6fcdfa68b",5
"980a11ffd4a0168683f0fcde617c543b",1
"9813184965c453695de9c6282cfea1e9",1
"9817db4ca612576aecc12ea41bfcf3da",1
"983624a2822832399723e2d3e7a97f5d",1
"9838d97e6760051b9b48b06026cf9a61",1
"983fdb1ddac7c7ed69dbcce9b9a38ad6",3
"98450fe5478cbea0d462bae19cf4b426",1
"9845e3dbd72a76e387a801bf88a03f2e",1
"9846eaee687a1e5c0f125b986d711544",1
"98532d1beee8f9b8077d9695deb4a2e3",1
"9858dad8785f220aa83d0e4f52663637",1
"985fcab75e3de35f44a7a7d75e60b508",3
"98665c3d09805ec000cd6a7088d3b5b9",4
"986868665b6d350abe0a42508ba4b2d0",6
"9868df665d51553123bf20f5dec30b62",1
"9868fe1017c676d26b98ee6ea7afb925",6
"98719313c4cf07c8fac3c75c430672d2",6
"9872460ea81365746724a4478d23fedc",1
"9873494ba9f558e3f088a6c4a03812e3",1
"987db97e3639c79d62661dd500bbebc1",1
"988fb1c0f977bf2f5997b14936147e9f",1
"98923102f28e2901a03666620d7ddfb4",5
"98ad1161c7e8449c40eb3a63d4f553fd",6
"98b3afd7b20efe8097da6056b33305d4",1
"98b59f05c161e9e5b2f2a9354b5cb6da",4
"98b9905ef569b62343e0c7db221c8eb5",1
"98bea994720ca60bac6c999062db0197",1
"98c164d3b18a8a693bbc3bb9fe12b3cb",1
"98c1fe73610923ef79c15833d6c81ebe",6
"98c491dae853250340aea6ab8eb585ea",6
"98c54f1d3a496a3091f21e311733ba2d",1
"98c6719f173f3cf78b9360568140146d",1
"98ce7906d6f6c74a6639b0ad70246827",3
"98d0c15fd73369f1f5db035c443e5ba0",1
"98d10b02c16ff712f4ff3ec536981cdf",6
"98d71d2f7e30863ee78c6946138674b5",6
"98db37c47a21a516394c223f9d1cab7e",1
"98dba005d40a9b6e314d0b9f57b1ec9b",1
"98df7b9ef0d8f40d187cc98e43619435",1
"98e1305026614acf741cf5f69bf4eaf0",1
"98e773c0931c032da41021d8e45480f1",3
"98f492e1f45edc4f870060ce4dde7c45",1
"98fc67348b201e0376ce9b9e6c3309c7",1
"98fe636c9305b0767dc582fde37d3298",1
"9916441be349ce1080c30dc26731b3d2",1
"9916fb338be624625acb5af8d704c0af",1
"991ea44173fbef827a9e0b85622a88f4",4
"9924220e2444dcac10a5ef42f1e9e6df",1
"99262530b35feb77f345d3d0596cf3ac",1
"9929a868bd3811b3790251377e11fcbe",1
"992ad6d66dfb77845734a95a169aaf84",1
"99360a9fc7097b700ec9945482a74dad",6
"9936fb8a098cbe1f5b35aecba33034ce",2
"9939bc5b092570a2dd5e272e2d4df084",1
"994a276965d34e2ac3ddeeb33a79f5fa",1
"994bcd1b7b275fa4e7311be30be6a1ef",1
"9950163c44e5b7e28b5fbb4b63b5ae36",1
"9959ca7e100ce45bf42589965343ddf0",6
"996a3ca6254f0ccfbe29324e15aa6f97",5
"996f3487f7e12fea5848268e54ab8681",1
"9977cb3c0206a824c707e9f50a8ccb7a",1
"998c8f5124effd3fd84fb252aec45df9",1
"9993726edb0fb983ffb54c6a53bbd88e",1
"999b4f588b0d4c6a411205c7c1873b2a",1
"99b9697f55358be57a9ee6c7c3c7c7ec",6
"99bbeb28d0dcb598b4416318b4c77840",1
"99da5c8f3fbb19c531be9e0e79cab1fc",1
"99e7f107538408f1195280a6cf952e89",1
"99f67420483f142aed9df1025648be6b",6
"99ff27af6e65c2507732332e04737798",1
"9a06af3abc29df93255ce955feba9927",1
"9a0b6da0f93798e4791efe515d3ab6bc",1
"9a0bc28ed0a44743b459cf4c2a061642",1
"9a169a3cc9167813eb4e398275ef5b81",5
"9a1d9f05b384d84f53df10d33bdbb54d",6
"9a26f65b462f962682a09a1acdce1e48",1
"9a29afb4e97491c35cab4664aec8bf6f",1
"9a2f6d3b377d3a4042e2335898f7b208",1
"9a31c6a5b6e465b0c4cbd94664423f92",6
"9a3a4fee44409fa3edc800b01bb7482a",1
"9a4191e415256d0aed7966f81b632b33",1
"9a57bedbf896be67ee62c5e938f3ce45",6
"9a5b92d14494cbcea979f756f5204989",1
"9a5d923617d6132514d3b82411cfc168",1
"9a6052c181a504bce3cfa3b74efc0cd8",1
"9a6073d26d35b98b34a2e06e73d5ee12",1
"9a62b7e573a266b570c29ed59fd2bd79",1
"9a64092e688684a764668f2bc9aa769b",1
"9a643ccae6a5bdb70d8239532787b71e",1
"9a6aaa29d201802fbb63665d63e0480a",1
"9a6baeefb592c688fb195e2aa035109e",1
"9a6e7790fe3813e50324f13e8a614ee0",4
"9a6ee76e1754bb1b06d7158876ac667b",6
"9a7281867033b1bb807f0459a330b8bc",1
"9a7c9adbdd298c4311d530ce988a5cf7",1
"9a8517e4c37167acb17bb5289e516778",1
"9a8525a4bfc115944a4e645673ba2827",6
"9a89925ae2f33cdcd27ed2758a593d2d",5
"9a8d12ac0c5eac93aa43d7b21027c0c7",1
"9a8e275cfdc9b7defa16bf6ca2e6fbfe",6
"9aa044d3be4f3781d86118e5507622db",6
"9aaef994f18f66701840ce34a7d416d0",6
"9ab93b59d2bfa896f38399b1b53ac4d7",1
"9abb4f17d9ed1936c9fca21b585031dd",1
"9ac0ef8c2fdcef3928ccd7a1f4e8aa34",1
"9ac1377da9ccb91feeedfcb1320aac7c",4
"9ac752ddefc566c3959b06c59a10b041",6
"9ac84981a8717faf6bcc42c2b0dd0d87",1
"9acb18a07392f0ee69fd524a663d483b",1
"9accb022467f250d3b926cdf35b6f7c1",1
"9acd17ca97f2234cf34f15fbc669b382",6
"9ad693f3fb62a93aaf6c0ebb59465ab1",1
"9adbc410423b8f808f02098d46e74e7e",1
"9add234ecf0fc0f77c96f916acd23422",1
"9add6346a8e912b25808c24e6b724006",6
"9af308135d2d14376cc784cfae0185ea",1
"9afcdaf29768756854a379aa766b37f8",1
"9b05cf7f08b7ee5c034cde68a8554854",6
"9b05fcc82761e7d3dc17ceb957c08d9d",1
"9b084f49b8ec618047460edd22a1da1c",1
"9b12528119f4d454dbcfd879288561db",1
"9b19936ccdaee1de1be2a31c430c0014",2
"9b35d03b4e5a1b952ab487cf2628f2b6",1
"9b37906dc89f3914d68e2254b9030ebd",1
"9b3f68416985e533938ffef50ed0935f",1
"9b480b457b9b9320fc5fea4c021f3155",1
"9b4e2f28d0fb48136a4404097ad101ea",1
"9b5c966ed3555da8cb138ab6f4daaeb1",1
"9b69ebc8b9f30adbf306cd0e1b6d791a",6
"9b6b0cc07816341d0fb4d959099b3c86",1
"9b70f18997e197a35adc236acafaca74",1
"9b71d68b9188d540108f23c8b22a6338",1
"9b752a6e39ac88e1230177d70bcf9856",6
"9b7872023baddffccd02d29511817f2d",1
"9b96179aa0d5e0e886a5d63eae8fe725",6
"9b97dd12c1360e374e1bfc2f04dfcc7e",1
"9b9b1e36f2686d3e2433cf1a8061d1f2",1
"9b9ceae151eef8a773824d7cefa0a1f2",6
"9ba0f31f882e5ed50f4d833d6a0213bc",3
"9ba205d21a9f107ad2ac3fbbe30f3ba1",6
"9bc0d0f6b25cd85a12f946ab84e6c665",6
"9bc39ccde9f390ccddaace63c0d4e4a8",1
"9bc3e1836211ed5c1638b94688c791b3",1
"9bcae04c22de660740a9ed1cd2b72095",1
"9bcaebc2b7b5eda4e15f2ea5acfb2ff3",1
"9bce573701f84815593fa358fa4926ef",1
"9be85150a85f41daa878363eeea538e3",6
"9bf15e9a66832001bb23f5fb306c5b26",6
"9bf8745685e42ede78000cd072b043ff",1
"9c01d9c5308a939b6dcd36f1b74b2e29",1
"9c06ecd2b8bc4a0533e88ab76a61d2d5",1
"9c1e00a66602c58ff75c143118897a7d",6
"9c2423afcb69fd9a709c9a87994e0a2d",2
"9c2c54e1211ca0fb82447a952a6cee2c",1
"9c2ec073dcc2528cc584c9ea4a174af1",1
"9c3412f3db50de910f31d10716df7508",1
"9c377ef5e21c41e9053da5b3f07a5fb6",1
"9c38edddd794341bcd7626ec95281160",6
"9c3b1b48bbf1f6ebe7507971b51d9eb7",1
"9c3d7b85571e8011c64655310ed33daf",1
"9c3da35f9786043f564fdce5cf7897ab",1
"9c3e7c51f91e59ab464ce4c91842f476",4
"9c40936c4d309dddce9068540c942012",1
"9c42e23d3e01fc179a7a021cf020cb63",6
"9c4b682787df340f3c3712800e9073df",1
"9c51307d79dbf68926e91c5ce57122d7",6
"9c51a08d89ed25103f03ab10710e8f0b",2
"9c63ecfe35c8bd77ef116fa83e672499",6
"9c655025961b98f8f6505ffac15a33a2",1
"9c69426f0baf40e600716d5188034e29",1
"9c6ae164e1508a57234f80d140157a9b",1
"9c6f9a22259c9087a9e78f68a837a5e7",6
"9c736df78892ec604b5171cb76671e84",1
"9c7f42f3edd8a08972d5a870ddbbbca1",1
"9c819f66edc1e4c40c1db4567eb13353",5
"9c83a38abd1bef4d4e617aaac83833d3",1
"9c89189d6e2f355e0789b03101cbb078",2
"9c8b14b4377bf170685d5ee4b6662e6d",6
"9c95eb61ef6430ce904d39f593652b7b",2
"9c99a257d567727d4de4fcd10f499f9c",5
"9cb2bd8ac22bbcf98ac4a839a8047d2b",1
"9cb5b27c62fda1ad5f8780dddbdadc33",1
"9cba4f895ee85463345e5bbd6e2078ed",6
"9cd21a3d3a148d8afb02b0fd09ded698",5
"9cd25459678e4268d4a9fa950a0c5cba",3
"9cdba309126d2d7127e53704d0dbff34",1
"9cdc701031a8db62283f2bc6aae86b28",5
"9ce37e88304c4d9abc77265d31ee085e",1
"9cf5e23fa7a971810f79d84b27d82885",1
"9cfdf872b3624869204753bc27a68a58",1
"9d0a8298a41ac777da01811103b593f2",6
"9d1ca770c76c2e7cbd691b9fc1db7329",6
"9d21760d0a66b8734071a23ed9b5b4e9",1
"9d2187dccfde1a636daae64f85064e63",4
"9d22c1715b47e780bb08475704c58abf",1
"9d270e92e8c77698188e904eee8f9d22",2
"9d3b96e2ad04fba3098f91b96a9fc70e",1
"9d3ee5ae63c3b9e756e039f1579ea66e",1
"9d40a82a21a0049f67310aafdb5af4f0",1
"9d43bf9b1d0aa92888f4ebd30f650171",1
"9d452a81f633c8dfacd92f9ebbdf1a37",6
"9d459d26d610fb2e4ee9740fafa78795",1
"9d46d666af412a1f413bbd9b94deee3a",1
"9d4724a1bc165f44d37b6e1c9648fc14",1
"9d580b816df81dc7c352889db733002a",1
"9d6446f8cd6a547a827698b2f091c0c5",1
"9d66fcc3a0bf46c8c4566fffff4b564b",1
"9d682699ff59dc037099bb381db89ff3",4
"9d6a3461190dad00e4093dfb9b8ada11",1
"9d72debfb336b4a10f54047bb11f3e80",1
"9d738ef6e5b03b097be9588322dbfac3",1
"9d805b3370905b8dff1b939c5b2bd8d8",1
"9d826edfe7bb3f94aae9748a92bcea47",1
"9d90aa5610a09422e4981e8138c0ec5f",1
"9d9718f618c97beb4b87b6b10c7867ba",1
"9da2d4b0c1adac93b7a97939a1d72111",1
"9da65dc11bfe42663e622f136f41423c",1
"9da8773542cd0f2b3aae7b5ba9cb6927",1
"9dab24ce2e1dd2dca6cf87e5717ae35f",1
"9dad3a4ac7118920f2abaca00d3b5bd7",1
"9db53f5927afc17e5cb79777e410a939",1
"9db639fd8e399b2b3b0efb7b217442ad",1
"9db750a99998eb54ee87852c6ab63655",1
"9db75d386b5890e44cc21eeb660d7f93",1
"9db7dcce5eb335b6a76f2110c028c93a",1
"9dc0e0406dc4c6648a21cd0bda13c78c",6
"9dc62a77cb1194603528f128a34b9554",1
"9dd16cc8453e86594dedd6364bd36e7a",1
"9de189ed8b44994fbce43f695807baf6",1
"9de5ce8a09139b35e04e4ce5f6186c73",4
"9de8cc3814dd636bd763a490f5f66c3a",6
"9de9b579e05bfca9d85788925f41b11e",1
"9dec2c9b8bfa8027be15ccb5431a6310",1
"9df6d0c1e325de9ef03d1404797a7336",6
"9dfab75982fad4a5a782202d184ea6cc",1
"9dfcafc244819b89ebfc9f0f07afb88d",1
"9dfe1b24c2c5ff515c43d2eefbf50c6a",1
"9e172637042e1513874ede31bee82583",1
"9e182c22ee0d2fa576b53b261655290f",1
"9e272ccd95894413caa9737066de40cd",1
"9e2b98f7f6d5e06aa439d03d240deaa2",1
"9e2cefea54d86928a07d84441a0717ab",3
"9e3543eb3352860197767a225f6cf2ae",1
"9e35b66b3765e97c281123e00966ad55",1
"9e390f151f703f4028091a345214cccd",1
"9e3f117d927db0b6c6ea8777f3419978",3
"9e51b1ba034dc423e5ff12946c2d27b1",1
"9e5c2fcf0c8e2c1d818e6bab73ec3657",1
"9e6447d211d211b52f1be3a4bd72f681",1
"9e77cf0f8e3b70f08d37d1aabcafa917",4
"9e8aa17be8e299894ac5663dfb896092",1
"9e8f877086d92be1be7a57d63ef44123",1
"9e969cf2123474a64a1ea5d536ec94bf",1
"9ea592507747035bda1101c25b34fdad",1
"9ea7216721f2ef0f4d8e989b1055f41e",1
"9eafc6a6697fbdb3f7726f51d1ca40b1",1
"9eb78637aa9f89f991f1b5e3159948a6",1
"9ebb537aab088d515a7d13ff787f2e93",1
"9ec108afe96bae35418b76b456cf5f9a",1
"9ec12eb0d70f42e2408dc951ac51749a",1
"9ec2698588e43aeb4262a9f6a10ba2a5",6
"9ed5302dc9092e9434d69995bdd46957",6
"9ee58a9f2666d7a20dcdd12cf7978efd",1
"9f0c3ef52f43178708eeba31d5d776d1",1
"9f1e0cdf1a6b3a3536c277c64f28da09",6
"9f26ed56a6ee745505f19c4a347717ac",1
"9f27c8c2b2f3570ddb5a4d72ba6dfbb8",1
"9f4096fdebff65f9d301f8803f014f93",1
"9f548486e5b9b4ba391573e08cb1abc4",2
"9f5654943f1393ed697f1e7f685f1672",1
"9f65d4a7d9dfb0b266fe1b9add675443",1
"9f6a6476c5af52c339787fab8869dc34",1
"9f6bbcd4a5b966122675bbacb9c9c298",1
"9f6d3889974231c7d9e94b5186d3e461",1
"9f789ace006a0266d8b8efef4e37be92",1
"9f9846bee0da1e7af16b15ea5e394feb",1
"9f9aed1e214a973f4c71f752d410e1fd",1
"9fb70ce89e65c2060cb46921940a2c0f",1
"9fb9b8e4ab0cf3453b2fe1729acb99f5",1
"9fc41f379b1f809515d93a594208d38d",4
"9fc44019a478aedbf1fec817d35f79de",1
"9fd86c418bdaa21b04d95e2be702f21c",1
"9fdc8df9a847826f189bd15e794c6f7d",1
"9fe3beeb7302116b717cd8fbe2bd37b8",6
"9fe4f15b17d2754a6a596fddbbd53bd1",2
"9fe66cd901271b3a272b7f8e5898de14",1
"9fe841f399f140c172874a7cf1a1d0fa",1
"9ff9ff47c2b7d533c442ba4eae3039eb",6
"9fffb20564c55f7558bcfff31415782c",1
"a008d41dc34af9e66574e970a556860a",1
"a01191c5290b66c5b648889f7a7ededa",6
"a01487a1d9c2256fa8ceb1f2f03631aa",1
"a024e0ebf44b9f1d6651040b62a6f00c",3
"a02777ca85db3f0d284d507a7abfd296",1
"a03b5ad19109d6ab11636e742e8dc0ae",4
"a04b7863ced38d54d40673674dcd7768",1
"a04f858d05fdd47711c291b454b6153e",5
"a0573ac8a4d983ff2a14df7e4f7869c7",6
"a06c04d21827e556ab73702bde12e222",1
"a0733ca2d6160084d11091295923a673",1
"a086ccee74112e319d3df3e0faeb11a2",1
"a08bae793411f89ac1af5073d49ab03c",1
"a096f4aac537232a2c6135572ec4cc57",1
"a0a1134f4d290f9662a4d72cee8ab614",6
"a0c39339cfee55fd2ef5bdc7717fb3ab",1
"a0d9dd73c80e15f65c45f30f8b2625a6",1
"a0ee67ba4af848be0d08f570c06725aa",1
"a103cdeea7fc1e83170e89f912a460ec",4
"a1083a472c86d6132f56c2dc48ef0fe8",1
"a1087b9ba3ed275dbf36bd2b288d7548",1
"a10d22adde7419125a37a87ed8d52d7a",4
"a10d6441c4046447a2bb8c7a0a80090a",1
"a11e5145a86d5437b855bb91f65d19db",6
"a1241fbc0c7b19b2cc1a92271b441538",1
"a1407da80104639c68576f3ac54dae2a",6
"a1458290b1e9293209a7984d67fa6813",6
"a148bc136511085a20f49b3e0e7d5614",2
"a16740facdfc4de7573c3967760da386",1
"a16c60944badffce8baf36f965a45f60",6
"a172b766fdb4b5926cd6a80e103d6740",1
"a175f6102d201462eaa51d4837cb5c75",1
"a1781c3f891ed6b4cb67656ec39e2c23",1
"a17b17abd326353078fbb79bbfa3c6e9",1
"a19661e87d8b6130de903454fac59205",1
"a1990735c50c86ce0de6da44a3e1da80",1
"a1abccbe0e049d60df1606127001b783",1
"a1b76e08dc7dfc0289053b02d306bcfd",1
"a1b9b0e4595503a9eaa25dd4d7a7e813",1
"a1c79d2bb56fd3b11ab9e928b0b35e33",1
"a1caf7f52b45cb886e449ff878774de5",1
"a1cc92c17d34e55a7f42d74b37736a70",5
"a1d4bb485217a862d97936d1651b1b31",1
"a1d89c4e4965e1a282a12cd657e2ccdd",1
"a1de1a9e5fe30d30dbb2414f476c7fbc",1
"a1e008f5c9e63b05035dc1378badd8b8",6
"a1f3d3b903c1300bf5cfdd8340db81d4",1
"a201f733f0c73d12cdb25440b5e13df1",6
"a20ad17fab94fb51f52e81cddc73503a",1
"a218fbebad67a629547bdb37d0e3768c",6
"a220e42e955fd7332bf8a8207ca8b748",6
"a2250c8f9c5006884802aad8f3853964",1
"a2266513af127b757418940708906be4",1
"a2284a447eb570ec1759a887b41bbf92",4
"a2285c37842b8b7442c8b22e233d9fd9",1
"a22862faf0a86bf0b4686967d4b095f8",6
"a229e87dc50ec257725dd68de05249c9",6
"a2362013310335a151af810846919126",5
"a2362951a45cb00a3752a1a5ecf0aa95",6
"a237f58a0b400da2da7b1a1eba0cb99b",2
"a23a6ca51a9836ae51e51b2786cf59ef",1
"a23aaa98f60914a14a3412695e1d3465",6
"a23d66a0a7f3e3c9a607a09229af27db",1
"a24394d530acfe0bdf381c288e69d47e",1
"a24c39a90d7622194ccf6d9e241a6d9d",6
"a25060a2d154b03bab7ee6ea2ed23835",2
"a2518647266f5ec0902b026e8458d13c",1
"a2549a478214799932fa7c3d052eb014",1
"a265cb46f650879909f23ad96a0252da",6
"a26773ce695917cb00228d6797207f38",1
"a2684fca8dd290943ec2b99dd5974706",1
"a269093fa82fe2d79776efc5b7e73fa5",3
"a2718424cdc5fba15756b7c8cec2ac8d",1
"a277a41ab418d35e068e140a29c0d89d",1
"a27b8e9c05dc0922f3a4f618406ee1b0",1
"a2835b00cfdc992f9cad8b033ad20455",6
"a288be1c5ebafc781502a95e86660988",1
"a29b79306be69bf31f1632c3c02a35a4",1
"a2b2557cdda3d7b3b7011c9aec04e659",6
"a2b35f0235b0f14e745c038ca63201bf",1
"a2b42d6dc9722910f802fec4cac3d0d8",1
"a2bef7c2bc1ca2d937120216f7597953",6
"a2c50bab7387bc1ed56a81e5ebec5608",1
"a2cf8be07641a45bb467ae8fd1eea80b",6
"a2d69fb21400f25c4688f643089968eb",1
"a2da85066684c357d6eb8885fd073ca6",2
"a2eaf5ecb7183399c2a860c5dab86ba6",6
"a2f41f739e619d858751b5f619199883",1
"a2f830ee1afa986f07b58d951e4750b1",5
"a30193338c4ee329c3e0f874f9aecb6d",1
"a3071e0e2afe2ebaa74b61cae23c8b6e",1
"a3084cecc0acba0d0722972bdf0f25bd",1
"a312638897aa89064e60e8d51cbc29d7",1
"a3132548b5682b7914cf5f25c9f13d5b",6
"a31af2b9b41d23694731605cfc20f1e5",6
"a325a0d1847a2768380ae8f38dc37cc5",1
"a339376121106a9aa48617833dbaa30a",1
"a33b84e5b3491f2c8043a55c7add5e0c",1
"a33b9679fc1c3ac616bb330e1772f8a5",1
"a33db1202b666daf01bd83d36705deef",1
"a33f1d3e37a49cc812fed4cdce1820d6",1
"a344c69c64459109c67359ee25266291",6
"a35be56bd25ea80fed2c177414750dd2",4
"a35c3ca4ae4e438ab2f176c0edd58c88",1
"a36585f3d855db306495c364cb86c2ce",1
"a369eaadc02a4b3c68d78b65a1d471ee",1
"a36f885922707f2ea271a20d65098724",4
"a3722e16e8b1804086b456bdf9c34dfe",1
"a37753cc496c6872e9bf68a446df11b3",1
"a380388d4e27f8a7cd83b1cead20d817",1
"a387474a92af4c2f65a2ebd2956396d9",6
"a3898d1f75c3cf6c27bb116f83bacc18",5
"a393c97ae9ddff0d38dd4eccb043be52",1
"a3957ec790d944b9516388d198c93e72",1
"a39b2502a351706cafaf1fd5f3e5f925",1
"a3a1ce32e21bd32a8f8e426654feade0",1
"a3aec8ddbfd7f69aa17be357bb295df8",1
"a3bf227003b4e7b97335e327faa7094a",1
"a3c507e21676bb6c96543cc4180054b2",1
"a3c5d97de9d2ea795cb1dc692e0be990",6
"a3ccf9f1893fb518527d02d6f4fbf5bf",1
"a3d0de2f9183fe8e8764a41db9601de5",1
"a3d51cdc14216fcbdb61c4417fbbaa89",1
"a3e24b0a579c9b9199a740c0c98989e7",5
"a3e5b3dc1f5eb1905af8c66195e1cacc",6
"a3f6f017c87747138a0fcf10fce9c75b",6
"a412c3368aca4070db62e8690fbe158b",1
"a42117fd0423665cad82bbabf07bb4a6",1
"a4280b0b311bb460ebea4fabbbaa7a6c",6
"a43189bc7c1bc8cacddc3b1b1abeece6",1
"a444761f1bec85c52ffda4144e8809e9",1
"a446223a6c55755d4fddb91640888a88",6
"a4463168974ca67905ab4caa7b490810",1
"a4475c5477c2c6753ebddb2786182a0c",1
"a447ae80ece901a81842571de4f200ca",3
"a44a2457877d6fe0185c7dc71c4906c6",1
"a45148cb8e5da3aeccd8df54cd5baf98",6
"a45a5ed5da3b6309a2c728d4b82d87a4",1
"a45bede2f131eb8e7a19f99efaeae6d8",6
"a45db346d76e7e7a6e0069151abdeac8",1
"a467187bdda818c77b9a1f3a4affc5f0",1
"a4688dfc864e25738d49b21349d627e5",1
"a470c812c8e0942116a3a620c49f1278",1
"a4899c2b546c089275ab87c14b1d3f84",1
"a48e9a4d7c7533be56c91899a0a80543",6
"a49416a09506acfa5c8db10faf67f345",1
"a49afc5be3e9aa7f43f2e0b98a8e735f",1
"a4a48402e58920074ee31e1bfd199a25",6
"a4b641df6b88ab4154366c99e2f84343",6
"a4c17ae1e0f9908596534022100be50e",4
"a4c237758c22dca80c42a3d77c8e0b3e",1
"a4c2f43c1830488cafff557b599d9a09",1
"a4d252e6e9d309b6f52920c8e9d0eff5",6
"a4d76f4849c1d69d39793863634fe721",1
"a4dff1b922143bcc10ff4a24a0b001f1",1
"a4e75d08658c2840a191d6dc0834c91c",1
"a4e7f6b49556c8798ff0ba6d4ecb445b",6
"a4f60ab458e09807cae3c299077187f7",1
"a4f8c6bb38f838d562d5fb660505d0b7",1
"a4fff40fe10acb4d6a563c94fb0d0487",1
"a505949f5432875742f49423b988fd5e",1
"a507aa33cc7022b37ce67d7fb9f637e8",1
"a5269d296621e7ccd65c2f3b6f9f62c5",1
"a536501a6d1741140e9a28614f6e259b",1
"a53f845cd93ab274e3c3db61e739c56c",2
"a54032ecb9426150b4208138e0e712f1",1
"a546372736ec7e2ab924cec2ffccb933",1
"a548273567f03ff65016ba6c9c5c45ff",1
"a55b5fe2ad98c572577f0e8c897c6d30",1
"a55d8321dd7960f9c72964cfc6e342f4",5
"a57e1a8444f7d1568c0824ee525dfa73",3
"a582eaddb38816685e73b9bd9259e6da",1
"a5849670fd32498990b5f35d4e5d537e",1
"a5890ab96fc51a6a6b1e2fe064a4e1c3",4
"a58c3b77efad0d3e1398277d21c94d3a",1
"a598a70ce6e664012159419955c928e7",1
"a59e7a968e2ec2bbda906fa3866896b7",4
"a59ffc0cd3c683579d79b9be02f9e872",1
"a5aae75d7c73ddcb27198d403cc4989c",1
"a5acd81441289ddd646cb050cab6ff10",6
"a5bc347fe706c82ab13ad615f688cd92",1
"a5c676b08f616f3cd81951571ec88f6e",4
"a5c866991dffc6dfd667e74024d71c50",1
"a5c878bf39cb273da81ba5a3d85835fb",6
"a5cc2eadb330c3c3826ac0612fcdf2d4",6
"a5cce67c9c2c8d2951a60c75a27fe26a",1
"a5e24bedf7b115d760afc25a1adb84b8",1
"a5e438b98e97e967d91945e7dccbe27a",2
"a5e65ebf524cf910cd2d6a62dc9908e7",1
"a5ecb9362127279886b6c814a97506c1",6
"a5ed8606a02f0a9e0d7156f9c8e8f23b",6
"a5f7e7e51cd07b40c9768a9fceee06b9",1
"a5fd211e2573d78758cdcd4b752637c1",1
"a5ff3c11c23621afe5544f7b821867ef",5
"a604835733668c9e2b0c2b2726b0fb35",1
"a611422492a050d5cc60ddcd315c9c4b",1
"a62199e9b16ef53a9bf35d66d7f0942c",1
"a6254d9c4c1a297f59d3c6d3e7e8254e",1
"a62f29abbcc98ab3a51c0b535a1d250b",6
"a6310f4e5c47636f69664ff761dbc727",1
"a64e17ae165a63ff17611427366a20a1",1
"a6588452aea48ee7c42072f637565721",5
"a6668bbb761839c593a7d95c64c0c55e",1
"a6669730c1c0d74644c514d198cf518a",1
"a671c5f5bf6d9598d1f2b875b219e9d9",5
"a67352847ae12764670d4ee0ddc63ec8",1
"a6742cd48a77e6d8396c5aba1a2beb29",1
"a67f49964656d91e53cdd316eccfebc8",6
"a68277c4d42c97699faa8d32e7a04beb",1
"a6850aaadb240be229effcc582606153",1
"a68f64711f103c13bd185cc94c1e5afc",6
"a693466908dda4e1021f61951123b1da",1
"a6981492bc59070d3ed347f041e61fbb",5
"a69f6116b8fda053e28534660b15153a",1
"a6aa30bd6761f6dc05776b119fb12a36",6
"a6af14b69078b5820fdd9f22def5dacb",1
"a6b3ac23675af7dc4682d6d7776e2318",6
"a6b9346aa769a5f65ca652957343693c",1
"a6c0ac76a5187854ba9c715406ca4f77",3
"a6c23262c40f2f0dac2091044bc47233",5
"a6c2448260262696deee98da7e449e5b",1
"a6c2a6ae9e4c4a2ef53e958533aae3c6",1
"a6c46f85000260bcaf9d9a26f6c82f45",4
"a6c7bd9791ff9e6fe95a63032f1c2b74",6
"a6caadeced6307281b9f3d033b91f16d",4
"a6cfe45b6b76b6a5cb56e1ef7cb704ab",6
"a6e2ee508db903e75fd1fdee0ba020c7",1
"a6e69ac706de2540835ff317f0193d10",1
"a6f6da22a724da5300c5ecad4fa9af4e",1
"a701bcfdb86c64d4964adee99dcccad6",6
"a7024920cb8abc4564b38142b82aa997",1
"a70380d64ecab43c6cfd0aa42156e460",1
"a7094e3375270c3260fa56ae5b3d2a3b",1
"a70c8f0abeb3dd193c3296645a5a9afe",1
"a71114c16e2b4cb1da7a4c6a8027d00b",1
"a713a9a7c91280f111237ca9a37be5fe",5
"a7258cfde53db977780d2a5e80c02e23",1
"a72dbc1ec317b00adc7e598c3f6cb715",1
"a72ff3cf7ff2023d33f2c244aed66636",1
"a74d1e24e1924f0101ea5b58aab2d286",1
"a74d7beb39e1ec29887c7ad75e638da4",1
"a74e2ba2872cce25183f950f1e37ba03",1
"a75f2ecc225d562a69b29f19ac315ff3",1
"a75f9c2e19d6f93f6164167fa990f6fb",2
"a7629335c986a92c790cdfa04f81c10c",1
"a765541bc7151edb86c5fddb1103e0ef",1
"a76c84e7f7c22cfadfe2353a06bea97b",1
"a78ac0f8197db082446e70d8cb90f5ad",1
"a78adb0316b8abd344adc552f62cc5a1",1
"a7910da4e725617d44d0c4424c7632c1",6
"a79278eb11ad17e3d70754952d25e931",2
"a79cf3b2bef55856b5a9ee76e699c4f6",1
"a79df1f2dedfddf2e9c218ad2fb9ee12",6
"a7a670a3b03fe9a56163eb2c8416ae78",1
"a7b763646a50e167f9793c9e593d4b4d",1
"a7c2e2c9c6d3247033ce4af386894252",1
"a7c2ee600d006528c90481e7f4c8f4f5",1
"a7c7439d263373f340bd916db5e6c394",6
"a7d417b01f74c28878755390e441468f",6
"a7df49a0a2e18d6c2fbd6f3fd7aa152e",6
"a7e49ff6b5d4652677508dc5b6a399f5",1
"a7ecdb5539032c602534a87568c6a080",1
"a7ee1314b2461fae98d4a7453bd0ad0c",6
"a80256f616f78428be3851fa8538ae6b",1
"a805c97b40c585ea5a856f48e3c67d81",6
"a8067cedaae7fa9ed721ffaaaf8da6c2",1
"a8086ba2f582db7b512eca2cd64f4051",1
"a808b262f79a0a57539644efe1dd7e2c",1
"a80aeb3921017c340e19c908a55cee6c",6
"a81fbb9f92ea508f7d8d636106edf110",1
"a826352b71c3ea9660d1420686e728a6",4
"a82a8e600acb051880c2fa7bc481740c",2
"a83ceaba993d88ad84a0b931b1858f82",1
"a841ba782b55a9a8793acfc1c4fbb656",1
"a843d30b519a1b08e75429999c4d52cf",1
"a84f128421da70c953d49e52c296854f",1
"a8665cfaa7dae29f8700596e3da13585",1
"a87002043cfc878e7d543276b1104dc1",6
"a879b47f13f46016c9aa471c4e6d8901",1
"a886592630e856b0aabde9e22fcc7fc9",1
"a88809995680a7671bd4f2c636ce5ce7",1
"a892c14868a4d410e12de4a9afa4d157",6
"a8983d235093eddb7dd22a7cd4defe36",1
"a8990a75ffacc1c7057a54e4c6004fcc",4
"a89cee805769a7c29925e6a2936c4e67",1
"a8af4100954228530d805ffd6b49fb01",1
"a8b2efa01b492379fd22ab75cdca2a89",6
"a8b39be2bab522028130f769400d6327",1
"a8b4415c194420a4e92c37194bd856f3",1
"a8b82ba1f41331d1b51bc9f7fac78a44",6
"a8bad2971121ab5556366c92bc63fe6c",1
"a8bd401bfedb4ec79ff1081e4174d8ca",4
"a8c9254db2ea3f96d9e6d8775dd83f47",1
"a8d0695f2dd9db19755904555d8def4c",1
"a8d28bd1c67fb3b44343d69a56aaf0e6",1
"a8d9a00964eca38782d34a96f8927eaa",1
"a8e39145b5d535542d221c521025405d",1
"a8e3f485fccee9281c1323ec69c79184",6
"a8e6df1f498c61ef84fe186415c0624a",1
"a8e77345c9b0e58585a309b7b94943ae",1
"a8eda34ffd8b51fb0854f539ef9a8e1e",1
"a9016742f1066b56c33dbea70eaa615b",6
"a91070d3e71b819df7a221bef48f1a16",6
"a9178dc8f9f2e44a1c4373dc3238bf55",1
"a92508f8966bfb6360717874cad6a14e",1
"a92927f28a68e5cc340ae2f1902aed5f",1
"a9329511600fa1c5dde52f4f55c4a370",6
"a94026066a5b811fc086380252c6bed5",1
"a944f7e2409795db4b3d68f34742133e",2
"a945674ae23c6dc5f583450a5dfad9e9",1
"a94cb1faff5fdd4778dbfdf84f65dcb1",6
"a94dfb0dac9fb7dec021e29d89f87503",1
"a953163d195184636545a5b0658c0bb4",1
"a95bcc6caa7b0163e7c2b0ba878b76d9",1
"a96023daf21dd7d1d841a76080e3d60b",1
"a967dc84c586a202419b81a99a139945",6
"a968bcba4932e207dcecbf0185605cbd",1
"a96b57f0535c473afa8600173f9cce8d",6
"a96cad24556da41a09bbe223a5ce93d8",1
"a97612e388cfe58279ff2894b4184648",1
"a9779aacf59fef5a3825b1384e516aec",6
"a977cb9c552c4567644c45a5a8379824",1
"a9794e0e700f14377429cf3d9f9a38e3",1
"a97dd979f429df94be50546f489019a8",1
"a98484714388277d9f61a88ed086d456",6
"a9963f75463753aea9e54609b358ebe6",6
"a9963fb79d9d425ad63db46b04c70ace",1
"a9c5e3f27dc706a0b6022e6b165ec58f",1
"a9c6b24d6bf14fb892a0eed4709fa820",1
"a9ce5ea695284e3373a44af632d74764",1
"a9d590fd601cc8860dc1cd8924f76a19",3
"a9da5d8203664a0d8f5a42bbca3cb0de",1
"a9dae7dc6c85a67ab333ebc743fe675c",1
"a9e2f9f60b0e5e4f5a899a05c1062b91",4
"a9e88be4add37539529eca52f2d3666a",1
"a9ea5a33edd0c2698cf9d90525f7490c",1
"a9ec2fa48b6830c0cd2a142221bb3d73",5
"a9ed4198d82a7216289b2a61f93f3484",1
"a9ee991ed4de8453f7a43c48594f0eeb",4
"a9f013d6510c33b55040a81afee2bda7",1
"a9f113fd0b562f3fe3833595bd80528a",1
"a9f67cb43da0c6d917af711126fe9646",1
"a9fc09bc88ca9ec9e17757b4ebbbdf54",5
"aa017909082fdc0b062ecf7d52208bce",6
"aa15c629ab896071130885300d442bc9",1
"aa1f33489ebe595c461bf95c74eaa548",1
"aa2ae0b15042cbd46ee2051dd9411813",1
"aa2e3b323ce60a2714f19373029d624f",1
"aa3202819d9b27cd5328fc74f04a4e89",1
"aa32700e372f9554c1b41691074844c2",6
"aa386576aa707cf626c641950b94aa23",1
"aa3ff06d9606ab208bbfd1775101cf38",1
"aa3ff8d6b2b9078471dc5c2aaa824a88",6
"aa436b01588af4f4458063f9d9d1a7a8",1
"aa503ac03ea28407135e3cc79b56ccbf",1
"aa558d6ec04fae50114c59b88042c713",6
"aa585d5174ee2d30416417aaa6f9f88a",3
"aa61ae6d5adcd3ef51e75e7ada0a0ea8",1
"aa6a6dd8bb3d1298201285c14930a4ee",1
"aa6f28af3b1fed027248e5f1b9c91128",1
"aa732e74c5d48937c43f114515ba3d71",6
"aa741c994c3d515c01addd78be7f5f1e",6
"aa89dd8c69a7b33811ff2e25e0c25a20",1
"aa8a1905b424960abb9e55c543d5d8b0",1
"aa8e9198f5b642f94e382201cde95232",1
"aa9060e386edee7fc0d4ac63c2b6269d",2
"aa936035c00d2d5fd2c99e2665e076e3",5
"aa9c6b278d4e18e4f279b5874d136a46",6
"aaa54dfd52aefe7c154637d1a44b9ac1",4
"aaaa4913067db7c6800972c6e85ed297",1
"aab148c919605502d10727384fabf9c9",1
"aab1cc9c6404ef3eea223bbe24557641",2
"aab792e6c16acc75e0487d9aa2088d8e",2
"aab7d1c9d22d05b20c53a80182d737bd",1
"aad7594fbd2bc13a7ccc2688b8c33df5",1
"aad762b805e9c7fc759c7063709d736c",6
"aae1c1e7a0d3fd4a321b6158601ccc99",6
"aae9e7d6c97b1898c7cd4e29804ef198",1
"aaeafb9c002a8296e6710bcf306d3382",1
"aaefa36584cec083b9806ff5051e0d88",6
"aafe6d051993f2e065902e1aad2f4761",1
"ab08e6fb7b3d82581e2a366976c4a462",4
"ab0bc4f4c60dbb2d1e1443a090c030fa",4
"ab0d64da60ae8e0c708e4f4eb94a9502",1
"ab1abc022ea968cec0721ee2602632ae",1
"ab2d1109399d5a364895fb6f025e204f",1
"ab2dfc1dd7d8f620b88bc1b8fad439fb",4
"ab314ccfe82b9df6467e9731830a860a",1
"ab33d124b6cb313abfbe79fc4c782268",6
"ab3aae3a0c6516338596abf64b784b92",1
"ab45b3b39da57df8d2fad6c681854516",1
"ab4da15debd806d2509f21acc22926b8",1
"ab4dba57331edc4f840e342b32f37f28",1
"ab56952b3623ea7754607b0382e173ac",1
"ab60cd7f733776b72bb2bc3d9eb9fb4a",6
"ab64acff22fcf66f4986a88ee7b166e5",4
"ab7359982fb672ee63ce0ae08f14a927",1
"ab738ad957bada47923e97c92633c445",6
"ab7bb522e4965a1b53f5510206b7b10b",2
"ab80f3ff92c66cba1b8c90a0946a6752",6
"ab81f87e6b3214449a4188af3423812a",6
"ab8595ed9bdcc27e769225b9a49aec1f",1
"ab896cf015c76a7344ab0e26007a043f",1
"ab8e52c55058d4a6d9a0afdb96cbb273",4
"ab9eeb1e3d5f38009876936864f5d879",1
"aba55422c263d71f9f4e4b2b37389911",1
"abab7a91367f38b7229950c7b52ad4de",6
"abad088d7aa03d67c1f26b7b38f410e8",3
"abc0371a00d542dbb59a24fe1fc29f13",6
"abd127ee950be95c4eee7394c881b150",6
"abd3e721c37811f0ad33c44b1a5ff1d6",1
"abdb208f25887d8a39728b994c975d26",1
"abdba163f5f4c629569012df4a2c3767",1
"abe3f3d34a5ac5553b5f6b9ba191e3f0",1
"abe5b8f3ac5b57c1ca851c61d6ec75c7",1
"abfd5c5ab8c10424e7a3aefe98a11148",6
"ac033ff7d417a4bba36f8810ac1d2297",6
"ac0b85fa09eb7746bf3e263bd17dad49",1
"ac171bca0bc5a761340578c0ceaad4b3",1
"ac1c3ad3e2878733e73a415fa20ecea4",6
"ac2c2f5ca7b8eb1fe1cfd23d630af9e2",6
"ac2ea80555868b684e2bd6059cae635f",1
"ac34b87c880728b9f417df46a6e8248d",1
"ac3f3eb4e8e1399041e0a5896db12ce2",2
"ac416c11af787b367af8e106100aac0e",6
"ac432c887fe3e894cb4d36ea758ab3a0",1
"ac4882c38fda5f6127d3328ebc65b369",1
"ac4ed16953fd3ae583ec42a304cd3b37",1
"ac4fcb37c373290f914ef64de2621b7c",5
"ac505f949e26f959133af63ec4064630",4
"ac55bdc39f14135194bf8da56138be9a",1
"ac65599512caccb8e8855cfd02977ed6",1
"ac677396e30b0284ee69eed8af431ce4",1
"ac6f39a20830ccb61bbf2dfbb30919e8",6
"ac709d561106078940c49421c8465d59",1
"ac7b9b79571257c4df05cb90b177e3af",1
"ac7d8cae1cd93afe72bed7aa909284e5",1
"ac834c1b0c5d3fd0a5c22fb3e9c50d87",1
"ac87a8d8388356d5a36ba6d635339b5e",1
"ac8bc04b5f695f12d64c878f295e3f23",1
"ac92cae13fc476573df87513179748d4",1
"ac93182a95d3535577392f6b93e01842",1
"ac9bd930463ccfe079f924bb6c02f2fb",4
"aca17360af84f4752890872bc02e8cc2",1
"acb2698c3608c7ee971a8266569d3e0d",1
"acc2c53926c96b64f090d5b6b8c7dc75",1
"accdf2c9ab15fdade08191174e465399",1
"acce663728120c9fda0d67be2dea45dc",6
"accefe94d3200453f8481ef408c20601",1
"acd859513062c35131b53feaa0f67093",1
"acfc091c7ab3c79345d84f728ef018b9",6
"acfed329ca2915e100aeeaeeb87c7b62",1
"ad050f6ca0751e65872a7176a73bde79",2
"ad08aa651b3e0ece3a514d3f43d1139c",1
"ad0e50ee4f382f6329ac356a5bc5b036",1
"ad12039abcefe676fd2e5ba224e6670a",6
"ad1c2f08181efa242e0563f2131f6e28",1
"ad1ff1e4b2bc8eb33a2ff6351d4b2d52",1
"ad22d7954c519c987c72ae18a38b0e61",1
"ad323c94d77d4118c8d66e0df7a4ceb2",6
"ad3294ff5154853690987e69c4b9c693",1
"ad391514fd6f9ff16731d34f6944d883",1
"ad3b9b3d2e169efbe8424481877ed8fa",1
"ad3bdd94355b0417dd3a9a6138c9179e",2
"ad3fa483206788af62a192416afd7e7e",1
"ad4068fcf6d2d2746c63b7585bfaddc3",4
"ad45f82b2f2edc1b8f1f285f4f710d30",6
"ad52518f68b3fcaf23b5008d97d7269d",1
"ad5470b660215f1aa4dec9b86a2f4d35",1
"ad60392337515684983e5fd8b667f886",1
"ad6a8925e594a057eb5bcc808c43b48a",1
"ad71931d4480d05f3abc42180584f1ca",6
"ad941b0e7346bbb1494d32a7c461bca4",1
"ad98a2d6f74015088b8561dfc9de3e49",1
"ad9cd6882a9b4d078874a72aa3fa90f9",6
"ad9dee2f531874074471e5d8b6dc661b",1
"ada96f645020b1d56622a68c6cae0d15",6
"adae142afcf9e92cf26005b5e0cf0890",1
"adb41ff39d61de43d3f3d554093ddf3c",3
"adb716f15d705e5a7c579e1a5a5e739a",1
"adb84974fdd4043f6c706fcd9724ebe8",4
"adc1ce09da8a27d24057478614309a6f",1
"adcf40e06870c209ba9c43d66657bbdb",6
"add2706db30e4cbe4071103f4663dea7",1
"add377dba06dbba7d227e61cde27416d",2
"add84af06bcf3a2ff9c4a5ffea97510b",1
"ade5481355c31b81d575793470b8003d",6
"adf2a8dd0c045b5727254face8d7c851",4
"adf3aa542b9af491988d10b6e3555287",1
"ae0c54df6fb58f59bdd90dbbda479b96",1
"ae33b6799358104a24737a5cb8ef2fb7",1
"ae382591928d902104244a96b9ae71bb",6
"ae3856358d2e02d9ea8182583950e1a7",5
"ae3bf13ca7a36bcc7625554f86a6e946",6
"ae3cd605285416aabffeee3ffb33b3ce",1
"ae42e703a454ae1ebee1913d387c2d54",3
"ae4391f8ab46cdf8401a694ae0c5917b",1
"ae483ee3fcc166e7d3831e2c8700f8a9",6
"ae51648e55084ccf027f8d189e24fc2a",1
"ae525e952a8fe74081ed09b7ce2e07cb",1
"ae5a6bb8178010d41d8bf51bccb0245c",1
"ae701bb85ec8868722f4dc2fe5e83cd8",1
"ae7118ee5c30a6995b46e2ea361eda55",1
"ae7798b86e9c576efcc11616db3667f5",1
"ae78b66613c5a336a0b7329a09d7c4d4",4
"ae815747c643d075f1f38eb755a7f1d8",1
"ae81b3549a615a45a9ffcc31ca723606",1
"ae84f52847a6874cd40caef81807a9f9",2
"ae856587a42b5022394312cff489dce2",6
"ae8d135e465410240087a5f21ac821f3",1
"ae985977101bc67f3c671809674e6504",1
"ae9b2709d157447ef6d6a3632def9c25",6
"ae9ea65a41a05e6259c66673377238f9",1
"aea49d7e8af0382941064aff4f53516c",1
"aea598eb120e581e5f9e16be2cd54225",1
"aeaad9bd7d082fe505261c39221eac85",2
"aeafbe0193f2b73edfd4e9a56fa4a83c",1
"aeb30ca7b560c19a087103490ba14d95",1
"aebc22ec4f9c9d13e1479c5fcb300f10",1
"aec078910d1e902730b1eceaa7b32035",1
"aec7ea8c99c1a50fbc2a5a4e91032a56",1
"aec99c5119fab655edfd5dc5a711e3b7",1
"aed4369acb4c190c50c584c4f50305fd",6
"aedcc3fb5aa47b59dc872a4ab976f40a",1
"aeddcca518431d10fb9fd110e8025220",1
"aee1b1c6c364074f1adc74c911889524",1
"aee4dbd31e98c35deab73010507ff743",1
"aef0d123d3be31bc9aae0bf3d2fe2a62",4
"af00d7487b9b4209e1f548a06a6ad9c9",5
"af0b4dfcfce7158d27f6c06d7d80a9ca",1
"af0b620473004df1d7595405edaf3a92",1
"af109a7f2bcd8ef09525478e5a4c56dd",2
"af1cc02d054455e66538dbc6f37f7cfd",1
"af1d81ddf20455a4330c72cdbfb694cd",6
"af2aaacb94ebd5199c4e1395c5383991",1
"af2b56404ab40854937655021ae91948",1
"af3fe7c5cf19fbbf869901bb4f7b818c",6
"af40a7971258985564e9c0ed22c39642",6
"af41c3ac294a847d35e993d4dca6e799",6
"af42a0189053f90540153c26850fe50d",1
"af4b840c105a3e26756841beb72fa4c5",1
"af52cae760c3faf32f4c104c7135cf82",1
"af58649fb2dc3cd1a2af1ea6e8f5ab11",1
"af5a10c39ccda7a3346f3cae1ab4960d",1
"af6e91bf7933b69b3013274e95588877",1
"af80fe72e8a28546c0e02eb0fc36fd4d",1
"af83adc0f6d82047759143c218d62629",1
"af86fce9c8d1e54da0e3992e595c35f1",1
"af9101cfbbe7c897bda2c166472d9269",1
"af91e5c9962ebce11dc839a55fd81f5a",3
"af9c6deba7fe91d2bb6ea64faa4ea421",2
"afaeb7c70f7fc1c562598ad19399774c",6
"afb93d2bce5303bd5a6a1747a4ad21c1",4
"afbae0454369ccc16b9dadf8d66bca37",1
"afbcaf17169ca3ebbce9e223d6bacf4f",1
"afbcb1d36b033545c16aa0e9f054d31b",1
"afbd3bab43fafad66cb590143a704dc0",1
"afcd9cf04d83c3cd9a1bcaf52a719bc4",1
"afdf192cc373158c39aa4915f9f723ec",1
"afed2ad0e4216d15d645a6b0c88c49be",1
"afeeef1c83c97c4b163bbe6885546a36",1
"aff35c5f9e926f4315e3efd7efc17c5b",1
"aff479f390bcd3a45864f236ea213993",1
"aff812d367280729ee2f5a131201fa56",1
"aff8ae9d08fddde888fd8ed6bd240b54",6
"affa5cfe0f447a9d6ab71667bae0a8c9",1
"b010025d424f364d1ee7c70c63263c28",1
"b010b195370f87ac445f10c84aae9f00",1
"b01144f69c4ad03ed1cdac45d62d48aa",1
"b016dcbb10d7816e91c6c10553a9b0cf",1
"b01d3a779a495346d3f2f79fdd85e276",1
"b03471e53f4b37967b65c5b27db2899d",1
"b034d8614f7e829d69082e01e6d7d667",1
"b03c9d56e1db541bdcd59e187d53731d",1
"b0440bb55daac54e76c3dcf3c0bb8d68",6
"b0468e7c0dffa8760051952e1373081b",6
"b047780fd761e29a938f323bd846a023",6
"b04b9295a7900ee1994a0d33aa11e9f6",4
"b04dfb9f67a5c087e91e9ef38c38a7a2",1
"b04ed365e0283fd902e6ebdbe35dc288",6
"b0514efaeb8ec85616a036b9e41e6814",3
"b055bfe39bae6072a67a4f4077dfb8ee",1
"b076a96ebb68dc6ed3c05be6920b8e4d",1
"b0806fac11cfd58a2f8efd39f81b2669",1
"b09151b11c7da4a57900d3a9bde98e07",1
"b09cdc3e3da09c5d195df8e7807365c7",6
"b09f1f3d3cb597224d6674b3c6d7b599",6
"b0a587382778af17d8d14a8586709284",4
"b0ab570d87e639a7e010809f370bbd21",4
"b0af95f427b1ade0a08e9756fdbcb6a9",1
"b0c061cf5da1b0e83b70d1b383fb3260",1
"b0c29bacb6aec8ff79318bd071d02473",1
"b0c727dfeafdb9dbc05bf13c4c2650ee",1
"b0d822a5b8010c00c7b25e006e06150e",1
"b0ddeb089c6aba5f5cabfa9a642f3f00",1
"b0e7bc66cf038d1261e76cc16ed245dd",1
"b0ecfd8f4e79d5ec7926e4218a047ea5",5
"b0ed0e25dbd6a98ebd6c450367bbae6d",6
"b0ef0ee5ef9967d9ffda6bb45c1e9fd4",1
"b0f9c75a4f8a1b6cce4af31e75f0b160",1
"b0fbc62faa733de0a446773e187babe9",4
"b0fc97282f888618eea36ad47e2f7481",1
"b1091100782c5c2ca8c4fbf4f0df403e",1
"b10bfaaee3a58ccfa4529d90e73c9b82",1
"b10ffc37e1d3888dc62634a62300c228",1
"b1134b6baa100aaf1330acf57da78e85",1
"b11a698f183c9f709c2ca5062421ec30",2
"b11e7924583d1e820a28e3f3ac9c341b",1
"b11fbefb7741a9190069aea8429239a8",6
"b125fb6caae536f769346660c0c2c0ef",4
"b127b3e780cf5b15cba0dd8b15a30364",1
"b12bcc814ed5959c56b6029b611ee0ec",1
"b138c111cad3f426f03b49ecac28ca93",1
"b13c79a1e8822310cde73ba4216b589e",1
"b15ac369e01ad0e4c1becfbda0fb877d",6
"b15c694830922b4ceffb781ceea1ddf6",1
"b1696183b1613c30a12ad3de00497970",1
"b16b7e4adcaa1809c45e2281d6d1ca84",6
"b17f20180153a0759202306f0193aae5",1
"b18e6885070e69cae3461b266eaad18a",4
"b18f63392aecdb148cf5b094683895ca",1
"b19e8fc9a9330b9aaf063db3f93ac2b6",1
"b1a2de48a58209c08ceb7ea871b3edb8",1
"b1b27038f4f7edded5de17e24d2a7ced",1
"b1c1d6c2f9a0f91dee671fb0f33d69ef",1
"b1ccb0feee93cc43bb72d2614c65abee",6
"b1cce66f2ecc72fd3fed781e418584c2",4
"b1cf0c2f66172435322e3c793b819121",1
"b1da9571d0e868b17de6cb11a4ac64e8",1
"b1e501ca4a42412b1f19c7621b5e72ed",1
"b1eb7a7d96b85ffd831dbebc290731d7",4
"b1ed926fb6a70375f937c5df14be64b6",1
"b1f84c6e01b822b3fbe2f5e24f6d8eb5",1
"b1fd341897cf4f1aa163ede6cf7cc562",6
"b205549eccd49afe9fa106730e573d0b",1
"b211f51a0beb7661e2cb2b0dd2e9d453",1
"b2181fae2077b5b57c329b442845c3a1",1
"b2214f0ecfed6242afa1cef16e1e7366",1
"b22efc5bea546c9cf787a17e6a650f67",6
"b22f3c25d3659e459cfe6dea2ae1cdaa",1
"b2309e8695ff1ef17b34c79dd467b3f8",6
"b2335263fb63dbf1c6340b1a0866ed0c",1
"b23930239bdd61f4a3d5670745c94516",1
"b23f69199cd359c0076ef561073df8d5",4
"b2400b0c8077c3166482de64cfaeaa71",1
"b249fc66cb927b3e7c03313a29c4a6d6",1
"b253e73651a3bed1e09533026c9035bc",1
"b258270b2248a7567622e3288289dbf0",1
"b25d50c629a6ee280398a6e9a27861de",1
"b2645489b63c0cd0fcbc342e6b2f4f4d",1
"b264bc03167bb4ff25bc20546bde0daf",1
"b26664ce54f9b00d30af64c025705c6d",1
"b26c9ecd4313d2f021bc1a1f8d67e678",1
"b270d89b6a13f43f9691ecd690cf6abd",1
"b27660d4e6e0b5c51209a90d003d39f8",6
"b2ab77d8bddee7e1aea17d2afe6501f8",1
"b2b2d3baae93200913cc1a0500ea20ee",1
"b2b63d62b3f072c575111bcb0d3e5a70",1
"b2b8086e1484187fb0f2186e2f31ae1a",1
"b2c332cc7cec83867190b117eb1346e9",1
"b2c8f50e75a19a6278edb49e032b082d",1
"b2d2441eb6d3d7cf8dd00fbde16cb3b8",1
"b2efca854fdfda09c006d79b5777230d",6
"b2f2ecc9daf3014672e7b1363bfd5f3b",6
"b2f9204396e782946395fe8940cd8efa",1
"b2fc366c9aad7a7f81e911db3b8a4254",1
"b3006ef7b7ee5773d150eb8c18adbe72",5
"b306110fa8ecb2c8e826eff6dbb02949",1
"b30de96f726e52d56f7f4ffdc3eb210b",6
"b3100c0b2a28094cc6b877cb6deac1d7",2
"b319f7391c1c7500b7f0017a18dc822f",4
"b320b3412abecb2fee2cb57333a95651",1
"b32b4d7fb4e6374c8216bff1ea81bacb",1
"b330be634b695ec3ea595ca3119b7af2",1
"b338a8f42dcb4ca40b34f90b89f888c0",1
"b3405decc2d261c1c40bf8a372810e8c",4
"b341984d8e4c084b526e6df3f63173db",6
"b341de27aa171c17799aa5b4dbe1c097",6
"b346b8aa6d4621a47adb11cae5b7c603",1
"b34d0d9317a4b2c4854c13654b030fea",1
"b34e7c74f6c59e4768e653ab6bda705b",1
"b35c2f181dfa295cd96db8e141b221fc",6
"b374f86ad2db8ee5a35ceab046313869",1
"b39bc8a3ae9bee334793c4d9e36c3054",1
"b3a7126437d71f635d0421589a8fc9c4",6
"b3a90fe5fa8b02183f6d5dc389929b60",6
"b3ae3f108ea11d314c823556ccb25504",6
"b3b5d7f7aab77147336e1021f58521da",1
"b3c398b81db4ecce1f6a4d990d643fb4",6
"b3cafdace3cbb7d0b764d1f22d36504e",5
"b3ce0e0687e7a8c1345971bef50c161b",1
"b3d0746b978620263d1e0af436ea04b3",1
"b3d07893e6d19e5294006c7f6e98761b",1
"b3e12a7ef409c423cd2f3aa2bca16629",1
"b3e23ed17d170d2cd0d080782b15a748",1
"b3f8830c8664c647bc4e34010557c45a",1
"b3fffe1714cad1171f4ec5e2114eee5f",1
"b406ca1fb3c62919a08878063edf5da7",4
"b417284168e7b2a62bac76868e198c86",1
"b41d2ff0ba02d84640a13b4f43f51f8c",6
"b42da94711823ec97ac4ab4deee1a31d",1
"b432835f68976c7e8525166d41ba6892",1
"b4396c060869de3bb32e1e9846d6cba8",6
"b4441cfaec6350a90163bb9d50f23876",1
"b444fbbb853ec91397c70c1998f722ca",4
"b45299847523c60a2c0bc522fd897318",6
"b45482c3e371ff99955ea0b52eb553a3",1
"b455206a8b2859e308f67a84678338db",1
"b4566c0ab6e377d01469511c54e4ad02",1
"b46095ea7e89756d5a774f05f6eaa625",3
"b463679f77672c7ef2ec854a52bdd32f",1
"b4674bf44c56bd617d9f79312addbefb",1
"b475c86598119e8dfa48b5e50e1e0a6b",1
"b4767d244302b0cdb8988ded71c5a045",6
"b47abaace0dc4ca1269ebd8ee3e2ea0f",1
"b47b5c85df2e86fd41919ef91918c1e7",1
"b4885183e5bd662c7e2d547b4838d991",6
"b48ae8dd9f3913e4d34486af66357d7e",6
"b4964224b02d79f18170be38a441fcee",6
"b49ad0eeca477de8c38d6a6a32cfb389",6
"b4a0fa8b75e03a798085953d1f0786c9",1
"b4a31c5b70cc60196e6276bf9cb31a56",1
"b4b585b4ce2b84658e6a1880e8f599c6",3
"b4c6385ccc555358bfd3890d82d19fa1",1
"b4c6c22af0ace2186d110e9a66fc5759",1
"b4cabd7cc83656f55a4e998eeee98330",6
"b4d0dd2fbe2d88af11a2c8475674d462",1
"b4d8eddb4adb441d1cda28d81868795b",1
"b4d99f4dd3d0f78ea61c5ff608a567e0",1
"b4e1964e44b47e70f0e6272be94664e4",1
"b50047bf17664e313329c17ca28c05f4",1
"b507f10e166521c89a81da6b1ff8425e",1
"b50e4dda51c15484ab6e9938821acd49",1
"b51947a1f858a429fa1754e3f732c761",1
"b51e1c2f33b019fe482e13e0874af87c",1
"b51f9e2d085797cb1df4b130a42ef511",1
"b53960b4760c587802fd3597d4eb0b55",1
"b540283d4fabb3fc443cb894a57e2ca8",4
"b54b96acb666deb802f513fc1f57bc6b",1
"b54c9da6509c83229f71619cddc32596",1
"b558ca5a7d14f9c7d5d70dc8fd9b81c6",1
"b5599be36cbecce6195488bbfccbb7ad",6
"b55bb4c8fbfb16499a3da935731bc6be",1
"b5665727c1da03361f16e1569d5f7ec9",1
"b568749663e5464ad5d654dc7a7a0a20",1
"b568b0e9fec2ffd37842dc39474ad4ad",4
"b56eae74fb2e928597dfc789942477b9",1
"b578f940ea445d9d9be2e63d36b1c46a",1
"b57bcee2f4e9d82941219d8f70740b2d",1
"b57bd07eaee531fbf8b78564e3220582",1
"b57f306e7fd6e36dee1eb33273e600b5",1
"b58302ff9b04374d95cdccea9f0f9dc3",3
"b58ba5984269b6a6b77108daf4ed802e",1
"b591c50a5f85205514a88693d64160eb",1
"b5937457f2caff0b01a1f35fc7f83ac2",5
"b59a2e5fff111b958a7ce076e921d6ca",6
"b59e7539288f29099b26eaf599b52dc2",1
"b5a474adc14332669b4f640e0b9ed2fe",1
"b5a730da2d7d914451cc1dd0d1456540",6
"b5c1cdb431af887c5652e397d7ecb4a5",6
"b5c5931d2bfa3b473b0f4d6fbd75c53e",1
"b5dfbc576c38372f8aa4e99737835f05",1
"b5eed470f9e876fb0619546612828aeb",1
"b5f277c3580ba526c6ee35d885cfd61f",1
"b5fac170e09c5930ed3df8e5f2498d97",1
"b5fc3d32fce0ab4e04e8ac76c8f70fa9",6
"b604928d5aed4126a032c73635293bbf",1
"b60feeae090982f80189722989c702ac",1
"b61ded768db03ec4e9a3ec37687c3992",6
"b62e000070186bb22e88dfe7b060d400",1
"b633f461de4ad81922038fa852fc155f",1
"b63eddb2f60dca297cf50f915eaab900",4
"b647cc01b24d7a827da95d9c401b5edb",1
"b64d0e31e00192b04441fc65dd67eac8",1
"b65dd4828c434f3c34fb91e662de3237",4
"b65ef3468213df547d1f73a4dce184bc",5
"b65f82ff72c0b86e5d31a27f29bcddb6",1
"b66ca1aa57c4865395a72f133895bcbf",6
"b66fde48f48abfb6ac4eddf28d74a2cc",1
"b6777493282d6381cdc22b8ab3076aaf",2
"b686c3867ffc91e343b68f7213bfef4b",6
"b68c4df848d1f0ecc770652ef0e2ab02",6
"b691fcae70c58732365fa7120db95ee4",1
"b692597954cf61a69c3a8d1b67cd2589",1
"b6929f6f38ddfe9bd7f6e42499d1dc8a",1
"b697698d3402441fe4b2a45740954299",1
"b69ad7dc63539151477bec93dde00528",1
"b6a3f402737822e351b1fb3fc5ef3a7d",6
"b6ae04aafa09314333567f6ac5493d5c",5
"b6b08bd7d9386f4e95976b56faa48113",4
"b6b09123457a62d7c4d6de446d486cb4",1
"b6bd5af302f0c72fab5053ab51cefd94",1
"b6c36ab7fb1738801c75966a0c0925bf",1
"b6cacccd153a58e65a8471d78e947063",6
"b6cdfb93cac552d2ea5d3e663898c8aa",1
"b6d3651f6bcea9482d1799f7eb2aa84b",6
"b6dab1ab912964d53cc9d23d8c729c4c",1
"b6f2d460f783b477e937cd1aec67739d",1
"b70c06303b038938c8c46882176d2aba",1
"b70c53ec2175c10853934d8526c19b76",1
"b719f09167809316d95dd4dbcdadd6a9",6
"b71f994083048d5988d4a76a10f37ebb",1
"b72205133bdbf2ca5874bd023475f3b5",6
"b727ebd059a47b412ae704fe68b0ad56",1
"b733e6b1828a831d919bcc8acc51b7d7",5
"b74aad0f8bedbd362bdb31c8a92f7d0c",1
"b74cd14d2b8a828582ae39345651c39f",6
"b7659d0ab451ae4349cabce5f634ba8e",4
"b768e880e23d6f0cb04a0b9dd4c23246",1
"b76d063fc0f4c476f231bd20395b0526",1
"b76d782dae60f5499dc56203b2b1bd55",1
"b78db988bfc794dca20ced730fd39913",1
"b78eed09cd91a0ea61cc41533c5d399d",6
"b79f9d0898dbf1687791b937123ea6fe",1
"b7a17d046e7de56a954576fee2fdec50",6
"b7aa85b3dd3d9f2b95a2e7038c9be7f5",1
"b7cf085abc44d728a631148c02267ed0",6
"b7d411a761f1429f289d1ecf6ff95c60",4
"b7d6a37d7d7d8282293fa92fbaa5e8e2",1
"b7db2bd293aa44656a0d04224be29f10",1
"b7dea8cfc403a5d6e19aab2f95aee1d4",1
"b7def7fd0c56c0d80421594392995c28",1
"b7dfb9a1bcfd97efc9bfe6fb7e87cc0d",1
"b7f7ca5127033df271362b728ca64f71",1
"b7fff447b4923063eadf11e9eb1e65fe",1
"b814199346e6c1771ef20f9d82a2a60b",1
"b8189dd1b66c19e9ed1e5a91745082b0",1
"b81de364f8e7506abe71c3abf7a27f44",1
"b8263818c1cfe1fd9bb16a59dd60aba1",1
"b82ff5b924448d2f729bf9e7b1aa21fb",1
"b833dbc08dafeb833bdf6ec74e017a3a",1
"b83b1b490144e059e1c451c1b3cffb6f",6
"b84baf018128986b3a10360791e27698",1
"b84c51b092a87a8e32bed6610f02bd7c",1
"b84e10744fd4d4d5580160edfe0d75e5",6
"b85a8cf57029451fe4019a7047a7c2fc",1
"b85c9d976dbda43a6e61bac007d23d70",1
"b862747eedb0e2f83908c47f9f11d8a8",6
"b86ee5dbe8791cd44d05bfb92299e85b",6
"b871f0514fde28452399a136b052a8c5",2
"b875157db515632e0a45c266950819c5",1
"b87772f3e658c350b98af64897529543",1
"b8827175626da3edb39d43c56afa4ea8",1
"b88723577ac1adac3426a58eef87419f",1
"b889516b03ae0ada93a8102aff8b0666",1
"b894fe2573c1579fc4a142b3d9209aa3",1
"b8960b7c3e96003a83aee9610e3a2bb3",6
"b8972671631ac0877ab4a61ca15e8b93",2
"b89797939fcf1825f40db478c77517b9",1
"b898ac910169bf29c24bad981be804db",1
"b8a0999acd127d27dc28c4ba09bd689f",1
"b8a9f1e3e14d10ab6ae0c6f7e4db4ee3",1
"b8aab1beea32afe7c12f582d5fc6b726",1
"b8abca6e89f9e524042b6721007d70f5",1
"b8ae26c51f2139992887d4c33fc808c2",6
"b8bc04de539417c78f4aae4aebc5ab62",6
"b8bc6d24bb23c191be8ef234e46f64a2",1
"b8bd69022a168404cf28a46caef5463e",6
"b8c96c79051b7a7993d33d4f74138b06",6
"b8ca4b4439d221e2502348f1bb83c929",1
"b8cde3a3bec0dca14a53a9a24c3635fa",1
"b8ce607bb52628bee0e04cb116b2809b",1
"b8d5b7525b21d9b31f9f440782e6f39a",6
"b8da5f1ee96e7555a75cbc605dd4d71e",1
"b8e90e4287ac1eff26e41e41ce9e7e6c",1
"b8eff9766af64756fb1bf84e24435315",4
"b8f26df965f98ceaf0eef4640e0fce36",1
"b8f730ece0d0701d9cd87afa1c874cd1",6
"b8fac5a778524322acebf6c6e165c7bf",1
"b8fbfa3d87f85815164f69fa8234026f",1
"b8fdd1ec1974bbd9aed27c92f95d2896",1
"b8feaf39667b7efd581e94c9f316daf6",1
"b8feca34a504b250d3e6a190354eed95",1
"b90c19c15c46d36e0349bdc9bb95f456",6
"b90d9d364687db00b32f7f3c1d47a322",2
"b9145adb355cbf98c22610c3b543a422",1
"b91543d52dcd3d681957a63457e93530",5
"b92aadb10d090d234faffa4767a8019e",5
"b92df0640b0920903f7bd4012ac9a845",1
"b939fb170becb888282bc090ea4708cb",1
"b940d5207a7ecbe2b40e09b254448fd3",1
"b942702b9d2bd28671e94cb93f4b7e03",6
"b95ae1a365b8fa050e0bc94fa669db71",4
"b9600a2e7de588f5c71fd0e194f46bcb",1
"b96725147e670ad48e65f6ee9b400c87",6
"b977e10626626b503db2129fab5e3a35",1
"b979ab2b062875d2c6be612640c790a5",6
"b97b67210384768d21c0eb3e7bb44202",1
"b97e2ad7f7a115eb7280b485b757ccff",1
"b9891a63ecefd065cc118791df87de81",6
"b99838055bc2ff5fcefba9e0abdb36b2",5
"b99ee37c9c846e3f178152f1cee234b8",6
"b99f19824399d19716b087bc2af359ed",1
"b9a931a21e2b5e1eca55c4bb9554ebeb",5
"b9c267923a053dc0ffe2122047403140",1
"b9c75842eac9ff942cb252b0c1bf76f9",1
"b9d23a1a9d519fcf93cabb0d5aba1a7f",1
"b9d46f7e6373093130c32ca4c1cede45",1
"b9df2512be473b1f94d18e703f3fa779",1
"ba04604462f9e9f68cb4f29effb0a9b0",1
"ba0bf88d0402d31b322bb1ce7e054604",6
"ba2028f6ac14e6c51d849b272ffbcc01",1
"ba30477302b9bc319cf3fb31987330c3",5
"ba3495bb5d1fee3220be17b481e0e892",5
"ba431a1e72e161bc88c5cac81bf98ee8",1
"ba43a3b46359d0d4d632e01b37d8e674",1
"ba4a95e63233bf4fbf3c618a84f96134",6
"ba4d4a9dcbd45f76f762c4722e9eae9d",1
"ba655ada0b3da7af5664d34bb6bd3201",4
"ba6b2082d4672cfc63b29746c0c30df2",1
"ba6d41654cfac2476c193cfe8ac64d4a",1
"ba6f01ac42896a091f35d8a3c32f5d77",1
"ba8320ff4b0622cd7382fe9d8a07e86f",1
"ba999a83dcec7cf4d9162935f5179541",1
"baacce4ad8c14f3504c7128df3f2a201",1
"bab832469fa030ed847c60e29c65ceed",1
"bac3b4f6e0779857835f24473313189d",6
"bacb9ecc1d63041ca7d19031264a454f",1
"bacda189cded96d5f60107ab71a066da",1
"bad2499fecde67f24a20b54dc47bd737",1
"badc198f15d873c453b84a026e27d6ea",6
"badf6f3532c9b47acec753f4f5d732db",1
"bae0594da4c372ff1d4308c58021f04a",1
"baf44b9dda497ee32c24d863ac1a4519",1
"baf601c79e7314d0a6d930ce2115786c",1
"bafc3fa3ec2b3d7080b89a315ba32837",1
"bb0707df1bc32e6f8f777c28f9c1f956",1
"bb0d8f73c1f2eaa16c13148aad459364",1
"bb11db4b718710e5a11ce91b78758e68",5
"bb175569ba9fca1dbee4536b6e38fb54",2
"bb1d0cd832c940478b5c66f953c610c1",6
"bb20be3bbbe0c27bbea30997f742d954",6
"bb2165b354ea38f89d401882413a12e0",1
"bb228c4f4aea841ba6155a94bbd3f033",2
"bb37f29068279691518ba021327887c8",1
"bb3b77857bee5e1f716c084abcd1bf2b",1
"bb4495de8a076e68d0d0ad6db486b25f",1
"bb4b8684df4014983f1454bb02f6f714",3
"bb4f6b5ad5111104dfeddff1d5107a73",6
"bb64a95b8b23bd25469315a7f75048c1",1
"bb6860394bb38d407aca223d5ffd0a0c",1
"bb6c139f6f4188e613c861a8bb40173d",3
"bb80af47306bc2fb2cbf3d43a8f351f1",5
"bb8a8b5885c83bfed3a84f11360ee66c",3
"bb9b4a2bb0a020e492adc18465417f4c",1
"bba1eaac15c0b087ac3ad78713ec1770",1
"bba1f2777e1afb66a21d9a166d890de5",1
"bba68a91e440a0922a8d1c067f9a5634",6
"bba758e849ab0706adb384915bd81d70",1
"bba7eaa9d7cd734c1976500e8797e6d0",1
"bbaa1f0084c612f135fa00a4c95de616",1
"bbacb5da14b5099b89b0aa8cfe97d199",1
"bbb6adc8404f79dd38e2c735eb0fbf80",1
"bbba45ccb4474553d29d7c0f6e99867b",1
"bbbe4b37cf3df8795f051a4c21eea70d",1
"bbc0852d212f388761261cd1bca03f42",1
"bbc34e354c32336637608527ab0634d9",1
"bbd6b63a1851c7c473ecb122caffd655",1
"bbd720f86ec4f88b8f9d1fc52d604e64",1
"bbd9b65c9a1d0404513e001184d23772",1
"bbe6ce857dae365603f8f5bd28d9d819",2
"bbee605755bec11817f329794ba6015f",1
"bbf401b3dc751732a91b676026b22b99",1
"bc066818924d910645b828155c3f4587",5
"bc196edbdae0a5ccaf081e7053be8579",1
"bc1f650bb8b901fd0fdb9224ba91dedc",1
"bc28566a176bf34794df45761d4df68c",6
"bc288ad01759813273a0baebb73e4ec7",1
"bc2de8f232052668e68bcc80deed1910",1
"bc348a53d37be1d338bda25461e42854",1
"bc3ac8d3d0eddcafc57753be4d526b63",1
"bc4e6b76e57b62d016514ed6856cfff3",1
"bc5337b50d424471424e0922872b7d6a",6
"bc535b8f0c0c1525acaa8b55f6d495be",1
"bc53cb58e63b24b29bb19a4f070171e3",1
"bc5e33ab4b306d2f28121dc2b2fff283",1
"bc5f93e23289ee3fab618ce381288e86",1
"bc69e0da946c80563c241e10f2455212",1
"bc7251b6fdedcb7b3024502378c60a99",1
"bc753c325755eda99e6701e33f00e11a",1
"bc7cab7ca5541cdb86ca1441c1feb56d",1
"bc855f1c2a985918252da8d8caa3508c",1
"bc8fa7f1b6c4a7f1bb1e4727d2e1a733",5
"bc926a54738839dd3a9f374b969ae61a",1
"bc97cee3da5731b424ef7b6f62e6346e",1
"bc9dca03922508065d1e06baf26f22c6",1
"bca443a3fd08491abb19941104873f16",1
"bca5b2ad38bba0d13be66a6f5debe7e4",4
"bcab5c2843eda4949c91ae9b8be5e345",1
"bcb787d126d39c76ef683a6106027a81",1
"bcb79e17633d984af9839a871dcde184",1
"bcbd65b6875b1c9cca32fa7dc7bfdc2f",6
"bcbe544eaac5c93bceb907047dc723db",6
"bcc6129a4c58c2da8a8486660b85f7c7",1
"bcc8f1d09c769d49d7fdb68b84e666f3",3
"bcccb6dd22c831715d25d96fd5af56ec",6
"bcd1db15492fd69d980ede0bedb9678f",6
"bcd79dcede69dde3faf40d9c843eb913",6
"bcdafa808433092a0ab631b365f6fefa",1
"bce7dfc89be92da904acd0ba75a0e29e",1
"bceb50fb63b0ba6093d3c4af43f57417",6
"bcf89d0c15f4cb175a61005475119c26",1
"bcfacb775599662165253273f5a366f3",1
"bcfb48b93b518eabae210f97bfc78652",1
"bd02ecb64e7606fce2c8156bed3b955a",1
"bd0551f388d34c5610321a40c1e9504a",6
"bd06d50b7e88dadff197bef31a5df141",5
"bd194a61baaeb7d89d553121b0ab31ef",1
"bd300e08b68898d9246aa80891a6d6cb",1
"bd39d9b0cb727f00079659c0f07164ed",1
"bd429b727d5c765ae953bf1ec79506aa",1
"bd4be4e5feec2ae510c4090f2581ab49",1
"bd4fe08e419e21713362502d587c573f",1
"bd528d5ca4e56015938dee2bb27ac3bf",2
"bd5556690b39974ddaa13c52b6ef4605",1
"bd5845236b7a634d4946142012b5d8b8",1
"bd59b62a7c3b756ccbb468d0cef05fb7",1
"bd67d6f40112d02891f20bc2360788f6",5
"bd70f1b463d8e31b592f366862dccf9e",5
"bd8096f16df4d00a3acc0f521cfff2d6",1
"bd880c664691d00710858828a4fbf99f",1
"bd8ad89da4b4c86cb0a4d5cab06d592a",1
"bd8d60a7e332e634bd32a0900e316904",1
"bd961db177285ac85f2291ea428247b4",1
"bd96d461c91eb765ff5a621272698087",1
"bdb76b114b41c2dfe37e4640ce9e0dcb",3
"bdbac91441971f43ea6f905baf736ab8",1
"bdbbe900187a6c327f014374313ce1e5",1
"bdbea8b97250bb590b95bf1a77bf7c35",1
"bdd2b47179a204e8c53904dc70542470",1
"bdeee4283848e66c1247680ca83515de",1
"bdeef16e5398eafff679470bf74c22b4",2
"bdf4b87de272ea680bca30531e976925",4
"be0952efbe84fe008dc2fb5830f3a50a",1
"be1359461c4c243fb9167d00e3497773",6
"be1ba7814710356a97df33a3d2008246",1
"be209077166754967523c5c1dd84250b",1
"be26b415919f8563002ad0c3f98d1915",1
"be2dc38cd475a7921033856adb40f2f6",6
"be3042074ba94d23e0d6b0359daac0f0",1
"be3d4e012f5c957953cf6b0a28007bda",1
"be447d83cbd8b7f9e3acf231398de37c",1
"be603d31f96bcdaeb9311ccddf1bbf70",1
"be63c8077b6f7cdb5bf1ccdfca11ad90",1
"be6a89aa9b74b8332fdf1e53999047ef",1
"be7babfcfbe843a2652a38053b103ed7",1
"be821fa87642d0a89f2b9f2322b7828c",5
"be932b2c949d999bb1e9733312e5ea64",6
"be95de4bcd194110768ad3e17aa645af",4
"be98af6dcb5d5cd1c8ecbe133692aea4",1
"bea42d49567110f54f2106c611c49e0e",6
"bea560896a2ed6a1deff38a29129e22c",1
"beaa79bca856c9db88cb86eb985cd62c",1
"beac84cdaa507bd4308bdf6b8b19b0ee",1
"beadbd915bde14052e7176a963e88fc3",1
"beb87728d2be84126567dafbb9e0b7dc",1
"bebc0025bc5158d4c135872bc5a06fb7",1
"bebcb52996d01f81986563753d0cd3c4",6
"bebf3fdad75a369263501440dea0ee5e",1
"bec4f9b199b866292c17b25a25bf4b14",1
"beca9b448ff5a8c4bc941734c83f5bb8",5
"becab206c8246e1cc1da19098e21c249",1
"becb5cd1e961194f8783943495d7001c",1
"bed02335699e66bbfdef8cb01c64ce13",1
"bed5d48cd9adbbf52829fff3422c7f85",3
"bed6b788097009d5d9d2c61607c6f6af",1
"beda7adb7960402af7837be2d7c6ef98",1
"beddda35fe6e429444297eaeff32fd4d",1
"bee30e94c12806280e8913784581291a",1
"bee53114ba2c11b9089f5aeb5669dd6e",6
"bee61c04a599a5f2b89bb7f9dc7503a3",1
"bee688f236092e41d96ae73b15a5ab12",1
"bee73db151dcd5ef4b8c0f0b2afe3ef2",4
"bef1d7ea41d1ff77cafed64489c0ea91",6
"befdf74c4ed863a88f3abcc7a1a7c02a",1
"bf06e5822c5d21b5db6e2d044c3218b4",6
"bf1605fd309b7799204c18b721396884",1
"bf1c9c46f34e6b8af4760bea9200c8fe",1
"bf1e5e2742e017e09df54bed9142d993",1
"bf3cbe4cfcc2041699e01dc86c644204",1
"bf3d11a0223b2894300e1087819fe761",1
"bf3e7e870a088c16b2e9a17f0d95d9df",6
"bf40856c9fa513f329397322ff3cdf3e",6
"bf48658f7f6f5482c5a64d9f734250e2",1
"bf50e98b7dfaed619663dd55b01f296e",1
"bf52f4f102b15861884590be5a72248e",1
"bf5639a07522152bd9b4217a1097c230",1
"bf5edde0dba6b42ca8ba3c7bc3d934fc",6
"bf670ab048f16d6077c4d8678799b6b6",4
"bf731264219cb86d2cc7dff6dfbf3cb2",2
"bf75788aa1f10f3a5a43de1109837801",1
"bf8cf65e74e58e3428c08bb1978fb30c",1
"bf8f184107a19d7ece4d0201e357f150",1
"bfa3c0f2a967d5f17c024e87b246b747",5
"bfab2722039cc24e595fa244876e4fa0",1
"bfabe003f2abf4922e3ae259c95dd0be",1
"bfb51e4e117ba302448d0c00eaec707e",3
"bfb64a369ff99a5221c3d4f39f2503e4",6
"bfb6778c6c05f0f87b4bc511becfbed4",1
"bfb7fab4114a977444e3dfff59f38dd6",4
"bfb8d7841542c1a42b42ced0daeb6fa2",1
"bfbc176478293191ca758bfe722e1d07",6
"bfbf718506f0cf1c4f45b75bbad8d288",1
"bfcf4fa5f2a3fab1a4c3e333e280e1ae",1
"bfd3fc976fb62474b27adbf880ccf9d0",1
"bfd6513649020a0fb2d38fe2666af511",1
"bfdcafe899eba3d570d3e80978f18239",1
"bfdeffd6d065aee7f5beace4e49e0efe",1
"bfdff805c1404f4ab89c02398262c5c2",1
"bff5264e3459aea013f05f71312a0a1d",1
"bff5f8f95fc35209ee6961e11cd3736a",3
"bff9a9cdae553ea2dabaaac0a4b30f22",2
"c000536d107901328b410261c2653708",3
"c004a9e2136ee480261dba007a7068dc",1
"c005b728342772756901c436981c0c10",1
"c006caa3f0ea983827b38231bb5dc3a6",1
"c008bb44428e385fb8594b3883b3297f",1
"c00dd9b635f72b6170e9080d1afdb6e1",6
"c012aa31d53f2d48a26be771c1a28828",1
"c01398c83cdfcd4eedb8a3262ca618d0",1
"c0173975923f3f887b32e71c3742c917",1
"c017b8bc08ab694389a2e6f20e67dd2f",6
"c02314c84e6e2f141ff2c278129217b6",1
"c02c8417e9ce8ea2a31c6b87ad5b4d63",1
"c03297db609b0235a00e4d9f514d1f68",6
"c0362ceb4f179c20aa125540320beb14",1
"c038f48e65569829a617f49b617431d4",1
"c0390050ad6f60aa9b5157a9616960a3",1
"c056816091a6126b7262721e1b66a09a",1
"c05f23778f9bbc41244deca69381e49b",1
"c06304fad6856b7d560a412d5ec4f624",1
"c06b02028c506633e368d878f0233d1f",1
"c06b1a79d6d7bab65360d0f8160ea656",1
"c073f6fcdb93b9177b563187b335a75f",1
"c07ccb8c99d69b091b7fb6fb0c49b4c5",6
"c07d1e57b733a8a7cc6685186b433226",1
"c08b3140952d0180c75d989fc05b51d2",1
"c08d865e62837bbb89f575f0e6baa3fa",1
"c091c69979407d0db76616cee4db3e7f",6
"c094958e347601803fa51d88a2d151fd",1
"c096d3d21ea99e821729db31666a579b",1
"c0adddd83ca2b8c1c69cc5159aaff93d",2
"c0af47fbbaad9f15a2dfa6db958f1430",6
"c0b420f3704faae8ba50ec442bd362d7",1
"c0b89014d1cf317a23ff0d1c8ebcb11e",1
"c0d73234089dfbe6855c01268d04e735",4
"c0d840530f73b91514c7136cc0021a85",1
"c0dcc2498bf9ebdefde3273158489222",1
"c0e81cc766cae6dcd162e6b78fda4720",6
"c0edeb3684b207bfea2dde2a6c44b4b6",1
"c0f362e9c8feb41abc17979312d480fa",1
"c0f6e4e4cf10b1d8c9393f7e139ec021",5
"c10c0d005f6305652edeb7b5c224bd28",2
"c118fdc0e8a83710935e8d7f71b04d04",1
"c1192d21948c6ea2fdca0bd280072123",1
"c11e2da9086002fa28e01dc291f55247",1
"c1298fa8802e7b8dcced80ab91f77208",1
"c135e575a4a3dd2f535ce4bbcd09e229",1
"c13f5bf8369f518720762d03d0e0618e",1
"c149f8d4e2840d68330e612dc0fb38dc",1
"c14a3c15a68ffce252489b2c383756ca",5
"c14a5e51edbb2b9468afb26973fafd82",1
"c14ec4dec6345962171f2eea310659b6",1
"c14f585fe598374c56c33ef703a1ffc7",1
"c151bf9ad4f0d848cc5c8b38f9bbcb09",1
"c15f4ae5fa82269b4fc3a3d931825ff3",5
"c1616acc3ec6038e77d9ff1a668ac27e",1
"c1617df3d74c087d6c244f07456fff90",6
"c17c014d758286d5f04d46f1ca706263",6
"c180896d0f5d2a4e68ef0ca243de700b",1
"c1824b11e2de269e849b909a3869f835",1
"c1840b63a30b4b2bc3ef8db29ff54634",6
"c186c936e8827469e56264e8c11ff727",1
"c18feda14f93e7ea47ed103de1a8ff54",1
"c1a082a1cc7d9016121e151fed14d9c9",1
"c1a136d6034c389192869e3f6f5d7453",6
"c1a250a441e5e11bcfc74b91f16ea18c",5
"c1a3f01636cdce75461576eb4aaee155",1
"c1b0834e031b6a2949df444a872eb745",1
"c1b22d77616c1c63025d7a873e2ab8fa",1
"c1b6c08bd4ef6012b7b45e68aec1e273",1
"c1b8cb99feba25dfcf61c2eeafdf1420",1
"c1c1f466ff2f328afddf2a5acc5dc6f4",5
"c1d58b60ccfde860966d21fe0c019406",4
"c1efdc28c30e2450df3407346f0a1f86",6
"c1fd8e9844eda1fda0bd0a9c01f34fb3",1
"c1fe317b1e9a6ed8e02b9ee305a19bba",6
"c2034be49ce40ea2064dc39c3f972659",1
"c20431b810a210104b9fde79506d2be2",4
"c209d02f20622cd91f64b0f3f98160fc",6
"c20fb3b69769143f1b54d5c61ddc6d51",1
"c2115610cbfe25a0e8ee2099aa21e2d3",1
"c214b4ec77ed10052f78fe766ec3a7f2",1
"c216153ef5d26194317aecf2090eb46d",1
"c218e1cf204327fb67eab5edf7ad138a",1
"c21a28aa46d91b17d13ffee6076ead77",1
"c21f5132d58525acc39e085322c938c1",1
"c221d3a89d2b46971e3b4e0ba95ac479",1
"c225b5bb178ba025ff17d9a022c277b4",1
"c2264fcf13888085efaa439b18c086de",1
"c22ee60d932cfc6500b7700013a5b1be",1
"c233bb58e51df6f704511ed6cce9b6ec",1
"c2435ddcee98f458194cd73934a98d9e",1
"c2458b4507f28ceb9d951e62fa544fb1",3
"c2494896533e1203f18d218f932e0641",1
"c24a800e00bc7446b08ae44b8c85df79",1
"c2596eda0f37870aa04ba27e9383dd8c",2
"c25f5268c88c9ed22afa6f937208e115",6
"c263b3daa7095bd46f0982f0449bdfee",6
"c266ff58f417f25cee8a06f794b6c261",1
"c26806095cab8b20ddee6cd40614a8f5",2
"c26cdefeffd7deb42d503ea391c0610e",1
"c27085c4c40539767a8c12bf46291609",1
"c276572902f932641eb5f6f023ad997e",1
"c2775c074ce91ed5eead1c6f85f5d38b",1
"c27e413578036e4c6f4c43e13b95bc88",1
"c28fe8ca13f0247050e94e142445a218",1
"c2985cd394f7b48fb5afb6cc3b7c6f37",1
"c29878a60ee66a428274fea63500b0f8",3
"c29eeabe086ba6a8658f85d486e6d14d",6
"c2a3efda0dc1c05abd6cf6f7099b7440",1
"c2bbbab8617ea5193655cade4c26fd23",5
"c2be0f9e45f0068ddac5e21311bdf1a5",1
"c2bef5303585c09db8bdad5703e1d155",1
"c2c5ad3e7639033e9ced0d72ca81213e",1
"c2c82cc0d53f9758e973ed8d2fe18c72",1
"c2ca6152600bdcb1021907dae87ba375",1
"c2cae905c24ddfdf859028ea6a93c8e1",1
"c2e031fcc4f26372fd4597d56758ae67",1
"c2e20d9c5d104c7529adfdf33a3adf62",1
"c2e3df70dd00aed8a59d1f7a462f5cb3",1
"c2e4985175e3bc4d851d07cd9ee8c0fb",1
"c2e9f20b1146da63b4bed64a2345c82c",1
"c31d44a8ef245d9c5799cc3163cfca42",6
"c324f101969e9c4123fb5da2cbe0ab38",3
"c3357eeeabad97dea04d8b857e65f0d1",1
"c33713f888801ecfd88fdc893266788f",1
"c3380fd55a7204e3cffcedd14f947553",1
"c33a444d4d8760b82850d13afe419c4c",6
"c33cdedd0808e7424596e1772c169031",6
"c3422eb214d6a21524d1e0006d0e7a8f",1
"c3470f238294f3750778aadaa36329f3",1
"c347aaad7e26f0429e98293b2a4ee3cc",1
"c3496d2e404b841d57777f4c08ed86fe",6
"c34be96ac1e077ac04a37c59cd3677c3",1
"c36100843c61d507c14b0a85e58ff6f8",6
"c36cd5ccb0e7c1dd2e28f6dee5a3bc1c",1
"c36eaac97cea60b2c7e31944c54c356c",6
"c36f48f255c493d60b95cbb870d19250",6
"c3703fdbb84c7a0612e9f2e2d47de6c5",1
"c372a16fa453fbf7a59d6fd7e58419f2",1
"c37c5a1af19fa4583f102f4fdad2c3b7",5
"c385ac2b91dcd65190644056dc430e1d",1
"c391e9d327d503714e88d2034b221a4c",6
"c39597377f0fafe9864dac71fe58ed80",1
"c39aab1a009071f0d1567910335dddfd",5
"c3ac177f7b4787c8a842e49d9eae1505",1
"c3b1731160c09ba9d18294fc955b4069",1
"c3b226323d3dbe6a6f887a9f49b5bc4a",1
"c3b5b17f64df6ea8501ac96d711e0732",5
"c3ba6f9f840c1404a20106e5a1fbd0ed",1
"c3bbc91aa4a8979145496e7fba4fb0d5",5
"c3d5744e880ce66ddc7c2ef73b029680",1
"c3e4813582906d2f16c120d724ea5010",1
"c3eae1b70df872bc5db04ce3d227f9c3",1
"c3f317bc46de52e666349871cb7ca841",1
"c3f8e2e9537aac57ee108f711229198b",4
"c40141eb32e1c81419b6f3eb1b793804",1
"c409d4e0186f6c5e823eadb5b4b3a24b",1
"c419d0c07ac3ece4753a53a4c4f3b4a1",1
"c41a01f6033094efe8dd9dc5f1bb0c75",1
"c41cb25ce2a1e90ce830241ae4ea2a58",6
"c41fb7123c69ba9b439b1206c8b2e8aa",1
"c42b0ae6182bfdf57af65e412c13bd5b",1
"c42ba9e2ead2fe9a23797dba5c6943b1",1
"c42e3b2ffc8fbdcc8dc8bd2d41e9fdcf",1
"c42eaf09a8d172c50fbd9a9542f0b55c",4
"c431038546957b4bc8b98a557afc2c34",1
"c4335ad229f6b36e60917261ed3281fd",1
"c4345039ba1c93c0c685e609538604fa",1
"c443e842a77ffb8a17848c895556a51c",3
"c45a4f2154f31c4c7dc9ea877352cf68",1
"c4605302e108a31dc65169d4b0cb3673",1
"c4616bda72ff376048ad04afcae37793",4
"c46baedf2fa178ddd2510ea7b4b7dd94",6
"c46c225a3193307c8cdad23da54288af",1
"c478facd09a905e573dba9dfa66c762c",1
"c488cf411c50573cf14c9724f0bdb03e",1
"c48e5a838292a5ad3ed6c67bf800b348",6
"c49207818314ef770024cc105c5c7295",6
"c4929f235e3510783fee31fffff1b6e2",1
"c4933610234e38648f52a598a9b0ff81",1
"c49b18196a075d6b61535fd7d44ba2a0",1
"c49b86c1759041ec2342c44f884c8e7f",3
"c4a632ec343d6895d3818b9d0e764e0c",1
"c4aae7072bd78694c37e4f9eea0d6b5c",1
"c4ab9d3e58cc1cc7e1ade774089065e3",6
"c4ac17133324d80f9bd994bc5a48af8c",1
"c4b114470525e1db1b7a04d554ca4957",1
"c4b964b81c1d7b9b3076f4d64a5b8539",4
"c4baeb5465ead7d3c515fc2f389089b2",6
"c4bc7ed4c3dc14e3609cd2fac76cb072",1
"c4d024a011dcdeb5e5682da4d5595238",1
"c4da672b112e290149c2f89d508e6513",1
"c4db1a7b29fd8b76b3b0c65ef74a5ae5",1
"c4f15c7cfab6e0a663faf3f07be0c7a7",1
"c503150bb88f44176d0fc0a712409d7c",5
"c50e48287edca2e03229fa63652227d8",4
"c5100e1ba064341a2cb49061ab18bd71",1
"c5150466920701f0598d5df01a1afc3e",1
"c5175bf602be4fdc8ab28493660e8087",4
"c52406da95db4b899f8b0c244431d286",6
"c524e404236606dd1fea73f8607c43d1",1
"c52dae45fc25a35c197a793ef00283fe",1
"c53803429984c70dc756766f79da5989",1
"c549e82690863226c7f6e590ec4b1eb2",1
"c54d2d52948e12fc6cb526108a158602",1
"c54da137e717ba8f7c7f0a60dab39c51",6
"c552ebcfcf16d2305976f2642498453c",4
"c55edb2bd012adc9780af2938b37d7c6",1
"c5682be1287b102b6af14c212100167f",6
"c56888f91ff761d70cff9b8b36d6460e",1
"c569a51ae1ce5b1d1d64d8a95b1690fe",6
"c56d39b2fc55f728b007ad6b6a9a3e3b",1
"c56ffc4c93aea0dee4a76aff309b0334",1
"c584e326430662fa86bf457e4e12f931",1
"c58b6a0ce78e6631db35783987fdaeda",1
"c58e89fa3041ff91397d0cfff26494f0",1
"c5a54a451528db52114f0302f76bfff3",5
"c5a6ba28ac71b963bf0015e55a0c4a9c",1
"c5a9690419fa5321e5d4807a0934bbdc",6
"c5ab0cc2ae6f8cc96d461a2c0e6835df",6
"c5b537f4bac64ffc997df65be324664b",6
"c5b581a7eff8bf951d80fe8899f46486",1
"c5ba7ad98d5c46b6a58f0549aae2eadb",1
"c5bdc2f3b7b26f8b79bc96f9fc956453",6
"c5beb57759339ee8d5395a1689f47e7f",1
"c5cc330cf61c22379a38570429613743",6
"c5d0f3e932beba68a17f92ba952a0a25",4
"c5d16e86adc01bd963f3f700d178197c",1
"c5e5af6e66fbc8c905c1225e89829221",1
"c5efe53d4785895237346a6d0864439b",3
"c5ffc2021317ed56e3a08bf258ca7486",1
"c6072004c87b5ccd5901aee55688e9e1",6
"c60ec4e2eae68b3160d2d2f972de7427",1
"c611401b788920148f91ee42e2b97803",1
"c61ce55210fd43154c2246683ec616f0",1
"c61d2b3bbe9245f73a1df24bbe247342",1
"c61d879707a10a62ecd130bc45339df3",1
"c6272c441f9d0e578cd244523edeecec",1
"c6277b5f7bfb901f5b14cebc794c7b6d",1
"c62d306ff4cea1396d90d72dd6af96fa",1
"c62d4205b56243ac567a7ed7a0d499b8",6
"c62e0843b4453891b42426ce4d1b2d05",1
"c62e5fc9d83fea3e59ddd67f8c8929b6",1
"c632d793cebcf3a4e171e81b0445cf2e",5
"c645258764c116f4c81eb6b2ddc25537",1
"c64cd608fdd1e7f81a2ed6d7f8b3ac90",1
"c64cfc7eeb50e274a75f8d21ae418bd4",6
"c65761022f0d56d2e907fed8867c8500",1
"c65b339b95fdbd4bf0e7530243ff3b55",4
"c666eb302ce7b976af9e7638e948c0b2",5
"c67835710a6ccaaba8633138cc622ff1",1
"c67c25a0271211316c1aa920f4c0c577",1
"c67c76691f48150ff8194f238adb8885",1
"c67fa4b8f34b4e91c6d08fbc41f237be",1
"c68920fad4bedc56c1d8722449f33f9a",1
"c6923ab153575b164164cffcb0ffcd69",1
"c695f44673013e3c35a74034ae2fe7f1",1
"c6967b2c35700d9c1bcb06c2990b1e60",2
"c699cb5ee4508746554799c9c35b3708",6
"c69b07a17db5b9fdc0995eea3ba481d6",1
"c69e2db649bfedbc867d6281cfb90df2",1
"c69eb2bb247d06aad845518304bfb87b",1
"c6a181e8ab58e67fd18d0e6acd8cd654",1
"c6a44623bed449df2402f54971b95ddf",1
"c6a4e44a2c45b31c37e6a0e18223b0ef",1
"c6ad2a67d50de84b1a6600ad3334f97c",6
"c6af2b5d5fb2d914800befa33dbfc7db",1
"c6b5faeff260214598b6b3c6280d576f",6
"c6b7d4b2f8b8373babee23d767a15d8c",1
"c6b919cff339d196b31f673452ebc00a",1
"c6bbd61c7abd64c4898422fac2534aa1",1
"c6bc820ab7d781fbf8502b624c051e74",1
"c6c27d89b0f890cf8fe082b4d147c3b1",1
"c6c4fef696a4dcf11cf0733ffcb4c8e1",1
"c6c7a3c577a17bd50b7a3ed403a64cea",1
"c6cd0b1744659f427138778376cc7a9c",1
"c6d0c93fbe3701011b4d1b23ff4098eb",6
"c6d55b3316c08891fc83c0617cdb9b35",1
"c6e46e377ced67eb7c6ca440a63886a9",1
"c6e954b307f6701c5b3d3a4baa8f8d2e",1
"c6f0e8bb607311ded3f1c102748a7317",1
"c6fccb9bdbe834d2ef270db37b1540b6",1
"c6fea6ebcfe9b80463b52c5018b9a8f7",1
"c7038c11c78a0d447d8882004b1b3184",1
"c70a5984e22545fb36cfd2828717a55d",1
"c714e860ffdcc1ae79d8ca8af594c4d6",1
"c7294991bdd8d2b26a257f72c2888f45",6
"c72f8ffa6c18163bd9f96605c8c1f6d1",1
"c72fc83306acc31b95dee7ea3eb073d2",1
"c7303907f6b2e18c446a4a980d748472",1
"c731eae226c6eadb94a8bdad1030c8f7",1
"c745284dbb5f862786a2efc36e4f91f4",6
"c74c88b9075ee0ca1d763c7ac73ffc15",6
"c75527b429124d43410c7db44d54d0dd",3
"c757072fa11779e1c867e952415d90ae",6
"c76462d900ac5a624d7ab9edb13a742b",1
"c7691bafa6be7e126efae88b8a3d98c2",1
"c76d809070c8476ba2dae01280b7fea1",1
"c7864d164aa7b7d36e85711845bf7620",4
"c78c80ce5f4985ebc4111f180ab346ea",5
"c78d9c96b37a3fab783546dbbd74ab7c",1
"c79a2f37007aabd7b78fc3be95b708c7",1
"c7a9fd24594be6f66007d854c3308749",1
"c7b1222c528809780a5017ee99deb60b",3
"c7b26258f63b97bca0889d0ec84e1e2f",3
"c7b70343f35baf05dd036bb3397d5a6d",1
"c7b9a327922838f1a57635af9bcaff85",1
"c7bb5ce8ccd838be16d20993e9ba168e",1
"c7bef063cab486f8f478cdb01a08e34d",1
"c7c0ad2f39c1fce74edbc20f547cd008",1
"c7ce50a5ae182c207b104902487431d4",1
"c7d4a8fc56a70e73766fdf051ccbb659",6
"c7d5eb7d772ad1ffa64e52e8281f3636",1
"c7dad08852c71e4797d8a84739599fa8",4
"c7e25495e3ebe01e92d041ec693e63eb",1
"c7ec73b1a23bdfc48017e464dba3480a",1
"c7f8f2090d0ef4b24d6f6230ecc71182",6
"c7ff681138f7cbef3aeb75479b12b71d",1
"c8003810224f43ef2d253c037bfcbd2a",1
"c80ed9dbf8af2f475f4ce651bd5deb65",6
"c811c45eeaacbf732176d80e95af54b9",1
"c812e35713755804ab8747e7ee0b6b06",1
"c81741ffa32a99ee785eb8eb10006566",1
"c81b09747a6b2233ecdbcbaaabae23dc",1
"c81fd311959afaf3e4319bb3821afd8b",5
"c82c51d981ba0c3d0b43097ce0177b9d",1
"c83ab296e72c22d958cd744c1d15fb7a",1
"c84287cc921d2256398ae301e2d23012",6
"c8476f27d4a3af341da8ea879e8753ec",4
"c84c45674b545f6d7ad9f8066f56f44a",6
"c85cf5e47c7aacd8bdb0c7ceda712b34",1
"c85e09db3514fe7e3e4902862aa8f6df",6
"c868344d33b2aabeeac0e072714647ff",2
"c87132328c91155e0eed33215dac468b",1
"c87c7ec5846bd2a5aee16dfac2bf9551",6
"c87dfd152ca99aa34a29e19d4baf9f26",6
"c8846a7cb50fa8c451ae742948804498",1
"c88f4562873d0f8d7809c75400ae157f",6
"c8977476eb4403e130746f6498139f62",2
"c8987444eeb7dff1fdf4fccd78718f86",1
"c89b05aa68e9b37fe744c5c530605a5c",1
"c89c61b9ee3183dac9675b403e929cc4",1
"c8aa2916bbe26a7715250dd69ac562dd",1
"c8abc3f8cde557e3679a3e19addcce98",1
"c8ac891e65722d0a957efb2590f77eb2",1
"c8b0a4f54f531f21b2a2caf6764df35d",1
"c8b4df005c8480ce19e0ff09deaa0a9d",5
"c8b593b2a2764d66f1fa5ec7a2269d6b",6
"c8bd606620931d0632705ecc14c6cbc1",1
"c8bec4a3d80d2a5300bae182c7841a64",6
"c8becf78cea31c9d6d8390e904522dbd",1
"c8c4a163e781c7efa3f6603b657724ac",2
"c8ca7c5790096ba501873a3b566783e8",3
"c8d38df1a63b3176622771785787ee6b",6
"c8d8ddf7547a011a36f127552c03b6a0",1
"c8e047b29ce06b8807f3ad1d09a38687",3
"c8e843a8223954542745e3875aff3ef3",1
"c8e88f9820a8f639893d639694c74561",1
"c8e9d4a7825c37bd23323599c30c065d",1
"c8eaca4dff899fcc118b5a061acc0957",1
"c8eb5de10257803d5d43d2ba7075fd3f",1
"c8f35d9ff6620919c395e1134032b756",1
"c9086a90b4fc5e22d226cfc97322c8e3",1
"c90bba62964cf677e5c6895bab0898b9",3
"c910b999e8448b746bceba1459711906",2
"c92a5c5bce7ccb814b6a55d0b393dfe3",1
"c930d0bdeff1b4a8b3d7be8708218e75",1
"c933da3d52ccb57171f372f1c84d43ab",1
"c93ea7ffb4dc68848fb23e66ba89ab47",5
"c940c164671f08168ed8fac9e2974db2",1
"c942569f95836f1d58458bda84191128",6
"c947d26d36801aa2fcd57a9341c73371",1
"c95962397644ceca97fb3a3a2c9905ed",1
"c95f200a25789d61611d631d44c7bef9",1
"c9683a4f9a743491691686616f7a31f6",5
"c96abdaeca9d5b08b201d53b3691328f",1
"c96d4460a2e1d35bf2390ea87a8af0f0",1
"c96f429d3a7b3271e359aaa55ae31036",1
"c97c421df9f5894cc21a7e164a0c6703",1
"c9848a299ea8f9cdce3e93de8dbb8d9d",1
"c98cadfee4ce351f29bf03d7bfa9b623",6
"c993749193e9f83f06e2c32d48b8b7ed",1
"c9979b7e02d81c363edbe35b3843ce67",4
"c99a8ff3b29cc521c8b02e2683d5b40c",1
"c9a6a8ca95ba63fa463cf4e6072d81c4",1
"c9ac6064d730c6c1f3f142018ed20a1b",1
"c9b6cf0e2ee45b84168d48d1b3e0d0c2",4
"c9ba7548cfd4a1cbbe8581240271562a",1
"c9baf8270673818a7e0c42d1b5b81f9e",1
"c9bb3b610769cefe0f430f3e0f760b63",1
"c9bd9f46db5f5bcccad70632790a947f",6
"c9bf0e50418612981d829aeb7c8ae630",1
"c9c87ba40de1a940c9907c768846da1a",3
"c9cda733109627bf0dd57137bb7b79a3",6
"c9d20f73cbf7272ee9b2595804938c8e",1
"c9d30fe3601041ba8c90ded4109a1091",2
"c9dab445f17c842e4a75d030b65abbcf",1
"c9db410df24f900b5408ac6a8dca2304",6
"c9e1df7ff7aa23061cb8de6d21b31a31",1
"c9e5e6d4328acd93fe92568b20a82606",5
"c9e9f274c7fcd348693d636f45516452",1
"c9f34c23a451cfbcb4bd0bc06ee9b505",1
"c9f65b7071e8ed046d828ba2f64256c0",1
"c9f98fbf1f753c0f45763ffb6c8f8a4f",5
"c9fa2fcad8dbc033cdcfcf0f7fdb982d",1
"c9fed5e8313eb4b95412c1ca230e3f54",5
"ca0e048639465882456be4da34487f31",1
"ca18c73799812e3571ff9997f5ff85fe",1
"ca1b91346275baeae6bbc1392255980c",1
"ca25bdf9b29dfa9c4d0f095fc34c1c3a",1
"ca28ebaad7a60b6b00ca44b05de01586",1
"ca2cdbb0207c1dc6fe19decbe4f2d26d",1
"ca36565177bf6b29f6ed7dd0cb0a9cfe",5
"ca3e450a57d6b37ca62a977dba2899ba",3
"ca477fb95e3f2765582e12fb540f2006",1
"ca484a633d5298373a3e1db595b909e4",6
"ca4b7ea58c4b45f555344640cbcd03f2",1
"ca7795883ecc6174031d2a213cc75bf5",1
"ca7841d1d7c8f89fc49173ec36bbb6bc",2
"ca7b36e777a99edee3187d2f41e5d3ad",5
"ca835c22a2e9c4e0123b12a81a8e63d9",4
"ca845295ae0c8ec1169aa0fb33b88d38",1
"ca87e7f170a9c0e57583f2c4da3b3edf",5
"ca87feffe8f275d60cf71949c58ce12d",4
"ca8cdc83a817dc11f5e78181cf64a6ab",1
"ca8d426d2040e9e9f9cd8de0297dc50c",6
"ca90d150d539126f8739f2d36fc91d4a",1
"ca90f00c626e0728c57be8b8ee058619",3
"ca930f8caec300f93919a3d4496a65b0",1
"ca9cc59d68ae859d4e839f6756ee5122",1
"caa031888069eada68348a27ee3dca89",3
"caa45b00ad8540d44ec49110f58e87b9",3
"caa6afd124daa5c2fe7b29d6397a7a6c",6
"cab2185231756ee60bf63a288646e423",1
"caba4c1a5bda8191e3d9bd6e38f30f73",1
"cad21ab3f12fa7159f1d1be796442b99",1
"cadc1f3cc5affe9ed23e46f4950c9812",1
"cadeadfd073fa9d763d22a2cd993da68",1
"cae1bcf48bb29ffee8123bc683b9d751",6
"cae3224fd0257405cb1ba8bffe757f53",1
"cae3e27741beb9a08af41a8205275a8a",6
"caeb5cb61dcba6fdad31247a9d7d0082",1
"caf315ae656e1d100295c0afac5de9e2",1
"cafa3dcb245aa97aa0006f33beaa0a08",1
"cafdbd0fc0e414c758e51e84ae151112",1
"caff01f034649849f031df311e24f4d4",4
"caff5ff0845e18b3f5d4c18e79aef189",2
"cb0fe6fdd266dda176a652b6b08ed9da",1
"cb1674c6afe8787cc745b418bd37e735",1
"cb198c183667148cd1558b25f4a7a105",1
"cb1a532cdf61dc1fc11ff9f3067319aa",1
"cb1f41cc36b4fdfdd1d4164dc2d92797",6
"cb1faa325723d5efa491409971aaa249",6
"cb209ebc42b3400cf765b33acaec19be",1
"cb28ddd9faef919dcbd983ca034d76d6",6
"cb32a6fdf63c4425fbd980d6d8e54a39",1
"cb387b587027ab97509c92f6c324bd72",4
"cb3a52722eed369a603241e9630b9646",1
"cb49810c063984139c2029043552f18d",1
"cb57ce51fb2f47003d2c3a81a64de686",1
"cb6399cc8abe286c654b1818cff4abbb",6
"cb6a096574b903a87903a6545a7f50c9",1
"cb6d0e43f03b13fbd06e9a928d7973a6",5
"cb6e8387723232ee110cfb82c4196239",1
"cb7139e22da13893cf7caa5dc0e284c7",1
"cb71b69e67b3bc6aa4408ec863429ed3",1
"cb7b746926fc8b50d4c2dda3cf1b56c1",6
"cb7d5751d83e37fd54fa957cfc2f10d7",1
"cba0cb4aa965402ff82bdeb929060327",6
"cbb09f8da74afcba47fcabeb0f34a901",1
"cbb46acd802b6c065b3ac977937ba463",1
"cbb55504ed4e72b32859b68878f14435",6
"cbb7de68236dad816a4e9878f9497491",1
"cbc143bddb8fda7573b80de0d683ed4c",1
"cbc65d54d065eefd1b7f13b0d4e920aa",1
"cbcc16edad8448822c8fa20f66d848fb",1
"cbd5e63ad5565d4ce0d60efe9628ee12",1
"cbe11f602991e6b79306b1a801240a3e",1
"cbf698ea786ada48d59a96ee45a50886",4
"cbf730efd025a36c0eb896d362dd52e6",5
"cbfa716333f757e93debf63ffa1d2253",1
"cc00949602e9b408733170157f01fc31",6
"cc024b89821d5418000be04e50d35f04",1
"cc0669e3287a61b56d58096324037293",1
"cc0b6728bc50c82cf7a83bc25532fb3a",1
"cc0c76f8e117afc4d47a2564cb7dea71",1
"cc139feeccfff37e0683c8c4b70d6d89",6
"cc1b5215d05dfb082fc96d9de80a122c",1
"cc22b982aa8b830c4a649ec167bdcfe3",1
"cc2a40fdd7912d239a42afcd5f0abcd8",1
"cc304473f4cdb9abcce7dcc89bbca06c",1
"cc3c2c4ceae1b52bb04a6565476bce10",6
"cc3d5df5fe41f880beab7e9288488108",1
"cc3e4e1f26a8bbaeefd29d3c3ceefcda",1
"cc488fc4e282bd2ce0f3ceda2b9a1e88",6
"cc583be43e80eb768c084d13e94ce8d1",1
"cc605a3913b7b61b7e3a602a27641e04",1
"cc666a97941ec98167c0dbd1fd15fb58",6
"cc66a1d6318ca01af467981ba91b2f87",5
"cc6b4a5ef2bae3da0ed3bfef7700292b",1
"cc72e89c8de7c8cb2074174111696fcd",1
"cc764f2f3ddf5b205142c0774c5bdbdb",1
"cc7f72d5472d9164eeb5d908e35a33c2",1
"cc843a8d7fada59a50195df5c752a06a",4
"cc88141086f6e05c0520a2ac568939ab",1
"cc8abd71b199c2a410f3118b207deb00",1
"cc8f8a1310ca71f1e4a4d65bafa7d054",5
"cca8624dc8bb3cf112bba3698b1d25d2",1
"ccafff9c72d72a0b0e8b1da0dc7d366b",1
"ccb0d91214a0c883a77b22af1267896a",1
"ccb3d285731abf4a9bd36fcf3cc3efb0",6
"ccc8a816c2edade9855a00ee341805a4",1
"ccd0850acf0825faeae9ca9159b8d12f",1
"ccd1a9f8f6a062611a58bf17020507df",1
"ccd4c87665ccb3fce1bdc731967072ed",1
"ccd85f959744771551e876cf66293cda",1
"ccd9cd13ef6f94915727bad796dbe056",1
"ccdebf1a7779014b3e4a8fe5809b1539",1
"cce157f77be5266576ab680e2fc08eaf",1
"ccea6886fd4d84a40283a2bc386e7d99",1
"cd00cf34e2d2a88590eb73730d745002",1
"cd10f575fb2f658564c07182db588c73",1
"cd137f4ca66492858094db2ffdaf064f",6
"cd2123bdc0cb1fe344cadddba2cfe1d5",5
"cd243aa478638b7b130684c17ecf0388",6
"cd2662207c428ab92e627a5f67b60c14",6
"cd28d5c7eaaf192863c7c162f322ffc2",1
"cd2ac6cc4bcaaf089d8735306a0a34ee",4
"cd2d97a2d650df3a44c626c35bff5f20",6
"cd32b90f35f1136165d263bec1c58910",1
"cd384de3953a57d3a2081a20dc5f2133",1
"cd3a62ffade131e3f3bb5105e7b5d316",1
"cd3be8aaebc09696a9c8c3d2e36e1282",1
"cd3d77ae0c3ff6e561620f11b3eb3a7b",1
"cd40a39f1ce7b2a099c75ab2c4a6f1d8",1
"cd52c402d5c8a321c62c9c84808d3939",1
"cd62ab620c00941267394041d174ad87",4
"cd67793d48e2bdb9027d7f8d57ca605c",6
"cd68d30ddb9694504d5653522d09bb5e",1
"cd6d80796b57939fa940f5b0431f0e40",6
"cd72027d70109baf950454cedc75518b",3
"cd7e37bcc62d87abfe9e1dd46342d4b2",1
"cd803afa480612e16d15a1ad465648f5",1
"cd83c605979b2fa73e964b82890d0aa9",4
"cd8732cd03f28debbaae888d2bef012b",1
"cd88e1accd3c68d056f756563c0ba255",1
"cd8bf5f51c814cf1b93d47b2fa0fb49a",1
"cd9092129776f794af00026a137b0e9c",1
"cd9317a8c88b73e05c00394ca342bcbc",1
"cd942681d0d2dcc1975fa7858347ae57",1
"cd9531d50b471d96c7f467e271170817",2
"cd9730b0e06bed4f46c0472865d92709",1
"cd9f2b9abd2b734b79caa1453bac0d76",1
"cda6bdf313c77ede3286c40984294c48",1
"cda9b77492ef4317ea3e721464c586df",1
"cdb17933b721cc66b1c2333b9204fe2d",1
"cdb9df72a8deaf550f143315a9102102",1
"cdc99dcaa2167a03655dc8907a044dac",1
"cdd31c1ad7d9bd234bfe6fd399415319",6
"cde3fa1314af0666aaedcda9ae4249da",4
"cdffad9b78638ae8f8d648c68712fa9b",6
"ce0be7befca9937626523b43acb93066",1
"ce0d66ed2194dc2cd734d6e249652250",1
"ce12bda6f36eb3c6525b350c69ca58c9",6
"ce19a085b5afb3d489ce25262111ba6d",1
"ce1ed7608c754e3664a683cd70477fc9",1
"ce2859d95a6eb26a8bfa49f3041dc24d",1
"ce3733c938cacc9430ef394e13e48460",1
"ce378c10791b9a52039f8007a20a8d8f",1
"ce3b35d4554260060e04a6167e9d2bce",1
"ce3c74d42f6c0913ea6d0996723bd0e8",1
"ce4117273e3515aa569d94d5ef74606a",1
"ce431b44c2be41d8ffe69d341d975879",1
"ce480d88986f68f595cc581ce4bb3a89",1
"ce5040100088d1eb9889b0745d8c3deb",1
"ce5530fbdde7986eb0445d619b2da1e4",1
"ce67c0aac88f9ddd75709e53ed0da699",2
"ce6c53d04e5c362bc3ef544f71e45ea5",1
"ce6d68baa35d40364feb63bbfd09c8fb",1
"ce85d4695a43032bfbab53505806a39a",4
"ce87aaa6778acbea481992b4a20396de",4
"ce8fdf21297a69d005ea896fa2762b2b",1
"ce993f13f0847d78ff2bf93225391ad6",6
"ce9d848f1175299df4799f11aa469e0c",1
"ce9fc7447e31c8bee5fdcb7958247ce2",1
"cea0d8e9485a1bb7d1221e118d3a53ee",1
"cea51b794dda2288b933a2120334d0eb",1
"ceb501be8a83ce2949c1ddc265e8c131",6
"ceb6a45ccf2f0543b1c52d7951bdd27d",1
"ceb99b1a3f1e6bcbfd1d32dc78dc0fcf",1
"cebfc715e1498dae1f5547721e102776",1
"cec758f5b4cbd050060c697c5c85294e",6
"cecad937e845480b7289dd564a56e23d",1
"ceccbe7a08f1cd71c8eb9cb2a9ec905d",6
"ced6eff6fb37a0ea1f26e74bd2f43c5d",1
"ced9340d9fc5a1cc36e9f2c9d6af137a",1
"ced98cc6765c16466211d39e8630029d",1
"cedd1779ba8f8c4c1de3b030cb5d7c29",2
"cef20bf8e6af047f74c24890f28056ee",1
"cef9f0dffdc320d526d349e9026c3379",1
"cefb9d3468326e34bc11740694d0d2cf",1
"cefe3a23fcfdb41c746505bbed8a98cd",6
"cefec048d81d486b15321510a3bc83c2",1
"cf05c8ec84f0a346482909e0845b8d6d",6
"cf10af9bc2c1c64cd7283bb3c9231542",1
"cf10b758d97ebb2fed727b7fa81915f4",4
"cf10be81acd72d64f16cb969f6f4d167",4
"cf1b85b7e57b7aabf499557803084897",1
"cf204867331f504cfb5da83bb14a24fe",4
"cf24c5ab9767cd77e2fc8d739e92929a",1
"cf2559ead063d0a13ce5cec4af4a92a3",1
"cf28c14efb2b20b1645ad9a589b08bfc",4
"cf2ccd6effe3dde43e9950ccd7a13c68",1
"cf2eb5f0a4356fbda86c82d7dc27c32c",1
"cf3fc7f7598bbeb6f5ad56dcc0e3f6c3",1
"cf52c1fc0875656a006a894eb9714550",1
"cf626fe3bbdd2f7e456a02afe966269d",1
"cf6652692018d0ec6f0a8e37602429d2",1
"cf7017051fbc99693488313d9c20f4dc",1
"cf720c6c17b4d409ce77d075282eca55",1
"cf85a07628399c3e35e2bbb64390735f",1
"cf8678ca97225619ac19382fd1acac32",1
"cf89a621898e4be2b212b8928324f57e",1
"cf984077b04d6352d40e38d0450b9770",6
"cf9a090a5cece06ce224627e63d0830d",1
"cfa6538895af1e1323a97a9ba6c04fe4",1
"cfa65512c53041886976574ec835c77f",6
"cfa93bfa3a4599ac96df80da55f89152",1
"cfad3f16fe18ca16587419ccc98a7b4a",1
"cfad42a30739993414e3a830a8f8cea5",1
"cfaee91649e8c8b289f8bbc58d24838b",1
"cfb3a68770045c93b1e05b4deb17a485",1
"cfb87b1b8b8c52449db82d240c104afe",1
"cfbcd8b5793146c6825d0d374b7f425c",1
"cfbd1af30af5a1f1d498b0f56294b699",1
"cfcb9c6ed5be56976828f05b2be1f024",1
"cfcfd3ab19fead871ba42ac0b116d12a",1
"cfd03a91a6d675be9a3ea6a36a6046d6",1
"cfd3b6f591f2c1b280dd1addae221bc5",1
"cfe20425a1c67269cac08f2db1ea2aa1",1
"cfe5a5a43d4d91b9bbc8a158356e2b50",1
"cfecfbc80c3712893dabff1cd1d8e6a2",1
"cff535e83e978bbaffd157a8f8f26208",1
"d006febcbf3da4db8a328ba3a7f51de7",1
"d00f45f8b3a7589e85e8f239c7b75c7a",1
"d01cc40731250227a8b01da926e0f81f",1
"d01de5eca393931b25da61e8669909ca",1
"d028af2d3144e629c33ec595914a5ac0",1
"d02a9f7301fd61a0e460d3eae92d044f",1
"d02be2553340e71fa359f4699b831670",1
"d02edcd9fbd9c26894c1b9fea8a669e9",1
"d0365d5b76005fcfb45f391b6ff1b74e",6
"d036a8c8d74c81c51f8fa4dfca3de5b3",1
"d0376604112f27e914331c3f51fba0a2",1
"d038256af35d4dfcfa59f1699e00f864",1
"d0399966bd169c7ba8f4036e2d289e79",1
"d041b129086dbf33d02f06554574c054",1
"d042c73160156d92ce9d8991b223919e",1
"d0433434094aa46323d911264d12b780",6
"d044bce057c39b7785ccab4fb46049a8",1
"d04874fe20f61674ff93e97d850784fe",1
"d04b0de56dd3e38d5b0301b765114649",6
"d04bae5a958d6b32f7cd6447d0a3ee41",1
"d04da22b7436a7690575cbe85e9300f4",6
"d0631c0440ec2443f5099d615680683b",1
"d068d7eedced7420ff66361571eed2c5",6
"d0769e4a21ba7f690e5c94962636cd00",1
"d0788525810d9b0993fa1bc323e9a864",1
"d078a611e96dde0359bbf95c1a8e6f26",1
"d07d4f9811e893040be81e574fb86a16",1
"d08ab2ea5dee1017558bc9efcce1ae50",1
"d091c494f7adf244ae5e6e1265001ab2",1
"d09f1180e32c58a4db68b93fcabb76c9",1
"d0a39dc122e0e46ac52fc156b512cf95",1
"d0a7f5bd23360496b10a58190ea30df3",1
"d0ab76d5812136cff0a70dc66c83b68d",1
"d0b4cd3f8519ec2687c0099ebc65a169",6
"d0b6de736effc588fc5548075d4766b8",1
"d0b78bea34692a016308d11157c25782",1
"d0c7cbf01db11ad42adbd9534aff329b",1
"d0c86e7091cd389ed6c0151d718930d6",1
"d0c9b098e4f5c556e5e36c9dd6cde900",1
"d0cb4a7c99288d28f826b5cc8660ddfb",4
"d0cd9f72b7eb44d070110759924f9287",1
"d0d33cb200f91bd36b63e8216068cf93",5
"d0d9e7445c895a98aa1d9d7ca70a9cfb",1
"d0dd1cfcdc9f414bb8908943d8d9ef93",5
"d0f4df2fb2b238cc61a8bbe13117ebc5",1
"d0fe4135de7cfe739c06a4704d9e810a",3
"d10119de54ddef7c0fdb15bb26aaade8",1
"d1067aa5ad87a78ca790c00c558b3427",1
"d10b4ac0b06cdea7767a67391e64bff9",1
"d10d3ab967648e31f8925d70fbf997f0",6
"d11b0db4d46eb54b28bec8415ce73e40",1
"d12ea1a3753ab397ffe6874e822fd3ba",1
"d12febaf0fce17cf20d305769a7eb90e",4
"d130bde557f785057ae184e02b273fe9",1
"d1424fa6413df8e1dd4a64d6c6d72411",1
"d1536e3b3cf42f2b8219d63ced4d435f",6
"d16cc4152ea04f257fb154c60fe2e058",1
"d172c3fa3868305dd0a3c560966428ed",1
"d178f10968b8edf7918534aacde20b15",6
"d17bc192980be750ba5cc453c3579e3b",4
"d19030dc6748fad63c3181ce30cd5c0f",1
"d1b411c866f9413b701281cbc78eeec7",1
"d1c0013edd52c435ae689dc74228f184",1
"d1cf1018560aa3d315f667ffc0d94c67",1
"d1d20886b4aea64284fe9028b89364d6",1
"d1d213dd5d45bbd0fd53190b654f2217",1
"d1d35adac2cb45d6785eb0e9ad24f50e",3
"d1de81de83b41dd0c60d6aa50fae71fc",1
"d1e57dc061f218e957a4bc2685cc15aa",1
"d1eb2aa4a55aa418461de7d5240dd7ec",1
"d1ec4185baff1fe89b21a01f24a06c81",1
"d1ef9460ad1927b3f4a251bfadd4e455",1
"d1f1bf238d69e7033466023bb03f5ff4",1
"d1f8302b6b15b0e186286df32c10c063",5
"d2012db40ac928718c1a5d71b574e5d7",1
"d20407aa8c5611d8e848dcdbf593a2e8",1
"d208e7d73acfe20ff0eb591ba990557b",2
"d20d05b32e24cf95c383ebb72b8b0a49",6
"d216d05e33f48fc760925c2cd042f766",6
"d21b29ab8a05f991e1bfd94d3019ff0b",1
"d220b670b7807b7915ff75ead46caf11",1
"d229c25a991552f58fd56eede2298209",1
"d22d47b0edba45b6c89a5e9bb5a2b468",6
"d23aa1e686d2aca9b8456ac4409a0633",1
"d24938bcf59d64ecf2ed084739aba42a",1
"d24c609bfafc90eb4af26ecbd77124f7",1
"d25a34a4f1dc42a572ad4507ae790c9b",1
"d2604a66828f83026aa7fd2dbef20a6c",1
"d264ee951b4171e5145575a887d08a9c",6
"d269c71af8fce8dc52dcc6ffcb09bb23",1
"d269d851d436c00514b6ca33b684a7da",1
"d27495cafb450fb8eb33fa8f0570d8ef",2
"d276bf47b6aaf4efa8a90c663edef3ba",1
"d27903b2c580b47fe6e31cfdb0d63325",5
"d29228920d2383576453085d3cffa9ac",1
"d29dcb59642f14a982af29422f766b47",1
"d2a417620922ad3f60ba3d50f81b599d",1
"d2b93e7ab4d287f869729256c88b0456",1
"d2ba3124814d5a4c4ef6d78c17f93024",1
"d2bb06e30c3b11b2ba31119e0b3ec046",1
"d2bc70f582757d62da3cbc66f7f6c22b",1
"d2c3a582cbae6c6f023a3f31ec21df0c",1
"d2c50210d5d1a30fe5355599dc68a235",1
"d2d0e2d970532f3d402919885882294b",1
"d2d3b9cc8615e002ba2d112e8bab5f68",1
"d2d44540bf16a69d3402ae731cf725d6",1
"d2d95eb06a0ffc548da0a039dc38ca26",6
"d2e1b1661b51a4188e2839306e870258",1
"d2eb792e888a3f7ed65f607c02c5fd88",1
"d2efeda36cd7f4cd148f288aaceed168",1
"d2fdc216965b5c782379965fa0e7bda9",1
"d2ff0803489f43b4f00f6a246b8ae019",6
"d30887a8cab0d29513d43773fad7bb58",6
"d312416efaaf130e1bccc2c9aa64c8dc",1
"d319a3dd04f46f2f80f0682feb71d525",6
"d31f4e5902eadb70d7ea6071608b6fca",1
"d3249e17823f6c9d14d849bc57865bcd",1
"d325e6fcf44f69aec26bfe471549d2a6",6
"d32773e863d0462d9ef6448f7ea82bf5",1
"d334ccef194175403cf7d92773953650",1
"d34956c0c5e1cb93c7c284b4d309e6c6",1
"d34f47c0bfd50e776122c8a98dae54ed",3
"d354526df279ae87e24c0779076682aa",1
"d3652a761e841637d231230f163a2e82",1
"d367b8fe0d7c48f101fd1cac7c8bff94",1
"d36b3e4663681928f0c4003b2dcb6fcd",6
"d370f9187004f12b0fb754065de7bcb2",6
"d371091d7972a6fb88561340928ca4f4",1
"d38265d9a0114e17832ac601be8449a1",1
"d387dca4d5517c8e323755257aab60ef",1
"d3897deba67f074e4bbe4489e2ae363a",1
"d39a2ea12611c4ec066e49a2bd1d3c82",1
"d39b7ae4321524c4e35f8637585cc69f",1
"d39d7a1fdb2e989face9bfa0bdaa736b",1
"d39e41287a27279eb40084c1bd2370f5",1
"d39f5efa630567628856c75655f49156",1
"d3a604029062fb876deae60d217ca527",1
"d3bb0df447172b802d4de090dc0717ea",6
"d3cfc195f1223f8e259165d0e298e793",1
"d3d08a023317a3e4d7eb87c71bf5d8a7",4
"d3dcde81674fb8a6ded25c6dc40ca0b2",1
"d3e7da4940e393140798b630ba06750a",1
"d3f7b5e90504a6f194e642d48004e243",1
"d400f6508cfe78b11e29e1a81ff370fb",1
"d40a7567d70a627b2d340f15ddf0b2a5",1
"d40cbe8fed12fe477b3e08c8e1a7c8d5",3
"d40f5650cf37d27d227c1454bf9cde45",1
"d4214451e05732d017fea1197ac270b2",1
"d4223023f4f8a882f89186ea5c053edf",1
"d427cb1d60c934b2d0f4029a0a48a528",1
"d4310b67496aec1114d878cc2e434d21",1
"d4478050043a6e05c3d9ce42e4d0e1bc",1
"d44b021b978e8d447e28ed3fbe5464e8",1
"d44fc9e305b524e0bc02976807150dea",6
"d468429277fd6f2b21cc633610912418",6
"d46c9fc78a9b0105d5a8456d40325b14",1
"d47a02c5d19c52866bfeda21e9846c1a",6
"d47ded054f5ac2ee4fd17e7f9ee0f4b7",1
"d4802545cfed4af8ff01a99b38c927d3",6
"d48c698f0de7ae0f6222a4a46436e5a7",4
"d496a578168139a0f9e5471e868d2441",6
"d49b627f953277da826fa234e8554916",1
"d49c1d05aeecda55fb88e0520a264be7",1
"d49f30a1e781933eb469fa5691f83554",1
"d4a0cd11776e45a82855ae8a0aa28eaf",1
"d4a7bf7448bef0c60ebd9fcf84e837e6",3
"d4aa8462e539068af1902c15b9d7c414",6
"d4acd134ab7ab7d8c2eea634e38646bf",1
"d4b515599131648dfb4f40c900f379f5",4
"d4be5537a650557d434d0b1b540c825b",1
"d4cdf1f6ab528ad3d9d136ceaced6d3f",1
"d4d07c6077c345610a93acd091a29a23",3
"d4d982aecf853d838bb58dc62e8d3779",1
"d4db66553dc04a20c9e78d8cc9b0958a",1
"d4f50933a90c55c5801ff1ba949bcd2c",1
"d4fbafe7f092bdefc76a4e27026f89cd",1
"d500b17a42fa8c1bcf6704b63bec00c7",1
"d509afc55060593e971f728eff322573",6
"d510c207fb1718d6722f2d48460f9097",1
"d514091675cee6b7bdcd74f1f4036c86",1
"d5184d7e471f0557f21de3be065c5e00",1
"d52059aab434a8d3c43189e630c3751f",1
"d5212707b44d20b458c69bfa90c73d23",1
"d521ffa720bb9ee5cea28a0f8f93b750",1
"d5281cec9bf1959eb4198ce8128d93f8",6
"d52c92e0e3ba11ae462dbbca6be41940",6
"d52d1ccbfc2f52a836db7b4bdcf27def",1
"d53ead11d3f97a563d15c5f0beff23af",1
"d548c879164d2372e64c29376696aa39",6
"d556ad4fde22cb0b271bf85becacfaca",1
"d556df1feee222aa69377a56a89f70e7",6
"d55ab3c10ff18c5103d1dce42bae51c6",6
"d55af34020726fba65aaa2509c80f896",1
"d56044b3c42c722c8fd04bc09753fe1e",1
"d560c5b5bfa86fe0d64618e559e11f41",1
"d56191c9caaa337f7219fa5a0b6a4be0",1
"d56ad49c283c49eacee44c4f191f1bea",6
"d5701e340c1fd703d54c827de23714b6",1
"d575c108091dc539cb82e7eaa4a9f5c0",6
"d57be6e2d3a779bba9ab027828d583f1",6
"d58874ec6e6f59472230d80bba4df231",1
"d58cbef9dca9e086aba7a60dc39d67af",4
"d58dd7f63d17200832da5d448565beb8",1
"d5963b8f416a497ed7aa0f6e5fb5ab4e",5
"d59e17ac83d712893f91436acc3ece78",6
"d59e4d4bd89ed20d880bbfe140f4b1fb",1
"d5ab8b3f0bb1dc9511698ebac8de02ea",1
"d5baa359d779fe4350bf34b1d381d0a1",1
"d5cb1cec71d456e1ba79cbbe7bfb5fe4",6
"d5cee6f410f25e7a44b06fbfecdfa88f",1
"d5de3321bbe42b6c5e6709ddbe14960d",6
"d5e5f0d0b923d7dba8859bd8b3946702",4
"d5ed076b9a24071024a4ed1f85978c98",1
"d5ee205e87109965094d6bbb7b5c1e14",6
"d5efdfe5eeaf1dba6ab293907444c68a",1
"d5f7622dee2d54efe0697d8d6b19b7d4",6
"d5fde5c263377bfe99581c63b4e73695",1
"d5fdee72c353cafbc4fe26c51eed6b28",4
"d602113a749bcf3d0147d6bd74918c84",1
"d6036bf673c983cfeb70180f0f24b178",1
"d60ca2d1e0051b7bace7648ef4d3dc56",6
"d618880c1f958f84a807cd81374b2bb6",1
"d61ad3c034176d248cac94e434d3163f",1
"d6227fd22579da2b339630b44cb9a8b1",4
"d622c898b0701f9c35a7fd6500cac4ea",1
"d63afc99bfd8c7008e1e8448cd19a84f",1
"d63ecf941be2fa5b8309ad6a97e6beb0",1
"d647d6ddc28df51303aa22aeb7ebb6b8",1
"d64b6b4fc493bb012afa58ee8a8f1ffb",4
"d64e3e441994463f2f505ae57f7ee14b",1
"d650b0028ee360910557cb4579fc9249",1
"d6526db561188e8dddb3fbe69e7bd401",6
"d656db3a2a5ea5194347fde3335b2cfe",1
"d65f1510dc5999a3865f09ea05ae965d",4
"d663f15b4ad8e5efb0af9a7971689e18",1
"d6675475fd3f319f9c4568ee280793f3",1
"d6767a179c2682478aa63e1cb3b3b5c6",6
"d67777468daf565c422b8ed14f1d1666",4
"d68663b6a6eb761f13c2f9b8fe2d27e5",6
"d6a204122320f0b6a1d5279293106621",1
"d6a32e1b7e0c79ccac098586c842bef7",1
"d6a3d171af59a725b3e622837bc2880c",1
"d6a67e21823910abfb10ddf53475b44b",1
"d6accd89ba501cd6c2cacc81398220d1",6
"d6b18d2df8c9e8cd8a51734147d3d707",1
"d6b2d650b38487bf0b7ab2d8a7814e87",1
"d6b5322d4ec22af2df05b2ac8776fe60",6
"d6ca02767b354390479026b76bef89d8",1
"d6d5e55e3eef6151d07295d766388bf4",1
"d6d66f8d2888d5cced7652c90d81323d",6
"d6dff2180a2221868c1667ca8948f701",5
"d6e6e304926f534315efa9998a80c136",3
"d6f03d3f624d9d555c0e4cf3967c386a",1
"d6f23d202d9305e94184c6d7cb164dd8",6
"d6f71bdb8189fc4a964647031a877884",1
"d6f8abc79f7d945e5f38a4d068100530",1
"d6fc2b9a594505e1b36b166c1735dd6c",6
"d70178b16905fd9e8c25a4b9d393bc6d",1
"d701eddbfdfa376a1255d445edaccf87",1
"d70e340e7f38f39b3046256b9c2f4008",1
"d71ca9f5b6fbe2bfae4339843500db41",6
"d71ff6f17a4ba246b4098bc4b0a3b65a",1
"d72104cb7e548ef975416762fe91405e",6
"d729688a828e7246760d251d27aa5b07",1
"d729754fcd09d8e52810d3670b7a7b64",1
"d729fbe2133d9a9759b84bbbb24171ba",1
"d7308f34ecc955fc035ab4c83e5aa476",1
"d7324b35c59ee84765b1b802315bcd06",1
"d73eb8cf5e9ab8382177a80c90d0b28a",6
"d7481b04d9509aa3dcc6300a5598dcb9",5
"d74a0131ea70ca12420163c5f9676f33",1
"d752733b2df24e3632c77193053dd36f",1
"d75451b7b391ca85213b71722628cceb",6
"d76955bc561ff982c757afd3f7e0119b",1
"d76ea65ee44e29d7cf5762728e2d1328",1
"d7752bf528f7ca6acdc131110c46151b",1
"d7776553e3aadf7e4cb39c0dd7f078bc",6
"d7783fea391c2d191132ddd84db388e8",1
"d77b968a44245807769abb504bdb9fa9",4
"d7830fee4e23f9bd631fe91b5a79f87c",2
"d783689e526c148f125e179186a6ed1b",6
"d78a213c811c1a537759b86986a3132a",1
"d791560962ad13233c648324827cbdea",1
"d7a8aade39176592964fa8a57e841ac1",6
"d7af6d0b8cae1711031a109248a3f62b",6
"d7c6b32ac654e040e8cb570c1314f75e",1
"d7c765a2ed93c910e9789459a835662f",1
"d7d039181469bea9aca9c8599ef0166c",1
"d7daf1d1fdf3ab2ccf46b538a8a2df11",5
"d7dd6c5d6ceee4e59ec743d9a1d60011",1
"d7ddc1419b77515b9389ce043c475a7f",1
"d7df410e96a30b9089f84f40abf4b48a",2
"d7e93e31794f1d190ca143718ecde474",1
"d7eefcc6c53a4b5eee40cab23919d178",6
"d7efff1d4000d6d221e7dddd303eafd4",4
"d7f40a3559b91f45e29f37e567c02b9d",1
"d7f878c00487c20107df11ea012b7d8c",1
"d80098adf2d1c611a3992892b29d27a3",1
"d804a7d625e76b3557571eab1ab9ca25",4
"d80ecabcc94c809682a56c9816ce0af5",1
"d810a35c8e27ad10941b766dcf584931",1
"d813e70b40b697c62a40d8287a8e40fb",1
"d81da4d42111853148a9741cd01672b2",2
"d81e8f6b4358c8b712b88275a342c368",1
"d824575c255d53a51c149b8921f1890f",1
"d82571ea3b91d0347c271f18c66bdf49",5
"d825c23088c9dd46dacde7f71508b576",1
"d83e62c0e5486c46c7e1f7880ad8d991",4
"d83fa34f4eb800f17a9715ab72ea3d01",1
"d85798499d5c97ea8686fcbc2d451643",1
"d860560ec6ef7f5da239b49a677f4272",1
"d860ed26bc462c00885b1e7f9a670927",1
"d86538e7740a0b159a182dbb33b89efa",5
"d86e870cbb56eecad19893d976fc2606",6
"d88e06f01114baf71a53786572751265",1
"d88ea250aef089d25e65e48d903518ce",6
"d89450bfd07c8fd3ed06aced52e5f332",5
"d89c853d7ea0ef0119c54f97382b30d7",1
"d89fe1458c173d1ee61c0878bc501a50",6
"d8acec98a643df469fa288022e0555f9",6
"d8af655ca17676331f414b2c22aa1409",1
"d8b0905d93d3e8e1bcec07a8f66e2a28",1
"d8b35e8206bf7ab0ee0e4b8bd2908272",2
"d8b6baccd90d49442bfce37888a488e5",2
"d8b9628397329a1550d1477b4f3ac849",3
"d8bcb0176c3f99331c87e787891807e8",4
"d8be884e282fd01969118daed7f0d9eb",1
"d8c11cb12739dfa1c93c1d110fc02370",1
"d8cc6aeb5fbf5426ac2ce707f26dd7a5",1
"d8d171502d29859ec9b73e4022ed4a3d",1
"d8d9a25e8f574285637310eee65ce6e1",1
"d8f5ae33e6cb6e69f99fae63aae15a2f",6
"d8fd80b2c1d3055427d9f8731935d3fa",3
"d901ddfe7755af5e4227e33034c2d802",1
"d90972d87d28d4705bf3e5af16db6f19",1
"d909a2eed69c479b35912717ddbf7779",1
"d90ee886859cef0fd4e38f758dfa1282",6
"d9173760f6a2679ece5128f0f739d202",5
"d92648987ee6c8510b7f538c64c47207",1
"d928b887d5ecd37a18cd5df1b3b0b5eb",1
"d9299f2e61aec09483e396c25070a628",5
"d92b08803ca871b689e442c270e28f48",6
"d92e9a06649f8a7ed362ca542c8367d1",1
"d933a8eddbe4716fe51c47f00dc280ca",1
"d933dbe189c3a6b98f6d87f0984ba3db",6
"d938ed6acd6b9ede8b1a2921a4b80d9f",1
"d939b077176778268d2a14363739cc5b",1
"d93c6b9ae0efa993f27df61c73ffce40",1
"d94041d75b175e590339927b512c1aa3",1
"d94592ba831bbc0033b805436e570c67",2
"d94a818fd4b3f71224b6a4d3f68710cd",1
"d958de262ead26af03b1674bfe9d5e8a",6
"d95b67bf2d97048e6891b4ef39fc53ae",6
"d9605b8ace11c4bcaae072386c34c5ec",1
"d970acf3fb3c8d7a8b2a0a9c557d174f",1
"d9793176fd7af1c7e4f36ff766a7ad6d",1
"d97fd76c779d17fa847aa6f6ab33746a",5
"d981b43b8c2424306b96397a0fd60363",1
"d98c601922f9aa3aa8473d60da9aa1aa",1
"d98f8c08af1120e55f7f03368fb8adf7",6
"d991e9b200a56aee074f1350a94fe7b0",4
"d99df8eb91140609426e232caaa9465f",1
"d99ee5d19eb168420a970b7be5cd72a1",1
"d99efeafbe7f0981151e2bec5c78c5b6",1
"d9a61ce1f1ca9eef70786e96df5334a4",1
"d9af903fbb4d1e4d3bc58dcb77239884",1
"d9b9e20ad3b5780ed28fa60c532b9d3c",5
"d9bbf703b31ac036b76ca544a825d25e",3
"d9ce1f444b535652212b31c46d936035",6
"d9d20a78d560b103bcbca96a95d31497",1
"d9d76eb0a836394c63ca0f48070cd7f6",1
"d9d8dca03f452a7e663714059d8eedb3",6
"d9db7c87c14e258d7d9f971fda42995f",6
"d9e0d282c451a489527247a46ac08898",1
"d9e3a99281aa21b9f1c001d1c0284563",1
"d9e61620a1fa19d0ae7472e49080aef4",1
"da0003f9b2d32b398cb9857988a77ff0",4
"da0937d47520829692d80a565a324b54",1
"da0b120ad1331ab5a3b599ec2479c790",1
"da0c14b9732ae48eda05cccf1abc9e55",1
"da210cf180c4848284427a827248584e",1
"da24577b978c2bccd24a3a14eaacc3b8",1
"da2b8de14e962f4a1de74e542a0e7838",1
"da2b9932ea7cab285658cd1624cc3531",6
"da2f9c5f2f8742817e9c03c38916fea4",1
"da337dbd27d1f0271b10feb7ccfe7325",1
"da4979810122a01a2c80c237aadf1076",1
"da4b82de35ca8462d67b19f61c341d48",1
"da4bf5caceaf3dd42fabc79cd07ef15b",1
"da5b3c439ff64212d1c44be0e884cb45",1
"da74a2397d73e2e1ae54634a486874d1",1
"da763ef1d85da4ac0fa2ca6350101881",1
"da7a0c4c11548846e1148208760121a7",6
"da7ce53b5117c3245f9c3f127f899b9a",6
"da878e2980235cd4e0ee0e9015b03a22",1
"da912cf49ffde06bad785b30fa4e8d3d",1
"da937476d74c946f4eeda122c2cf910b",1
"da98822a534f82841fd732d40e99d7d8",2
"da9dbcabaf40df3b5b82d653a03d54d2",2
"da9e0746989ba3beb47a37a207c24e66",1
"da9e08ae6c401995688933d44b5fd6b4",1
"da9f6441932468e7772c3aea1046138c",1
"daa2d7a468bac0001e06093131a6f3db",2
"daa3e8c751eb7c7d01a1e71ceefe1fe9",1
"daa6667e23836ef7f1fcb4c44d701685",2
"daaac734b15a95593f73e494ae55bcab",1
"dac11eaf46a34ac76ea0b36b0a293ac7",1
"dad0eb3dcc18f523f9a7fb39da71c7cc",4
"dad47e5c8804cfbf340eb0cf2178a92f",1
"dada0a8ae7f0fb98c7f4273fca3e4b4e",1
"dada64922a687625edb51be4e3d15c94",1
"dae6add2fe9eee8b3ff410db85cacd35",1
"daf913eb33c355f86b62a4397fd48b10",6
"dafdba45921da6fff0da09348803e3ba",6
"dafef47e49088ce97658f378c1356540",1
"daffa914aef7c2d47941f1817a38b03e",1
"db2aca5ea3e57253e9b640f633b991c3",6
"db3469a82a650287dabac747c508e8de",6
"db39babd051e53f7f0ab23900c0d2608",1
"db4b4a94754307f66e10d9c59ac32654",1
"db52c0aacfc759c9fe6c8dfcbdce0020",3
"db6c3b02fb8056ed0c058b181e663920",1
"db6de21fb4fd9bd749bc19e426ba6b04",1
"db6e4568dc9e92e48084ec9b187ca2f3",6
"db76d74e341b35c2b7131b17e4c0110a",1
"db7ad7433b955fc53e34ac1a861ccfc5",1
"db8265ecccf600bf0e0ca402e2102684",1
"db8cc259b67eeb8e6cdb19953d1f9cfd",6
"dbc0b2491725ba101a655e1ed358e5a4",1
"dbc15414e6f3026d1f260eafeafcc9f1",6
"dbc5adcc30c31ed1392975d254286d01",1
"dbca6137636761198318eaa42bedd6ed",1
"dbd56a297e6b0c13d6da85a93339816d",6
"dbda793bfd850ab80ef2bfce856be05d",1
"dbf87dac122dc51a0690948595fe6803",1
"dbf9d032703c766683c780de788c3fea",6
"dc04370c71f68231369db98b09c64d18",6
"dc0862694c69f3533e15e8aa125c74a8",1
"dc09e8d51f4727e0040b972c18c4bb39",1
"dc11ec3106e2b959567b58576dcb19c5",6
"dc13d145aaa27f7208b809f956a9aac2",1
"dc18722a4fdcac4e5315ed93c207ee4b",6
"dc1d9760cdcde13f9ea7b809493ed34b",1
"dc21c861d929147cfcf9cacc16612d4b",2
"dc25bf12ad61ffcc47e5d9be40a149b2",2
"dc3a112973f6a66d51170df85cf93624",1
"dc3a2a01dbc0b07024280ea31c5a7c5f",6
"dc3d57d1bb4e3f462ca61ba946483560",1
"dc418a81ea415f45ef62e125b8df70df",1
"dc4b3029aa27bb770c8b6a31db40d209",2
"dc4c04c999413c0e5ff97a13ebf358e9",1
"dc4cdb20d06c96cbb93d0f4749a73a3a",6
"dc59f1685111b960db35d4cb590b8a06",1
"dc5d645bf2024c63979760b7b13a29cc",6
"dc606465aedd62636f26879ef2892f04",1
"dc75457d2e84f0a1964f66892ee3cec4",5
"dc816788742b75d9ee82e8371b645aa9",1
"dc82bf6073f98c445108ebf987e642a0",1
"dc85796b1e999b426e992ce6d0460538",1
"dc8bb864cfc76d63e924b65fb2cb10bb",1
"dc8f85b5aa82e9ba2a3bdb656dc2d80d",1
"dc90dcbce3845f9903eb62efd56e7010",1
"dc928c5969e1356381a88e133fd02958",1
"dca681cae69c4627b72ddfc49d3db7ae",1
"dca9d925ab6a67ad89235a80a764af91",1
"dcaca86351b50fcbefa325f75eb2608a",1
"dcad5d130a8364907a9f6969df54a6a4",1
"dcadb09e09aa876b2280025487237d36",1
"dcae504076bf73e491995cd6a796ffc9",1
"dcb32768a5371f88fc098185264830fe",1
"dcb8d8be95f9808e941b80b77adcfd02",6
"dcbf4cd53ad9f4ab3d76ba2004e571ec",1
"dcc4b141c8d82b18a7a08e07a33a8f01",1
"dcc797602f8ba6d312b7777a41d9dca2",1
"dcc8378d5960e5c61bbeb4f390d86962",6
"dcc8744de7970389f847cd9c45bd8c14",1
"dcc9c055d94afaf2209de37da3d401b4",1
"dcca303537abb9dce382aad984a47661",1
"dcdcef365e92b010947b903eafac8e91",1
"dcdf62a69e1e0cac3fab770e993e11bd",4
"dce2e39976e67f69979b096ad6e4bdc7",1
"dce8bf1b49ba597d2162a4218870a6d8",1
"dceb937198373c7d8fd4025fca4e794d",1
"dcf263de7d39f1f66cce3c92f27f0b4d",2
"dd028935e9e7e78cd8d7ad025a9cb8db",1
"dd109207d0ab6d0b98af72f3495a98aa",1
"dd133396bacb7093802a2ad713d46706",1
"dd151ba07e02c094a0dd437b10177aaa",1
"dd2a1cb6cda827d9c21f7a0b73ca5dc2",1
"dd2b89a15ccc75d06afd5f9c840166b3",1
"dd323811ed10644e2b3d41bac56ebd66",6
"dd3e842008d8dc0137ce4509a0d6986a",6
"dd45ac1059418ebee8abdf9a45439544",1
"dd52f4f9ff6af6a468b4d786bf61995d",5
"dd58efc2fbdaf32d5354eefb48f37a82",1
"dd6342f0b850aa0f3b77b0006d658331",1
"dd704cf288a55a81654855aaad3fa275",1
"dd74126e866bb659c0676ecd7b4a2a07",1
"dd7471d195ab5b67410074f4d9da0432",1
"dd75cab19940fafb6ffcd3f449decf36",1
"dd772ce5c3a28901e944b53a3c9d2a91",6
"dd7afc47072a9bf98fd6df5fc1153730",1
"dd87d7ea3579f929fbff473ee54766ad",1
"dd8ef27171c669fbdaae485e4e924cd6",6
"dd9cd40c40143cbfa005a5c3c3f8bb4c",1
"dda6c60041d8b5b7a5b02d356c0a68ce",1
"ddabf1c2c408f5a418360d52a72c8e13",2
"ddae9ca4f8ff67b1748c43d485aa971c",1
"ddc6558e95aaea9f693fe706cccbd6d1",1
"dddd25ca285e1f2ce6e36b8975aa3ee0",6
"dde2025739cf57246f4e259cf781bc78",1
"ddecb0192fa9dd5975bd2fd82c6ddf47",1
"dded233c25786c18afddecafb5cc740c",1
"ddf5e622e2c0d834bf725ce074b77dcf",6
"ddfe6cc3f17d08f187706dcbba486d61",1
"de1151020cca18b811d52bd602aeded2",6
"de2ea9c800efca0fc828cd1a335a4c72",1
"de311d56f69a5f9f939f2733448b00d9",1
"de31a7f7ae39cc7671259419831d114a",1
"de34b10bcdd86a256663811243cedb14",6
"de46739c3243581a5e13dc53ba5d3697",2
"de490e1da97ee7243d1aec9ac86858b3",6
"de52b9ae0e3477fcdb19fa723fa075c7",1
"de568101158a8e651c9c9ffe7d3a6723",1
"de5b00b94925cd7a29d584b081a01d54",6
"de5befa3ad0829e6216d18dadfb13e69",5
"de5f3d9f238cd1819ad322b5029dd917",1
"de757c31fd5c778abebec5044b42acb4",6
"de799610f4a3f7d7b638467135918281",6
"de7acb9c5aca4ac4571d735612dd8ae8",1
"de8234327d2edf569be01c089f816ae6",1
"de83572df3ad56a073a3168eee757a7d",5
"de91eed56e3f92c8db5075cef4af5b19",1
"de945011d7788ba7fba1438f43cebf98",1
"dea195e6316dbd29c16b15d6c80688df",6
"dea4204da708d28ad20213ca95626f43",2
"dea6395c056ba7d611d1c5eac013f7b7",1
"deaece8973f18105bebb8749868457d0",1
"deb55f6f7e803b01931804d393e5e9cf",6
"deb65694cb8e27a3758fcc6f39eebfa8",1
"deb75f0c491c56be9c7f226623863b18",6
"dec9c13ffb5033e1f1cd3a02c3c251dd",1
"ded5e5c408ffa7ae015ca11c01d9f757",1
"dedbea51808d033040cc964334c7b160",5
"dee1aa8c0308b07baeaf94d941ad2f20",6
"deee9ac4da815af90198bb1d0a209459",1
"def69dc5e272a8d85f562deb3c00fda8",1
"defab764ef8054e02f5b7210d93660aa",6
"df07ff6dbfdee568db0218ab6c63d1ad",1
"df0f1276409f094a2a38c33b2a6f2631",6
"df126f83f107ab21eb42199d9e503b3e",1
"df193049ff000224083a40b9fbf1f9db",1
"df2454ce37c725ff6bd2f8b4f04be32e",1
"df24a035e17a207444469a8b9960dac0",1
"df289ccfb97ddcc5ad840feeb5d2d04d",1
"df340c6f869a4365e663fcd3a6c2b02a",1
"df3988b4cbb8c0f1bd294363bfdca82a",1
"df3a25e516245a10e4bc506ad0c8cc8f",2
"df3f21747d1113f50ac5e4f426283fa5",1
"df41aec36d9f7bf4fff565da5923ad2f",1
"df466ffda7bfcfa34bf64172a2fe1c9d",1
"df4bb5df587b99946991777d0eb3bc63",5
"df4c9b4def4fc64d679b1398a4a434ac",1
"df5c6205bb274ad3f233894c6662d252",1
"df6011e5cf8060bbda896ba38902cf0c",2
"df67477f5966072eee27bbf9e0ccf16f",1
"df6748eb2cc8666129c18dfb91ca8f4c",1
"df7ba630ee795bf891c5120360c5b507",1
"df804fedd27443ce0403e707754dafde",5
"df835c0524b6fce58c76dbf4aeacf325",1
"df84eb0761bf3df6680874c61f5541be",1
"df86ef71e4031119894d0d076a430d41",1
"df9a0d9b65741fc610324b7e039e8d18",1
"dfa6078b3fb7b132ee9310c3081d45f4",1
"dfc0bcdfd0877f49995359a2df0fdaee",1
"dfc31b0c8555a4956299a36cf64854ab",1
"dfca22ee813720c7f48c2c4e31fd58b6",6
"dfcc038c506b79da4f42f28f2aeab2cc",1
"dfeb8b0b4950d0851636151ab434c2f7",1
"dff00f5708df6d782cbf4adeba476090",6
"dff8de8ac5489ff0e6a63389037e307e",1
"dffb6f82a00ca50189ccfa9b177bfa69",1
"dffbcabe89c437894739098ff15611ec",1
"e000a2cdab55e803a3f518f9bac32a1e",1
"e00dadd224f383f8c238cce38d5d8158",6
"e012895fbf51c456961c2f6810afa6dd",6
"e015aaa8befcc31169de48e911a50ee1",1
"e015bc6027687e15754ff46489aa758b",6
"e015f764f7435a89a5bef02e65434871",1
"e01aba1fed5863632adcd06a6c122d93",1
"e01d239e048a757423357ebbb37e0e78",1
"e01f0a3d29a22bb07643ffddeaad8ce8",1
"e02854a6bc22f4ba21c28b7513ddc681",1
"e02bbd2342e2c975669eabebbafd9188",1
"e02ec1c80abc615c542a8b6f87d0aad5",1
"e032840608649df55132c4f215e93e04",1
"e04b4f84c255912912a6b2181c6c48e8",1
"e04bce30638d04bfcb52ac4f07caec94",1
"e04dc0020ec8e7088e06f5bf8ebb939a",1
"e04e00f2a0b15151f1f8440649406013",6
"e0581087cd99a9612582b87a92267336",6
"e069821b140e2348b3643bdb7ace57b0",1
"e06f727f6c7b314b0e1f336b70c4562a",1
"e0711863a16c04364d1ea3613c2bd699",4
"e071c086f176404072656f4f05eacf0b",5
"e074ac1b121231d394d420549904aa1b",1
"e0764496706d6462ebc59c0ae4ea2b33",1
"e07a610b93067c07c9632eab3edba5c4",4
"e07dd9ac6e7f65ea9db3c6643798d602",1
"e07eba76a13180d96042125fc85f407e",4
"e09650554e191576520601bfc696e21d",1
"e096dd1db21a4d534415d02cb68bbdac",1
"e0999616019135fc88a90a6b0551f0c9",1
"e09d16abd2b46155e4d9c25b6eff8d34",6
"e09f51cb4c9a60f43b257968cf06ff73",1
"e0a54fc8ab0109d7bfb5ea8ab8b07ee5",6
"e0b1e95acab86ec14021d171aa8779f0",1
"e0b5411a17418513ddd09fa18e33b217",3
"e0be5c6745f206b65b7d1f4e54f9e1c1",1
"e0bfc659473ad45f7011918a3e18ee14",1
"e0c2147a9131bb1f053532e958b8d9eb",1
"e0c2e7958a85a3344d1fcc8db59ea78a",1
"e0c560ef6ab25a848198048758f25c19",1
"e0d6cf402fafd3d037a0b8721caac52f",1
"e0dad72f4d6aa30031bb59a60781a855",1
"e0e12c13c81415fd8a3792bac92d25af",6
"e0ea674efec4507a05453d1b1744569a",6
"e0eaf7abd4f9dbd64b207eb296702fdd",1
"e0ecb4537d595bea4cc2ed40e55afe66",1
"e0ecdc0b7abcc87f42bbc1f0d5eca934",1
"e0ee472d03d3a18166e154064cc5f65a",1
"e0fb76e1b41d1b535c5f8dba651f2678",1
"e0fec69f8b4a160355927b0e2104ba42",1
"e10ae4f0e2f0bb910e550f7e72357cf2",1
"e10ed0247da5d5414cb6050d2e2986fb",6
"e115c5d942fe733e1910776e8e1884f6",6
"e11f67cc04d75b7e3a7a5f919d77c50d",1
"e120e4c848f5f128d2495da865dd2153",1
"e13adc1a603429045f8e8b8d7fc30296",5
"e159230b0aef1bc680f9877ced686fe6",1
"e15faed615ea278a390f7accc5398381",1
"e160d9933c0279ddd8741e11a50065d3",6
"e160e29ae7148d0c8bd887a6e6e4a566",6
"e161f8003d53bcdd945aac84508c3c65",1
"e1763d434e417aabc74a19d03d054a25",1
"e179a6de3d8f8e24cb466aac902e662e",1
"e188b1a227f1e37d1dad979f659eace0",1
"e189f2e91a55b27df0c22d9fa7c3216b",6
"e19123231e4a6610fb49191b87553b41",1
"e1923482e6783864cea62dda0a2a8d0c",4
"e1af0750677adb8598cb959f7cb3a2db",1
"e1ba8bc37007f73fba85ed1f14faf5ea",5
"e1c2ff711feac8c249a9ef294503c273",6
"e1cba5270490a78c6c314a9977411e00",1
"e1cbbdf699b64270b7340477cda1610a",1
"e1d6705097791ca629257f5c53b27048",1
"e1d731d105e1415c393f3d6d53f3a2e1",1
"e1d75643d6c5dc65a7fff4b3536f58ef",1
"e1d86c680ff897720579789ec58db25b",1
"e1dacd3b6c2c5dfa817d1852e6776c06",1
"e1dcff959ad4ed379fa047cf4b6a1355",4
"e1dddcee968b69926ca79fe912765ca7",1
"e1e4f632a47e5e0e05b0050df1945e06",1
"e1e884e056a794e29a5033058684fbff",6
"e1ed4bbcad7a7be16c2995cb9154e885",1
"e1f06b0a106f14b1071bdeb3a1a91949",1
"e1f2c7ae07fea1e2585c5696b82482a4",5
"e1f950d702d7aa25304df91d62d192b0",5
"e1fa6f7df320857f3515d4021c3c9a11",1
"e20280297057fd5eca887afac7c3672d",1
"e202b7883e328c46726b36b8157998de",6
"e20730adfb9aeb6b2795115f23b6d891",4
"e20c2e97f542e7e37466d859b189df80",6
"e2127c3f9bcdba623be66450a8270486",1
"e2142f4f1c326de0f6f66cdbe4babeb9",1
"e214aa99b4d74aa92fa10f0a82ca3e62",6
"e2188240fb6e5b1dc73bdf8979713f85",1
"e22ad80193876f9c951a9c1f7e7c7883",1
"e22d6d91217435d39b50ed32cbdb4e8f",1
"e238be7c2e341371b96f44c939bd36f6",1
"e23accbfe8524aad3398a8ae34088622",1
"e23ff02b168d9826f7fb08534969242f",6
"e2401a639e98d697519198b45045a69a",5
"e2500048e2665f2ec332809c6a802bbe",6
"e25184b67399b13bd71e6cf6cbef9e79",1
"e2548a9901015ac355db5d9810ea180a",1
"e258df05686b44162e7f373078e5b21b",5
"e25978e2bafe7e83a3b262f42ac7790d",1
"e25abf061eabc6a2e858a2c2bd429e8f",1
"e25d2bdcc86530b3de35b5362ff55691",1
"e261552bf9eba48c0e4ef4fb851a867a",1
"e26a7bca1b26b1ff22cc2ff66584b926",1
"e26df73df0055e440d1b03e5560c5655",2
"e26e17cb7758bd52773009095cedf748",1
"e272d91ba6ed176e943f643e9c004c0e",1
"e275eaabe62b556891b97efabc5e1e1c",1
"e28278e4ee623c5c3c7e36f427dc5d9c",1
"e2873d98368e2b005c20c52e5885ce5a",2
"e287476df2f9b595ed3dac5b5207172d",4
"e28eceb6009dc3be0fdaae98b78626cc",2
"e29324f0f4a48dc9f018443b32ca8cfb",1
"e29e85013f4e95a45ae7ad7c7dabd989",4
"e2a10fb0b38089e5d88537170b02eb8f",3
"e2acd57e0597d4e9d4421d92e327f57f",1
"e2b4cbe744cb5743a9dd9a4ca75f7b45",1
"e2b86199a578c6d21d54abdd147fc823",2
"e2c2479a4216ea30e4d09bd1c3327f07",1
"e2ca22e5ff910c3abe532af99b967404",6
"e2cb095ca3b6349469aec5e6d3e0ae12",1
"e2cb4807ca86ff02c5959caa3c33614a",1
"e2d09fb8bd794a25ebdd69c01e96fe2e",1
"e2d456597cbe80dba60992784d07a117",1
"e2dba742566a35c7ab840bdacd8c84e0",2
"e2de12146df06282b9c17794198d287d",1
"e2e83e4dbfb92e8700a139aeee352bbd",1
"e2f01c45ef0dbca4e0600ff2c957a74f",1
"e2fe3c02bbcb780cef067ac877c436c1",6
"e30e6fadc0d13edf70612387583097b6",4
"e311f4e9ca63fd6ce54e02e6c6e0bbdb",1
"e3157e32fdcfec0876c63a10b8e6dcfa",1
"e3184e1653ff22b1a804d071eea398e3",2
"e3198f751b6b5db9736f94f8b293e530",1
"e31dd879a5fe9692b9f9e3526ee294dc",6
"e31fa039e23dfb26f96114a951d6942d",2
"e322cc10f3b6f42ae2f6dc039dd09c66",1
"e33adb0edde03651a3964a882753e2dd",1
"e33bb6c5409f212021b7b6e1ac5f5640",1
"e33cdc38f9e7dff46d8449307bc92980",1
"e3501ef6a6ada654e6b831bbc9f7a737",1
"e35ac26f39f2e2145c203b6a51278fad",1
"e36859c4d7bbc44a675844dc6b6ba8cc",1
"e36bb1ede7d02672a14504d45fd3afbe",1
"e37636738a8692f8bfb85c030febb2a5",1
"e37ffe053dcaa9ca95b9dd6e87a3ede9",6
"e3817c32fdd53468f22494749ebbf486",1
"e384156ce76d3247ea9622d44d1e65cc",6
"e38f1d2412f088991dd9feba27ea8b8b",6
"e3907710dae97a62e7a4fc50820497d3",6
"e3aa466d6005d1e8cab3b85c2992076e",6
"e3ad619ccc834de1587f5e8a8ed9e47f",1
"e3b9ec3ac840dd062e551a56d96b3b59",1
"e3c2ed12a22062f6376656448aa51e88",1
"e3cc15f315f1ce0a0fe6b7c5f83135ff",1
"e3cee9d7bd75f14270921bef2655122d",1
"e3cffd9f4daad5cdc545971acc8b05a4",6
"e3dc8fc29c8e2bb372475550a4d46962",1
"e3eb360e1a5a4b7a273931ebe0fe4d0c",6
"e3f09308f79df701ce46235d19738437",6
"e3f27b0defb1b910069f1fdd127d835f",6
"e3fc1107d3af05da2460170a6b4c971b",6
"e3fc9acfa0857e49f99e21bcca58963b",1
"e403cda071191b3ec957c7e9e36d69a8",1
"e4109aef8d3594755756013e8a452f59",6
"e411a7b4f1b934b0c821c4a702fe604a",1
"e412844856dd2f150e95b27cb7c6b0f3",1
"e42090710f629279dcf829c1cda564cc",4
"e423ff53e59db832ef43c2f6f29e6301",1
"e42443d8d0598258c473649733125db3",1
"e42db14efa0d1356984e8a263fbacbc1",6
"e4392e2e48c76be1af8e77e63fced8de",1
"e43a38305ae41998fc9ac85f7ab39ef7",1
"e440a01b5c1218c651a8e63e25c2f786",6
"e4418e17d1f99cbef6ff999d5f1e9ffa",6
"e451310eb4c4f635879bd10acc00bb42",1
"e451baf3b05d9f5b831ceec89acd784f",1
"e4565507d49da82cfb5fcbd4a9ed9239",1
"e4595e5245402c23e4b1be50f7066cec",4
"e45bf5579c176b3913181cbe32b83a67",4
"e46b0d7aa3f8d7989aa38dfc623b4004",1
"e46f46373c2fa70c4ad467d2ce404437",6
"e47150f863f9a211c5da15a6d56eb456",1
"e47658f05da30709c040c4f744f1ff74",1
"e4aa35812a88f7a7eb416ac2fe7bc0b0",1
"e4b3a554e28620f2ee6e691af3b9ff2e",5
"e4b6327d9dab280b3005da847df01f94",5
"e4b991ea20a6492b1d73e06d18638dd6",1
"e4c323eedd110c40e05c004d9acb95dc",2
"e4c6f3c4c8a7659a95543b9f38e57439",1
"e4d20e845fa328f88d78f47769f819b7",1
"e4d347df88667e8fd2b8ef6d106640b7",1
"e4dbc9566069fa52819c00fb78c0fd0a",6
"e4ea95027a84422c70d720c0fe699f7d",1
"e4f32f86976fed37a8d5c25d07b21b8a",4
"e4f6222554c80e018d29fe8b9165f63d",6
"e4fabbb1e943d74ddb2f4718e264e101",6
"e4fc96671376de0d473ddc9252f6ed88",6
"e4fd2988cb9b31efe995513434be7ad1",1
"e500b19e6836b895b479d442050ac883",6
"e502de5acbe4a9fe93ba5635ad54fadf",1
"e5037ffa48c35c11e1502d06ccf9ceea",6
"e5058fa6a0eeacdaa3833e7de289dd4e",1
"e505bda180d40784d1a4f1e0b36734ce",1
"e51588140b4ff6d1596b9b421b9e336d",2
"e51ba4db5b8de2a4e5537bb478939595",1
"e528434df503a793daf642b312722b0f",1
"e530c6c0ba9ddd9f2eecd0cd5b8aef03",6
"e53690417cc5eb7df331a689cccf10b3",1
"e53d491a9d7e049b27c32a892344fca2",1
"e540019755be97ea7e97df89610bd044",1
"e543ed8101f908dfcb410f10a83ad36d",1
"e5451567acd59dfc03ae5dc02ee1c94b",6
"e551d1c1aa88bcf4515e55c9afad776d",1
"e552769dc6990b97f9e96919463f513a",1
"e5543c349a6caf2dea3927d4ee604254",1
"e554c8ef102c5e13173acdc59be44bd8",4
"e5582be57e6741a09484e35bf655cfc9",6
"e5612a9cab872b014b2f8842c151f22e",1
"e59fdce3857bfd60d74cf34ef8ac5242",1
"e5a11e97a115a0185fc90a02787051bf",1
"e5a24cf2417c82b643a80d5295d2e612",1
"e5a376c1637aa0e3aa14f6a241f561cc",2
"e5a4bbcf006ca8ed8e26dc847a2cbdc9",1
"e5b4fd77ef92dfa215e8272a6aabc8c5",1
"e5c8fdff5f03748e581cf02c63c40041",6
"e5cd1e27b004618d1d74ebe61fb25c68",1
"e5cf5c8929cdaeb71f9362fb5522f9ea",1
"e5defdde17890eec0e1b5f8949f63f31",1
"e5e56914047eaf4fd16e9979dad10012",5
"e5ebe2eb3494752ecd12f9a28f8f3fd7",1
"e5ec7134bb16918c0ec9d363d6f29552",1
"e5ee36b93b0fff76ee6e31c3fecffdd8",1
"e5f0abffa5b7820a962cee5f5ebbea19",4
"e5f85b9a76b69248c70b02ec27740679",6
"e5f9557902c80b86b6152f0921647e1d",4
"e5fb4eaf055faf200726a76c264c2184",1
"e5fb6be4a0b587fb5ca11d40f3b03d8f",1
"e5fde24b3101596ced8b49513a8ea935",1
"e5fe56f3b9176e7280ebfa9737acdbef",1
"e601633a73a6f267133129e510a08138",1
"e6138f283ece7d47121bec436ebcba7c",1
"e617846e534874247bd88500234838d5",1
"e61da38141123e26d7c23c7970c65f87",1
"e620b2abcd1062af6eeddfb4a546e55d",1
"e62898a0728afda4191bfff457484b82",6
"e62b3bc22acf60ed601591d317a459e2",1
"e62bfd2e183c913b37a51f26dfb1419b",4
"e62da7672eb24a7aed7f36b3abd08ee7",6
"e62e25da81bce7ccae5fabed5add3e8b",1
"e636fc48392cf0218371817dec8a37d9",2
"e643be16474de34868f0846561acf7c3",1
"e644290943dd7dec178291c651c24c00",1
"e6501862e7b83841a74fa431bb602a04",1
"e65d7a23f74d87f91e324751b5a4021d",6
"e662479aabe1853dc9bf6caf846813a8",1
"e67ca2072a45f7ed63b4d52791366e86",1
"e683fa59e35a99088f5cb0036ee165d5",1
"e68ac0ac98894be0e2defd854c0eb028",6
"e69bcac83d5896f2a36792eb9af0340d",6
"e69d68add483c853191e5b6a352eae05",1
"e6a65ff546743784c042020e9ac93f79",1
"e6a66a7959a61d06d45b2142b22161f3",1
"e6ae66b4de9ca8fc36dac2966394b93d",1
"e6b60e1c6e39d3a6cf531de4b3593d1b",1
"e6c0f992c2382178293f867c743061ee",1
"e6c354a81d081747322ffd35620fd2a5",6
"e6d3a46206a487666618349601e23230",1
"e6d83f93832c72aeca705203610bcf3f",1
"e6eb655091385c87225465a4ff15ad99",6
"e6f30e698471a54495852d7d27a81396",6
"e6fffe1d96fd18c6d7caa6f79ad58555",1
"e705873d20f251d6b3030fdc2cae3b04",1
"e7087262df025608370b0116fb4283e2",1
"e70b6cb0e2c5dc61eb114a293bf6104e",1
"e70df9cc7e06a58f86a543979ee33dc5",3
"e7110279be03e50778bb928cbd04c2f3",1
"e71920c2b2483a31d0718f93ad9491fd",5
"e7194433e6211b9af668f2c3315bdd5e",1
"e71c42ecbb01b6a35647377dc9512bd2",6
"e7236b7293edfd16d224a1156a721704",1
"e72a4f86e7ca7f817d188783c1ad86de",1
"e7371651dafaa193c1d31dd49ff2228b",1
"e73fdf8e2829712bf0253799d0ec7285",1
"e7475106f5377fe97889bcb83d72bd7b",1
"e750abdb25085507e03850e7fbb844d6",1
"e762910b8f33404859ab1739467408c6",1
"e7693e2f5304bb7c6ceda4c99f6f2abb",5
"e76c451adaa8158237024aac13417e59",2
"e771308bc1af046688abf60b890c5b89",1
"e776b9994508b8749f0804e824a3c350",1
"e776d33c993966fe196b3bf14b36cd03",6
"e78af81b8db0f1311686f2d8139fc5c5",2
"e7958fa3bf15747f4e1151f0a3287e5f",1
"e799e66b3ab045de52101288bb931723",1
"e79ddb85ea02cdbc2f2792a2f3d34606",1
"e7a246209dc1bba16b42e4c68a8f121c",1
"e7a3701a1cd2d8ff912fd1e268806497",1
"e7a8d1a3975a3eba6847dbe557a67d24",6
"e7abc412284d6d4cc767a554cb50e631",1
"e7b2308e7c28ff176c71f72e8499d5c1",6
"e7b532e1687105f53066535d06027a30",1
"e7c6fed0936bef8620f02b4e4a683346",1
"e7c7571c5aee12d4a729fe27234d4783",6
"e7cb5a4dbd031e476ea584442b9d7e04",1
"e7ccc24701867166f85fd489edcbc92c",1
"e7d76630cca5faac8752f74560d2f6b0",1
"e7d8723e35f89c4122a133e0f4883a31",1
"e7dcb7a92846383b1a2e46325c177c66",1
"e7e2f64a5a6df3226b134f8bab656802",1
"e7e946b74da414c77137d0a165417d20",6
"e7ea75dd541792ae52b8ddc1c7036c2b",1
"e7f03f14b130371d2e4be5febe976355",1
"e7f8ad52802e08635ed43fb8541bc615",1
"e8049857ac0cff049140b10c1f6bb0bf",1
"e805aac9d34480a3a272ca24acba35c1",2
"e806bc059e2c601b624cd07343803105",1
"e807b110ac750874ab5ccc8727590ff9",1
"e80a6e86b3aafe1cec410299b097d632",1
"e80bf49d61d1826152b61f70c0124cd2",6
"e80c95041b25a43f32927be97a36dc17",6
"e811b4ef9f1b6b2f6d58f8d1b2e8aaf0",6
"e81eebcb6b7769dcb2ef10bc4cc3670c",6
"e820f146f700ba62d9d1cc9413bacae6",6
"e82d86c7215d27253d510024a13ae777",1
"e839e394a4b1dfd1eb5dabc2a7a2f66a",1
"e841207a3837a800f5475acd47a06a0c",1
"e84da4164280f20d05b195d518a38861",1
"e85218b479a697c33327f04d17400165",1
"e85328a00b254fac9ff25e82b0d5e65a",1
"e855c51ff0b3eea19ce669b6234255ff",1
"e856b52dacaccc6441abf6e0fc09b3b8",1
"e857506eb2a4b0731700474b2474eb56",1
"e866c6b6d4b6c781c6d09a843eeda16e",1
"e871ff3d0360ef12666c9edcead1c003",1
"e87250c65a86589a10cbb15a92bf05a8",1
"e8823471e5dc80034c59bd46551723bc",1
"e884dbf9d5ffce20a764c0b8f37d572f",6
"e885ae0093defa1178e6424a1dae46cb",1
"e887cf6398b049c69d815c3d55470518",4
"e88a1cbd37c24574d2799b78d5eda311",1
"e8920a07357139c47165497994b19bed",4
"e89c29ee5c4bb04f97a26f56dcc290a1",6
"e8a763ec3fdac163cb1435b2e2fd3fb0",1
"e8bd7c708a22807de9370624908e0ff4",2
"e8c0393acc94fa43dbc4d0a857052993",1
"e8c36afa8d08a05ebbcc092f9fc10d7e",6
"e8cd1398100f9af6b848ce87643cdd3e",1
"e8cdbe11daeb9ddc8e4c43b30202a563",1
"e8d211dafc26e42a7dbf11e7c21445c0",1
"e8d645e79b00ec77ebf44bb21f60cca0",6
"e8de587a27ff64df3fbb91669530e6a4",1
"e8e9682d95a0f81c2835a4b9c0cf902c",1
"e8ed81f211f4e639049136877f2688b3",6
"e8f9198d95c9fb718b4665f61c5802e3",6
"e8f9605d1f97361ddd52471671932012",5
"e8fdc5dbd150c7e8e9824a16bb3c35a3",6
"e9038db81a381261091d5d03792fa7e1",6
"e903d3483b636d3ecf53d979f3ed2e1f",1
"e91a01ecff610f5a4970220a7cafd067",1
"e91c7102e1ff90343ec2cdb8f513fbd8",1
"e9291920e42d206a36fca58e8e12c034",6
"e92e27bf6065e3711250e67ee435144d",6
"e92e47f1eeef84a4a1f9234fa05cb525",1
"e947d476c15c7210dc5e2b5fb0632676",1
"e94a35889ebf099b5ca82351fc8c890c",4
"e94e081b55a7b6791cb706e6facfd5fc",1
"e950517bfe22a0a693802bf2b262474d",1
"e95094bbb1f7d5b02fd3a2d83ba6f2d3",1
"e9576e48a81deafb3985075aab2a8c8f",1
"e96ac7461a3779d4344873b635cf45aa",1
"e96c618f64ab255046c3f8f067551468",1
"e96e0853ba8225cb75869b55ff4684c8",1
"e96e6b178805c3d08733eec012d4acc0",1
"e96f6fb785307f1da7b295ec5c47d877",6
"e971f5d81dc597b5ca8d248e55a816c3",1
"e980297e39f17b78e74e98582609fb3f",1
"e996c4c1d6b70cc6ec2cee27dd08bb6e",1
"e99abe730481eaccf8b69f26375e709f",1
"e9ad26ac32850589a3eea8ccab98456a",1
"e9ae59d3108339a21eb1285e7c9f592b",1
"e9c27f7be639409f8cae0513d614abdb",1
"e9c3239df21c254d1c217aab093953a4",1
"e9cdf5e511a10eca45bcad2ad7f76383",1
"e9d08e9b4d928ef406c9eaa29b11de5a",1
"e9dbc98232fe482655f14f311c683549",1
"e9eb113f355cf17d5f3d4eb8dbd84831",2
"e9f03d0c6d1fb00ee45ad48f3bac8df6",1
"e9f5cda1887e23c8395b90906a6c94b4",1
"ea0404608e21f6c9afa6a0f4a5db263b",3
"ea044a08ce1bcb484800c33aacd8f978",1
"ea0a41f4821437a364030ef7fcf8cb77",1
"ea0bb15a4d0ae7f96570aaabdabfa2c0",1
"ea1193fcacb8f3016961bbebee846220",1
"ea1864ff36d4c7c5a8414880c8616d62",5
"ea200700e698ce014c9976a34e97cb0f",1
"ea38cd59fb1dfffd8f15f9f276100df6",6
"ea3bfc5e3e29f1b853c5a75e59d66a68",3
"ea41c4dfbcf0c8a2196802ee9d0ab6b6",1
"ea5255496dad50709bbf08754961b226",1
"ea5277ddee5004069c22b6f779c9a8fe",1
"ea5471583b30518eda0ade777c0a9f39",1
"ea57e45c13b4ee1f93b4167b6ea6fd3f",6
"ea5df6a8f5af595a52298fc489295c1b",6
"ea6a6aa4b05ef763712a74086889509d",6
"ea6f7b796431212ca9f17fd67e6bf6b4",1
"ea786f2adae815284145276308755c6a",1
"ea78eeb27e28edbbbe2bc4353138b492",6
"ea7915c41c0e5b7ca04c51afffe2c405",1
"ea79b5696a535f80a8edb6b1c3f13d29",1
"ea874060b38724db35eeb870614b2588",1
"ea92738883cd441f759755ca3e028016",1
"ea93981b3cfd18f83f15828e24610dbb",1
"ea9590925bca6e67cde299f4e60b274b",1
"ea9a11591580a183cdca40d479ab4e37",6
"ea9a18f2058f6dfa223b35a4e26eebe9",1
"ea9d4036cb45f6cdc76d1496327bf7dd",1
"ea9d90247e1508aa97d900c5e61e4c9f",1
"ea9fc25d389a36757e39bf4dc8cc4e40",4
"eaa095c30b32ab0806ac8c6716b6d715",1
"eaa250bcec0d185cfc68de79d8089b9c",1
"eab0388d2dfe43ca3c393caadc8d46ad",5
"eab1d599b81adbbcc40e126652842a78",1
"eab27dd81c311f30298b32cae9d1753f",1
"eab3d8f5a24d41c3d7a3b8b301421b98",1
"eac3f2c3b310f078bb1dd667f29cf923",1
"eaca2d4f47fd417aea8228bc6991e197",1
"ead604a7a16808c072e85f57b425d767",1
"ead6164b6d1baff7232bac8f0055cdad",1
"eade3ce9bedcab6acd25f17601898f4e",1
"eae0fc21b9cacc1424616ce1f561b3b6",6
"eaed40c25e5024d250ce2e21751f59eb",4
"eaf13e576775a08cf9e4731ca66be2fa",1
"eb12a2fbf2219e48e731432089ecd437",5
"eb2b56dfba4ceeab70c29e6cccc6fe80",1
"eb3674c50089a8a78324aa45828e14d8",1
"eb369ecf0caefd822b75454396e13de9",2
"eb44fbd50c0fa2d2fdc9019aa890ea59",1
"eb49821a5c744ba68bc9da0bd3839571",4
"eb4992a0b5e5094a86ac802c21a60e56",1
"eb65c3bf8174b3675b7ec4c33f27d3b0",1
"eb6aa93b839ddab1e308a6e0654fd0bf",1
"eb6e2c54e4a4e6dd3673e78b5d6592ad",1
"eb794c2a541791c5570b8ed6c4c72176",1
"eb8282699b7068eb71da33c54f143d66",2
"eb889b21756ee010411b9c13add0947c",6
"eb8ccb913d7d4d0bb7705826a92ae916",1
"eb8d4296d26b5867a07e823e7300089d",1
"eb9d2b2cf1eb6dbb031aca5a91466888",1
"eb9e29fb3e44835b2862f70098af5d1a",1
"eba615b2dba6e52a1e600eab1b203ae5",1
"ebac3423f9b382ea0635e760ebbb462c",6
"ebaf5f7a2ea9e086fc7520d5686ac259",6
"ebb4297b1cbb6c340f8567082efc0eb9",6
"ebbfec5b5153d0371f04818dbc53df62",1
"ebc3431be521f20b760a2d10f5db06c3",1
"ebc4dbf82f1f150bafdd03c368769390",6
"ebcbf1dcdc2e0ee7574d54dfdae84127",1
"ebcd68b7bf8bb202a5b8b8870bc0ecca",1
"ebced14c57eeace4dc18a7581a722b4d",1
"ebe41bb2c845f01ea3dc5cb0a096b439",5
"ebe8f97cf808414f81da87a6bd0129ad",1
"ebe928933d17d99aaa781b687b77f082",6
"ebefec68b4a4cf7c0060871310a68b32",1
"ebfefbf929887f893baf4e9611cf3388",1
"ec04f0d9a30094796527cc458f432972",1
"ec0cf06a5cdc7621b5811a64c0e4e0f6",1
"ec1179571f19897e11628c944b628d6d",1
"ec17c5bf9a5c08e04022316efeacdd44",1
"ec20693ef77027ebfd46a292140a29cf",6
"ec2e2b31e4ff72b43898bc90a9d53770",1
"ec4bf01125e43633c5260ea7dec7e0f4",1
"ec564c917535b0d943ff953091b23be2",1
"ec69c935b3645488d336772bce91a694",1
"ec72a308eef4ff361932ccdefc7fe329",1
"ec737691ed3deb8959aa25ee9ac8efe7",1
"ec78928bdcb402918f11c2595e27f586",1
"ec7e550d73df72aecb56c72e16bb0eab",4
"ec8affb6ca56148a1fa93cb3f81c70b1",1
"ec8e74895ae851e97c3d1740a792de61",1
"eca1ffff81d187a222df2d3aafb1e613",1
"eca70dc338951f0285654875403ffad5",1
"eca72022a0d48740bb131620aab1ad13",6
"ecac591364f6df433194759ebf085b58",1
"ecbb96a3ce82ae7b9438d2009d341ea2",1
"ecca6357bb6f4e613cc78b4d75b46426",1
"eccbe0f343bad5688d65efde469d4efc",1
"ecd17eafde2bfaa04ef2432a7534652f",3
"ecd1e488d7dcd4fce7f3dca9bebc8d6f",1
"ecda4c6dff3bdf98d3cb7630d0c95949",6
"ecde631f3001b9040157fa28b427b781",6
"eced4f1bb1503a8603bea96618f64d15",1
"ecef747286f1d58bf256b8c305e5b54a",4
"ed04aa9e308e61412838498ca096eca7",1
"ed09a7505f79e79f1509481cf5457cbe",1
"ed0fcac1fc3e21816cfd3d643eb0a390",1
"ed111357d91308992f06490fe7ad3d24",1
"ed13390ac29bea9c57b75d82960da5fd",6
"ed1c59fcfbbbfdb2f7948746b0748285",2
"ed216425dae6610232e28f2572ff5919",1
"ed21722f911e900c95d7325dc7b1ace5",1
"ed22a0c90f46609c6eb137fe40a9c44b",1
"ed2410d42dc399cea734114380097683",1
"ed2443e937638775b2ddf8c2406bd127",1
"ed29931b811d653dce436494dd38501f",1
"ed43b536f2df778d1e9edc1138c1f8e4",1
"ed58fc9bc8bc8c9bfcf11193fb0386c7",1
"ed5a3e9f77e3e958994534741f3a1917",1
"ed5ffda1e7fad77c35f1933e3bacd068",1
"ed619b1baa2951f76bce355f0f51cbdf",3
"ed62769aa84c1de2a213d0cd3e2edfba",1
"ed6444a933c779e0e802a391dffcfe96",1
"ed6ac76165728f22a1f956879bfd33a1",2
"ed7f4adf4dcb48a73202a20e468613b9",1
"ed8a3d33251b85222ec5104a7820f062",4
"ed8cc3da9c78387608d5b920d5a8bc52",1
"ed8de83c25fe86b6a6938cb2815ef12c",6
"ed9394785b00357d81941ffaa21b2c14",1
"ed950ead5dd020e4ee2e726d489d3ac9",6
"ed9a2c929c6c0b6efd144c44564373bc",5
"ed9e01fa507420551ca3ff20a70f490a",6
"eda0a72582f59b9d0d03b58499bf7c3b",1
"eda280806416b243a675015ca6915958",3
"eda8895a9263a3310973b5293a54ecd2",6
"edaa8991a0b084257f7496ae870fd73a",1
"edacd5b5b495f8203b83acf1fb955e31",1
"edaddd363f2ab7f3c4c01c8fd594d061",4
"edaee74826f6c03fcda0881855e9aa1c",6
"edb89ccea656b5e267075e73d8e2b754",1
"edbe5d57f8ed8ec4c413b3485c2a1d8d",1
"edcabe63892bc372b68ceff04f3b6aa4",1
"edd45e6c2af5a2b4d38a9b48eb3d7679",1
"edd46dfea44358170df5ceb72eff7397",1
"edd956863f7989d750ce9adeca0458ef",1
"edd98fe35a669b47dbaa1405378305d4",1
"ede06af59696e9c3cc9bf48a27f29f97",6
"ede867dda77a198655f27a06aa98f2ad",4
"edf34035d72625f12c8feec35ad97aa7",6
"edfc5d6acaae9f89afa8ca2a7646aba3",1
"ee036a4e02ecec4c79b6bce10f84e3c2",5
"ee09bdfe129583cfe8a28abeced9d7e6",1
"ee0c621f5d30bc791905807f4f0caf66",1
"ee10fdde2caa3d8d22b64b0f8642b348",6
"ee228d4968e54121ffb0e4867a7c4887",6
"ee22f412f34ba241b11bf505f76b9636",1
"ee339dc55bbbcb964def91b53b05868c",1
"ee42bb70c73c674b0d4ee957eb9f164a",1
"ee4a400d8c7f8bf0356ec4dd08b18b32",1
"ee4ba0123cef7542b231826e4afbac73",1
"ee5945acf64e4ae3f7e80f1319c555cc",1
"ee6051656591a40815fde779127aa468",1
"ee66ee228da0800fdcaea79b03dfb5c6",1
"ee6eb154a039736c51507614e3ea3eda",1
"ee79efd27350894804e23d42e43028db",2
"ee875629cec19e65265c4e392b76d9a0",6
"ee89214df74dc4b4e50e33dd0d989341",1
"ee956e6313a8bee285f0e6bcf6e5330f",4
"ee9e9b8284a1c670ae03f79f60a37544",1
"ee9fd87cf0827bf1e8152ff2a44ff0f3",1
"eea179f65a1c58ddb532ffb0aee0877f",6
"eea4c07fa73ccdbedbf7be76f1f5129f",1
"eeb271281e2e8903d84888aa6b9bd771",4
"eeb39616b9d2511b203ce9d9e23e1658",1
"eeb827c5cec8b23fd32205587449a097",2
"eeb87436ce4967a24b045940093b0b51",6
"eeb99e2ccdc88209acb34895ebd92ffc",1
"eeb9ad4f3021462c377f49e59052dee2",1
"eebe2b98893230291f047abde7f73cbf",1
"eec57e2f6a6dcb5b2252ed54d40cecb4",1
"eed0b95645fa8ce9103974214815d68e",1
"eed204c40f1e5a9782c8bb8e86eec082",1
"eed5786349da3d782f8fba3d69cfd0d9",3
"eed67ae2bf72d01ca6582251c8d2fca0",1
"eedea7ab478b6cc033a2e59b2876d0f0",1
"eeeffa7fc4820c8273d07433e85add82",1
"eefbab2047a251d42dc9c2b66b78cfb8",6
"eefe0d48eb4ae31442e288214d553442",5
"ef09c37c2a9c0d1dc69659adbe7f5b85",1
"ef0da184afa5a4b6f5010b4a7f9f7930",4
"ef151999c7adf729e6d8895bcf0dfbac",4
"ef15f6811e12234b890421fb03953432",1
"ef1e9cb9119fc7eca324a5c7eaf4bca9",1
"ef210e8d0af4c92993bb2ef59940030e",1
"ef2a557611986689774dd3de302a2a6d",2
"ef2b4e8dd87c67ce6419c2e8cb0ac8c3",1
"ef2e6fc33e82e1b78ac15c1e0f5e6da2",1
"ef3252c8990f4f3d0f3d5b68f748a5c8",1
"ef42b20ab4908ddf983c03b01805c4ac",6
"ef449ca58ce92fedefceda04df3f17f6",1
"ef4cd868df3f49df9b8a2200dcda207c",1
"ef598aaee75790a8bb4f9f551db56b91",1
"ef5aae2b647e750d3e116962945daf38",3
"ef5dfe2955165c8524300653f419f513",6
"ef6c391aee243e333cd9637a4467ad53",6
"ef6e550f98f05b5e4ab97283cd4c0329",4
"ef7487bf67e3a42804011fb4c48a2718",1
"ef77b03f1a5613008d86c847f4e3db89",1
"ef7b68d01453e9b737d91547e10ae619",4
"ef7fa737fc49a947c81b3766120c9d25",1
"ef889a7d4fbc35f00b0da63a54c76922",1
"ef975220eb5a25366026aa5a0b654906",6
"efa24e48d166583c92df3849fc15ccf9",1
"efa8747abdeef3c840653ee73c187322",1
"efb805b53bf58108e2558a10d3714ff0",1
"efc0b885951f9b1a8af7fab7201b8b11",5
"efc78b3c9f7ce00c931c68589400bb83",1
"efde5cfc57670f2c2563635229976c3d",1
"efe2e4f09d9221097ea31b50c7a69f0f",1
"efe9b63945de6777e8c2773f7f9629bf",1
"efee650d6da7a66f8ecea33e84b5bf2b",1
"eff282a4a70d2614948995d24099e03c",6
"eff2de49055bb81ae2340bc9e88fd460",2
"eff7d242cf73ca5d433964c2d82d8e2b",1
"f0013d1cc5ea003a0992ec5c839f78a2",1
"f0065c2978c65bedc0e281eb72ec443f",1
"f0119eed818d0604a802dab0fa6db3f2",1
"f030941950d526927b570928b6a71c76",1
"f040648a11b128f7b4d87ecfb3c673aa",1
"f0465b526f83367ff705f8f2ac349e09",6
"f04a4fe19666343fb527a115a2359599",1
"f0568d131f660ab843e7db19c1d80f5e",1
"f0744b465bc33ac2aab3c2f9403f711c",1
"f075ad61307f17446c1ffbf888214f92",6
"f07d66c2e4da07bee129e1c81899712b",1
"f082f587194d9a2ead4aad91feec0324",1
"f093d0e91a02c34cc39a4c7efb018c32",1
"f09ead21aef67c77c89690e901f99050",1
"f09ef21c473dc182ee0e8cd43e46ccbe",6
"f0a7aaf83b4cc710a2cc04c704cf1774",1
"f0a9e4dac18e235629bd79290f8c7aa2",1
"f0ba69ae9d9ecf39b67c0f7739e1731b",1
"f0bcd55aa2a07e60c498d5ffa17fc3b0",1
"f0c35bf9897ea4b76270f1c1102103ae",1
"f0c8e619d64feeeea2993f7953b2b0e3",1
"f0ce4b7473d97b9d4c5ff32f2fd31853",1
"f0d1e612f1eb91bc32f083072fe98ebd",1
"f0da5bb5dc89f5656f8ecb9f1529c969",1
"f0db10e11a32cc14c75efb93303f91c1",1
"f0dc378a5a45e20d32df95231fa0fe3e",1
"f0e72afd6ae4e45963684ee868623c22",1
"f0ed30ec7db31d06fc99b1f34277c948",1
"f0f8584a52324ae1f2fc6f7e0c306d0d",1
"f10b251e0ec30cf53e172fdab56528f2",1
"f1132c39b6648570ce291e70efc59e80",1
"f1196c25f9a9f8f8df7de4d174fbc080",1
"f120312edbab53c6515f123d2a834f31",1
"f12dce5953b4f18574ad5d4f19367437",1
"f1352f33df030610306ecf49306dc22d",6
"f14271facf5e15d23395ae0f9290bcd2",5
"f143b1d8ed3b2e22f36553b5669e8cdc",6
"f149dddee594f6cb2d8051c6d307a7de",1
"f14d9d51cbbac0a1424c1a9a2577bacd",6
"f150082160015a9203f65a0141bcda28",1
"f152d511489c6b91e5ff87f70fc376ea",6
"f15cd96ee162c7ac8c73155c597f4e0f",6
"f162dcc0d845098224261dc82d04cb8f",1
"f1721995b81a92d76f43fc8cfc922d24",6
"f181086ab524cfeab1f0352b965eae3e",1
"f186b4c8160ddd422e3d735802cc623b",6
"f18d90dffa190f166673b3a9d8dca865",6
"f18e849750d766238a3a4617863df06c",6
"f194f519f2e5658657eec0ac859bc85f",4
"f19c2b0a857c20bed3bb5d979ead0fd4",1
"f19e345a0b7a2736b88a7364bdf942e4",1
"f1b6251096393ac4e73f01231bcad9e0",1
"f1b6f203d447672dac65562e47e441ed",1
"f1bf28835a8a5f6f0bc5b250138092e7",1
"f1cbf4da4faf41e644dccf373becfa53",1
"f1d4e14f8e806c00710fc165fa6e6aa9",1
"f1de9dc1dfcb582d5767d049ffe68b28",1
"f1e1e23eb391a1bdf19d92eed5190b93",1
"f1e4a191aecf9db70d41228b2b5f91b4",1
"f1e7fc3f390789f8953a747d981d02e2",1
"f20c0bb064edbd1b4ba7d8f1549823bb",4
"f214716286ee3e7465a1d8dac4d0f3a7",1
"f215ba0001fedd8b3d7061b790437539",1
"f21bfb1739fdc901b6c750f71bba9e86",1
"f21d529a19c8b1fe99503248283aa2d7",1
"f2227636c204aeea7b35eae323f90c54",1
"f223eb02ebf811ab8eb65d552774cd19",1
"f22d36496541b2683f35e079ee58ee68",1
"f231b94f9add563e8b91fe237a4cb855",6
"f23fa0f06ecf7ab0852cd0e4ad547278",6
"f23ff27bda93b018125b078d638d7c0d",1
"f2408f1f5e243c4f571533cff3fe6f4a",1
"f2420aec3715fd40133ddf3bc53beaa4",1
"f24fb60172747915416c1a9ec87b7508",1
"f26076e6805f05d70d2f91820376fe03",1
"f2617ca8da272bcf896442d436353693",1
"f265f2d6b85f499cb1bdade33c6d6601",6
"f26c68281a9d12af8278bbf459f75a43",1
"f2702fa81c0ff4a77ed20f11d623cb66",6
"f27453d08efc1ef966e3bb1e72127d83",1
"f27de64df5dcc3f9f63f286a358d7734",6
"f2819833fcdf860a8677da8317afc9f2",1
"f28c0e06b07a3e569dfad1f2287dcdcb",1
"f29369eef2514d759b10350de96d7b34",1
"f29f858e2a8eac47c3f6ea4f628b078e",1
"f2a6f28416d54ea11e3440d1f6fa28ba",1
"f2ae53e5ef0a3bbb8db2187dd450eba2",1
"f2b528b80bcbe80caa6b4a3735ce9d47",1
"f2c61c18ecc19ea06ad71a26264b2afb",1
"f2ce4914434e2b8561520276a39d465e",1
"f2d0b55683ce9ab403bb79f146cf05dc",1
"f2eb7150521212fce96ef8a65c3ffd02",1
"f2ed863c73f711c758354721c4d7bb49",1
"f2f19735b6043168c6c0be522e8eb2f3",1
"f2f6741d5eb7a2386ad530cac2a17f2c",1
"f2f9f43879e121ddd54a1516096442a7",1
"f303603f8d15dc4bb371f9bba8f438da",1
"f30b18f28dfc9d4f0d16ec3bba3b3d05",1
"f3116021b6e085e38399633e0d8d11f8",2
"f31245966464a4e97501eabf42231aa9",1
"f31b0eb6195e7c95ebdf0b4867f1837f",6
"f3215692aecf605eff27327ad677d97c",6
"f32b6cedc4eef6e11742c27825de220c",1
"f3322af98eb7eae37ce77e6caf88706a",1
"f33a34a2c432dc539ae7d61f3bcca7e1",1
"f33ad69dedab41f6b73e3c7f466b8110",6
"f341b11b4ea52192b3994c321e00e5c8",1
"f34bb3ac6986d1358764053e8fb3dc05",1
"f34f95018009b64c34c22c678896d4b4",1
"f358a53665314743b81b7d6c33b8965e",1
"f35e2ae75d3593923becf59f5e98023f",1
"f3602937b8b6ea376e14dc588260b1d9",1
"f36630644b760bc404ebb733fea142d9",6
"f36d7bde1e89cb709bc885d3c338dc7c",1
"f378063ec8fef30e0af7697ad00d0fd1",1
"f37ea2da8829e54ef73b3486d2f1870b",1
"f3889455d3741d442b2df50376803c37",5
"f3b695025257c5b03aec5be627409ebe",1
"f3bf07c5777fa07d877d9def55268b20",1
"f3c1e2daffacd829c4f055f6115d0678",6
"f3c51628fa8a942c4943180dfe6cc5a8",4
"f3dc2050e4cf3b14f96eeecd47bb91a4",1
"f3dc54e1d463715af2e600748118fc06",1
"f3ddec0af574eb4a841f8e6aedc09710",1
"f3e19ea077ed49b78bcc7d875a567c70",1
"f3e62ae42f865626b7e831644bde1505",1
"f3ec99637f1cf591b8e72d2c6113b581",1
"f3ff0c525500a0d471b1dc742f6f9f88",1
"f41380430022fa920781353d52b81dab",4
"f426add8bc4c28cb03f1c3a74f708228",1
"f440cb2544426c82937f6bb4462c7759",1
"f4446ccc06aaeac928044a8cbb22945e",4
"f4492916517c07a9c2224c9b8db17255",1
"f44c632b3dff31094d086ad02453c478",1
"f44df005671f09b514efd468c41b6c0e",1
"f45fb4f27dc76ed512418b3a33416902",6
"f46283b3a63ed007e1ec5a0641034ee9",1
"f464adf48849fccf24d7afc3fc46d436",6
"f46a409a1870d8e150b243598bfd00e3",1
"f46adb07c4a8e1f443a8d901547d757b",4
"f470f890e35e46b8142ce2c086fb2cb4",1
"f472670dd342f0cfceff9e9dae592814",5
"f477f7c7e08a8f01fe6c3133f6cf8c1d",1
"f4836ea13ebb3ae272a64b5910178eee",1
"f484b42f8a9a36e751b34bf59dda289d",1
"f4873b08b33ede35bfae6719fdf0b5f1",1
"f489440be958887f3632bf9d1c7a66f2",1
"f49238d65eb2d16ba6e73347a47e3d3e",6
"f4927315625e24c4cb3a8d3459ac9980",2
"f492c5bf1ef8283ecf83e24ee6dbe968",6
"f4995d2e7257ee5b1472b948eeddceb5",6
"f49ace0581f853ab326264a6694a191c",6
"f4a6126fdea33df0537ef0bf5acb96e1",1
"f4c041ed64b9664a619e011749852146",1
"f4c0e7a369ab71c897363f0bace0c6b9",1
"f4cf1b80518ad5b9924471114c2652df",6
"f4cfaf65d058cdfe15ab4ced9fe901b5",1
"f4d8e86b657e81ba9dfbe586f83272ef",1
"f4e5a5c2bcee51927c309cdb15365603",6
"f4efb9daf5d87482ffdef584dbb7731f",2
"f52a640283d2ba40fc673f7df06fcbcd",1
"f52fe63b10e57b30f0630c66a7a4f517",6
"f53693fb4c8e6aa12db2b0fb02ebb951",5
"f53a02f5fdce218401f8c302481d93c9",1
"f53d21dffd6fd8bea87368df789571b2",2
"f53ded90201b22b97efd7236571fc767",6
"f5405e176df791be7f9b5f42de5cac5a",1
"f547499882385945f473c5957f1de9ed",1
"f55278db38b8047df9164dcd8a96e871",6
"f558a51b0a2427695df98f6418b899ca",1
"f5592c7a83e353a145de123734273e93",6
"f55c736dbe3ac2228117b2b2c2a9c301",1
"f56843c37d6d9ae2e591c7d1e03111b7",1
"f57b318ae939a26a94d03457d64ec89f",1
"f580ba1e7338944df72622932dabf9c3",1
"f584ef2a4a8ff16e1d8122d5c7edcf20",1
"f58860d17006cbdb6e526fc9ab188674",1
"f588b774504d803568a5ceb3a960ab50",1
"f58ac86cf892354c3fa5bf7a3c747de4",1
"f597928b93e8557810f221a6cc8ab8aa",2
"f59b97f7d5093880fb23991970b9400c",1
"f59f2f16e4ccfad87c2879f587994f50",1
"f5b1e2573b2a43d939b36c9d2cc2ae15",2
"f5bb270bcae2a0bea153c926c79f4620",5
"f5c496fce4af7669e99803604b81b915",1
"f5c6346e137582d50d8c734e125ff57e",1
"f5c7c386db311bd74db9dbf103a3b107",1
"f5cc84680f2978a6957182bd028bc83e",1
"f5d101a53e9d8cfd248b00a49572cba8",6
"f5dcf20557f194274fb8a621f984a7f7",3
"f5e032a1108b9b19e38d93d045a91855",1
"f5eef18bda42af7ee051969c334dfb47",1
"f5ef3951619a5bb18340e862cbfaf5ee",1
"f5f74dd3491885447faf2e915a464a41",1
"f628b9b961aeec103bee4bb51a0c80f1",1
"f62c78e797e30dd318bb734698ca34d2",6
"f631aa8d058ae8bf1611236e213724d9",1
"f63d4fdbbc7c557313faaed42f6c39bc",6
"f6460feb4de8a7e5684b66557cfce398",1
"f64c8201d40d4340c1050b9030c7cd02",4
"f651a91c7b761e484650bbd1f2920967",5
"f66145edfa2777f518e4b9607cc22009",1
"f6640f9bdff2a1e7103806e0993a7b45",1
"f667780242878241324988c1c21fdd0f",1
"f679046edbff1e42344e2f2eb8417564",1
"f679955dfc047799c2214e7a5d9c54f5",1
"f67afb7127e4014f46eb31a60c32bdc9",1
"f67ee3151093ae45ec395838d614482f",6
"f6884e263acf9fe85b8407e4c2750610",1
"f694a7a229322f968a43a4dd3a84a971",6
"f697b89afc2c2f0156243a3de7418793",6
"f69acb1d5d4591e637b06d52f3490d70",1
"f6a091c1c28e77f4ef7c0000572c963d",1
"f6a787426288ab3592e864b449999108",1
"f6b0681804b6b337f682208ff8b8d994",1
"f6b40bed4db0f6c1bba5641194f23de9",4
"f6c6b48f371d5c14df6c1962c334a0d8",1
"f6e1251d521ee2c5a1c87f958bb88cc8",1
"f6f052c1f607ac2682f06c2fba37a04a",1
"f6f56dc5f6c3aa1ec9d602f63fdccbf3",2
"f6fd9fb26065fcc6a811d571de2d4fb5",1
"f703ecf2d97d8a07845457388ac11418",1
"f7076188917437bb9474dc88bea863c1",1
"f70792ee334eb1959221046b3e304d9c",1
"f70d859cdcd578f4b3e0485e585ae436",6
"f71207903e4df6c01bc9f306473450dc",1
"f71218cd372a542b28dc5ab695e15fda",1
"f71d1a7ea113e105abe7a48068cfcda2",6
"f71d7cd029424e1bc147807e84e57ce4",6
"f72163b07f9edf79dff488b8446da998",1
"f725a72ba4705eaa3e788cfd2d6b4659",1
"f72c39c8dc96d469a6972bbc37e9575f",1
"f72e59845d2234354c527adb2078f3fa",1
"f72e8f1a643f1136ccdcd95e95af2ecd",1
"f73128d0a2ab62e99bb57f0f6ca48982",6
"f74b0e94974703855f0e4a341a07ea16",3
"f7519fc2dde884c35b85ec2c7a47fc2f",1
"f75843a215d9822a147fa07970f1352a",1
"f75a7d1a855e36223e3195ef6f98f72e",5
"f760fdd363d037c70f1272994aad428f",1
"f761e572804b6f92f5345c66c09bf70a",1
"f766b2a40c48617280bbb048a9da4fdd",1
"f767af935005206020b7337f2282228d",6
"f77026c9eaa50733bd21d29d17d9ede8",1
"f77034c5cbc051f6fdb6c1a771588c33",6
"f77264862ad41fc7cf22bd9807efcf11",4
"f775447a57f7d5fc50d6d7c094a3960c",1
"f77bd8ad169ae1ba620acb6e85a395eb",1
"f77caf4d5096ffe1cc50581f88563b27",6
"f7a62a6bd30767980efc817406ba8ecb",1
"f7b288bfdfb65d8cabc6b5aa894644a7",3
"f7c43a6f2f94e643a29382b90ffdbb07",1
"f7ce7094839c5edf2d8bb0acbba85d03",1
"f7d4adf2be9b2658570e5a7e544c8375",1
"f7e191c5e6fc7ec416e286794f1827bd",1
"f7e42f967874971a79946128a073ab25",6
"f7e5774497c9517b9aa5d5d71d4bfb05",1
"f7edb89f0ea1ff1d942e18a72a50d655",1
"f7f0d3c9767551b0990d17c985a1c9b5",4
"f7f1c34309c9bf99058a8298dc2439cd",5
"f803470b22c4ed0fc3a57d65063f1750",1
"f80647e10600e3e60d192bb31a6124db",4
"f8090c6f0b658d646ae7f661f3fe777e",1
"f811850eb8c8efc7e48653738072844a",1
"f8219b3d203c778b1cf91f70575b9fa1",1
"f8246b0bb82a3da6919e0aaf6c97499b",1
"f825ca84741e6f2a5313634ceb86871b",1
"f837efb574c51e294eb22069326da203",1
"f83cbf419f7e4a878397d05e7b68f09b",1
"f84340c83c41fb72c364e2f6a2e9ad2a",3
"f85330285b8e3703fccbdeaf0ae8811a",1
"f85774d7a8229a1f6de0739a796a453b",4
"f85ce218be8e973b37342a30e6b91a9d",1
"f86672fba77f7acef1aa53fc5837c90d",1
"f86d5468eeb6d98190cf3ad323b3c7bc",1
"f86dd7abd8a3e8fb10c53c28ad27ad6e",6
"f8a1f5290fc7995f60f37784597f3724",1
"f8a7f2dee2f374f68deab94688dd96d3",4
"f8a9ce44205a1996fa9b1d36901bbfb6",1
"f8b162848c65d6a39f1474f1eda1129f",1
"f8b6f37719c524341c82c596bbf31cff",1
"f8ba35139a841637d4dbf8092c5263ab",1
"f8bacf4aa14d9d98d5440e4ef6725878",1
"f8be4cce7aa58adc0c662d9eb8255e39",1
"f8d51104b0470804f35247ff5fe570b6",1
"f8ee2875f9875147dee2e23da98da8c5",1
"f8f554fc9ebb2cdad930194175c85916",2
"f8fa0fd0cf73e99240363254bbebfd11",6
"f904037a4269c104bca3d13e69065466",4
"f90adf8a62bca2ff70d537e56029b233",1
"f910d95a9b653e2482a7729e40d6f2a5",6
"f915cba1dba96e1f543ce7d1faa6f772",1
"f91e7d06af398aa5c72674f111697151",4
"f91ee04eb1f2c7965021e0636676e4be",1
"f92324fe8168f048abdd12c5c4e14369",1
"f9369851f5cdb378745446b85eb50737",1
"f939243ff52620709357f54a34640769",1
"f93ba7a0021ee588da52a47203f84b3e",1
"f940269425ee51bfe8e4500c2d4b68ec",1
"f94d62f1799b7e736ac93b6dc4faed74",1
"f957bbe1812a49f9c7531658870b538e",4
"f9643e1710de4708ff3f299052520497",1
"f96521d32bcd04ae9e8dbab651a1af9e",1
"f98ea88c76612316eded6ceccb2b0da5",1
"f99287d81517a196444e09d2cf85bca3",1
"f99afb1f5a155be57d4b3885e6eb1cf6",2
"f9a1a1eaf2ca8bcdd328ee0d65b1af81",1
"f9a354d562c6657da60642080c8526a0",6
"f9b4221ccddf0926e04c445db14c3853",2
"f9c29270c1802d13e9cab223eee88b93",1
"f9c8f62966fad893f5a26a3e20352670",5
"f9e2b80e292d5e815d296b43599b6e41",1
"f9e5a038e6dcf4a351609eafebd27938",1
"f9e725b867585a3947cc79f560e1c4d5",1
"f9ea1055c929358bdf6c45b31ab390a7",1
"f9f82cba0e41f0f4a58b2302bb191650",5
"f9f9c4b9cf4238d6266481a408cfc7bd",6
"f9fa0e61b7c85d12051d31e2d36f9392",1
"f9fb245703cbc604c8d7bccd8904fae4",1
"f9fcaac6b5d6d73a8994efc7e50a7af2",4
"fa04c3f5cc696148969321ae8b22faf3",1
"fa0597f2a9329679e3501987f49b8b8f",1
"fa143e2cd5cf77722911cb59a01c3a17",1
"fa1bcae6eb0edf73c5b1d522fb3cc3ff",1
"fa25bf1d64d0f6cbfb2d0afd975b5c8a",6
"fa2c0b04c25dd57381826072b4ce9eda",1
"fa2e1f12c16e50e481a222fe649b682d",4
"fa301ca63486392a2ca118dd0a701f30",1
"fa34e0404c5e68d48e35cc1b620679a1",1
"fa3689bf85d6e8abd8aa88ef6cb130c1",1
"fa3e82003bdd9dfb602220977e2ce7f7",3
"fa404ad7b3d3569c143cf5f9a09cfc3c",3
"fa410b453ebcfa40ebf8fc9450723e74",1
"fa455d134f0bad9e7db10709e346d7ad",1
"fa562c610fd121fa78ae9f942a604848",6
"fa62b172f188fbdae22a4d862aec35d6",1
"fa7a36f3a8e8d137d0f599f03c9e4cf5",1
"fa7eef8019ba5c3a7db79c9d169bfd1d",2
"fa877e87c9c2ca5acd94280142414f71",1
"fa8bb4271cf8f227f1d30ef81ffb9852",1
"fa8f7a6516a816182ce8d38a5c4e9e8e",1
"fa970303f35383aa6fa02523c5503d11",1
"fa995e717daa8c96ed462139b7473f26",1
"faac6b111945abc492178d4256aa305f",1
"fabe00f1699a3e1fa784f4d1fb6dadea",1
"facaf08c6347d0bbac5011d6466f0d65",1
"facaf3a555239dd63dfddeb3eab86464",1
"facc20d52ff7b2664c72de8f900d0043",1
"fade5e890be27ce33b980f45d0c7e666",1
"faead06be9af3a4f172006a71bdd9c7e",1
"faf9809506146fe6587b2b55884c8002",1
"fafb9a10e4cffacd240c150b063b904e",1
"fb00a694766147833a8e7cda789340bb",1
"fb05ad9fdedb46231d38a14cfb537a7b",6
"fb0750d4b7dfc6c9f9552cc7d47d6b1c",1
"fb08979d9542b631e3a207a0f31c9070",1
"fb0abf82c8077b683903f7123b44e6e1",5
"fb12b892aa8fecd025cacb204185b2e0",1
"fb1594c5622373c37428e02c80d2974e",1
"fb15cc998c95dbe2b5680f786920447c",3
"fb21b443afc0aaccde834fbf81d91f08",1
"fb23793e91bd92becb20b59d2d3248c4",1
"fb23837191b2c7ce79f8b5a63ad745c5",1
"fb2a22d9d13641dae4cd4c5546f29769",1
"fb31a4bfb109ce7678e2ad1f0d8813c2",1
"fb34b48b3e015ac6ecc47f7b117abfec",1
"fb418e493d2b1c3b5fda752f733c4124",1
"fb43753003d1349a81d1031fbf331507",6
"fb473b9d421722e35f4d2f5c7ab64a45",1
"fb480ff64722ab8a714dfc96982711a3",1
"fb4981d5a964b0939ce591e23dc1b93f",5
"fb4d2cb5527e7638fcb792045bbc83d3",1
"fb696dd67e1eb6f8d1c73e69a1c35af8",1
"fb740351c43089c5e5b2f54f4892500e",6
"fb81749af954f48d5ed64473e114f972",1
"fb85173902aa0034757da7fb1904163a",1
"fb91ae3fb01b2c6d2ed65db398197197",5
"fb99784ea94f82444442aaa583783184",1
"fb9a21e5e1c4612497777eb84c0fc363",1
"fba22fa15fcdb2fd81454f4d741879d0",1
"fba56a1e861b505f98129946ee3f4b4b",6
"fba5a93dd1df049784989d21075a81f5",1
"fbaa5fae82f979f8d1a6353daf00f610",6
"fbac150ad67f05055b81e239ce429953",1
"fbc1ceac8f497c15b94c3e91b4f85b61",1
"fbc2b39d6b038d18a2f6a78d93c85a03",1
"fbc3f2be06cceb6c6db88c9776808d85",6
"fbd10bc9ca37c37c598ed5e92c222839",1
"fbf47964ecb94557a943fc4be16d1981",1
"fbf5cee7397f21905af7589f11fa198d",1
"fc0631561c2a63f8c64dd749aa51e0b4",1
"fc0dfb785ab0884e8ca659af9f959be9",1
"fc1b4cfc52bee3087aabd8ce20387f5b",1
"fc3be2051ce4af407f90b9f227a29c42",6
"fc422ad6599af246d83fe9b146c3129e",2
"fc43e95e581fee941c00c7cc2723c4dc",1
"fc5036c52975eded83a079a1d3d76a6a",1
"fc51c6a0d4c5cb99d6c6d775795b569d",1
"fc5357a8f056f29561bdd96ea0656bab",1
"fc5bdc20e859350dc72948ea9858ed2d",4
"fc62dc29ab04a97356fb2758c47bc1ab",1
"fc66727be56ab3cbc7e93e542eab7fe1",1
"fc6cabd04106d44e12c656ab195ef0ee",1
"fc7057a440b932221e6b608f569928b3",5
"fc76ee091a772be35d5423a705b563a9",4
"fc7861f5d80b17a7c6f2e82ef96339fb",5
"fc7e66009e3b5819907a4b65c7feacb4",1
"fc81bb0fc9f09ce2f080031f9df78add",1
"fc8282e68cfb8877c0b4567680b1ee1b",6
"fc8478d068791d65329aa3bf50cd3474",1
"fc8a065d582a4664fdb70a079ba66a3c",1
"fc8cc98db8a37a8a636075061d49abfb",1
"fca2545f1f7000e2acbb0a02630ed74f",1
"fca9a672a6a69c146408487ec646fc34",6
"fcb055690fc9e41ba2a948ec619e2d60",6
"fcb8723c18ed7184ef22221f3f8609d3",1
"fcc7bd3b5c7312ffa774905614b79ca5",1
"fcd45b6902575ddb78678632500625ef",6
"fcd51433a34f6c35a2c5be25a2bb4d0a",6
"fce4db948c004f5c1295b4401ceab1da",1
"fceb61ac1414dd5c3021da955835c70b",1
"fcf68db32a7bb5b40dbdba4428e8a58a",1
"fcf7b556c7fb786f85c58218165fa222",1
"fd09bb64f00014e92cb492f0c02366ec",1
"fd0b16c124434879b8e9672b70361ff5",1
"fd111c4545fb9c00e12011a511a7c320",1
"fd11853ba0752d8fb4dc07602fe65ec1",6
"fd17fdf5f48d73b7e83f05f1dbd48793",6
"fd2298a46b26678027305b38f6b490ba",2
"fd3690fc79d7ee22030927c20941b6c6",1
"fd3855a4ef4503ff53c126324cada008",1
"fd3cf79393c7dd39404072cd8ef37d11",1
"fd3e5a65be2387bfb07003d099d5ac4c",1
"fd405d785a8eab0c52fdf33aecab6177",1
"fd40618edf450438d72c3c8c7c626ddb",6
"fd48b7934269d0659ff1d91101422081",1
"fd50d5d3304ace5c607f5db1ede66279",6
"fd52ff613758d1654b34360752a6fd8e",1
"fd5573215240152af914bcea7d98579f",1
"fd594847985ee3e99db560a72062b2b8",6
"fd626a6970a3e7c2d3e724b0c53d9e9a",6
"fd6405f2f6bbbcc72d242b1624710604",1
"fd65912b8ddf589aa0bc9889e53b6476",1
"fd65b049245b09d1b4b85a449fbd991a",1
"fd77d6404c8a96f0bbe5314cee4e66a5",1
"fd7ee981540ee8c969faa945213e1edf",1
"fd807f7038c22e931019554bb1070bed",1
"fd84d46f879fab0a6f78f02cc9e58cc6",1
"fd89254090f1b20baff690910ba983d2",1
"fd89ad8d7aa0789431ff9ce0f5a2096d",1
"fda7bf9d0a4d9ab8997dac9af9c0012b",1
"fdaa47b7224cf35638cc252277e10dcd",1
"fdac4d1a95af1fb92934408a57e087e0",1
"fdac6eb06a0585a546de2ab1f6b039f9",4
"fdae281e90cae086003722bd33b69eb2",1
"fdaf457cc45a0624d7ebb11b75aaefb1",3
"fdcc288dae74045223d42344498028c1",1
"fdd220b970360bae7aeb4dbc8cd9caf7",1
"fdd6b21b66ef069cd94904745cdabe03",1
"fddd1b2ddc1a511aa7fe81a1338bbb14",1
"fdded890f6b49ad3eaa4ae1d1178130b",1
"fdef55f06f7acfdb58f03dcfa16d7c2d",1
"fdf63f228a2957d4cf748191ef5ddbc0",2
"fdfac0cef36aad25bdaf2e2d0dc650e6",6
"fe074bafe99f8523a1fcd075879afc52",1
"fe14c652615e7aa431841b7b74c53f72",1
"fe20f0978c24330f9f41c4f881c20324",1
"fe278d874f90057275d9ebc3abed5c12",1
"fe2e6c94ab3aab402b3a3b98cd02a27c",1
"fe382ec76d4044f13426434c7f95a4b8",1
"fe479ab4b8b65b5c8cc9b5043922ed54",1
"fe4d75ff36f57f99bc78f696aa6ffdc8",6
"fe4e91631f151252fc85b7b116cdef9c",1
"fe4ed47e3125bc9ca01e9cf7b7de8f11",4
"fe620ad2f4e7e3625de2be36050a8a32",1
"fe665313d0e5e50c4b0b60c81ca05135",5
"fe67cff16b680cf21390e5636ad305a3",4
"fe6ddec8be32a5e3fbd1799b9ed8c4f0",3
"fe82b85a81793ad1c27ccf9e88d784d9",6
"fe86ce732c581d81bdfad3bea00358cf",1
"fe876a4f3b664df4595ca8fee608381a",6
"fe88cbfa74c827edcdf12b7b3acdec9f",1
"fe921c8247327ac79fae6e2504e42cb1",1
"fe9bff0e8da149b6e195bf951177ad0e",1
"fe9f1e11f27dc2507cc2d19df9b1e0d6",1
"fea24004cdfbe55b3f2d3b6feb386138",1
"fea6717b84672ecd86636d8efc31f0bf",1
"fea908036d67e81f7de0e16a08d9427b",3
"fea9947a5e679d88edc76277e984dcf8",1
"feaa7cf5ae62a2453f470744be3cfbac",1
"feb5f434e77b595e65d11af5cd99b0dc",1
"fec74416a380538646ef387914b62c46",1
"fecf76b29391c07d121037c1312b3ce8",1
"fedc04579b3e171b14e6da238eb777ad",1
"fede5b69acbeb69dc05efbfa58ded9eb",6
"fedfcb166c6dd4831199fe907cc9f8ab",6
"fedfe1fd7c301849b56072ffc834a41f",1
"fee3c1bd6c2a83ae09ffc82f90f98d5d",1
"fee4a7e6bc81bdaa4a12e984f9084abf",1
"feec91150d2f06bba9666666420b25b9",1
"ff0542b62d6e39c0cb34ce26031bcdd7",6
"ff0a9840b57961b9c91cda30fdde2cbd",5
"ff1f51587def7ef2dfb4f3f0afd02ea3",1
"ff2c812895e729253a8ab442cf2715ae",1
"ff31e592d5d2b3e7de046493b87a5f7e",4
"ff401fd07c92bc5a94dd9b7908a9d812",1
"ff41d5c4e1a033ed0463712b41a30308",6
"ff4a69b107c504956345db638b39a8a4",6
"ff4e6eba9c775bf9c43ca177aaf51610",1
"ff5b93841a2ad84e12072b6eabd18c0f",1
"ff6151d7cf6e7f6eadb3bee5b5559221",6
"ff6c4cc6c57ecff9bfc8459abe10ead1",1
"ff74325fb637f979bf83d97e88bcac49",5
"ff74b952c2bdc45351df4f8b21accc69",2
"ff8253370abe06cb805e472649938608",1
"ff83719afa292e12dddcec5416f2000b",1
"ff88f0560d5f87e5f03c2742b10f1c07",1
"ff8ecfb14ab7e4016a44933722a5d6f5",2
"ffa0f0b5092818bb5536f157b098456f",6
"ffa172db79f8908258f0fe97e1e2af19",1
"ffaeaf5f135b69b6c2cd4d04ccea57bc",4
"ffb37ef6fc6a1af09fd4044d787ea49e",1
"ffba6ec466ecaa0a299b0110ea433104",1
"ffbb91b9556e94ac8f43b6b9b192c330",1
"ffc6282ee88bd44234ba04bbe06cc734",1
"ffd2ef154806ad0fd2d067ac8acd2b5b",1
"ffd30182b88b8e625d2f1ed9d988088a",1
"ffd41090490fa7c288e791604cc296ca",1
"ffed033d317ba4c88716d8a391ab3a12",6
